level	no	word	gloss_short	gloss_full	score
lv1	1	will	意志／遺書	意志／遺書／遺言	0.765
lv1	2	do	間に合う／良い	間に合う／良い	0.755
lv1	3	time	時間／回数	時間／回数／倍	0.749
lv1	4	good	商品／利益	商品／利益／かなりの	0.732
lv1	5	first	第／の	第／の／初めて	0.731
lv1	6	way	方法／道	方法／道／点	0.721
lv1	7	even	さえも／さらに	さえも／さらに／偶数の	0.719
lv1	8	right	権利	権利／（場所や時の副詞を修飾して）ちょうど／正しい	0.716
lv1	9	work	機能する	機能する	0.716
lv1	10	well-being	健康／幸福	健康／幸福	0.715
lv1	11	still	まだ／それでも	まだ／それでも／静止した	0.712
lv1	12	life	人生／生活	人生／生活／生命	0.709
lv1	13	say	例えば	例えば	0.709
lv1	14	last	続く／持続する	続く／持続する／長持ちする	0.707
lv1	15	man-made	合成の／人工の	合成の／人工の	0.702
lv1	16	long	切望する	切望する	0.701
lv1	17	used	以前は～だった／よく～したものだ	以前は～だった／よく～したものだ／慣れている	0.700
lv1	18	state	州／状態	州／状態／国家	0.698
lv1	19	own	～を所有している／自分自身の	～を所有している／自分自身の／～を認める	0.694
lv1	20	end	結局～することになる／端	結局～することになる／端／終わり	0.688
lv1	21	found	～を設立する／～を創立する	～を設立する／～を創立する／～を築く	0.867
lv1	22	sure	確信して	確信して	0.687
lv1	23	free	自由な／無料の	自由な／無料の／暇な	0.683
lv1	24	second	二番目の／秒	二番目の／秒／おかわり	0.683
lv1	25	lot	多くの～／大量のもの	多くの～／大量のもの／区画	0.681
lv1	26	until	～まで	～まで	0.681
lv1	27	company	会社／仲間	会社／仲間／一緒にいること	0.765
lv1	28	real	本当の／本物の	本当の／本物の／現実の	0.680
lv1	29	thought	考え／思考	考え／思考	0.679
lv1	30	government	政府	政府	0.677
lv1	31	public	公の／大衆	公の／大衆／公衆の	0.677
lv1	32	care	世話／気にする	世話／気にする／世話をする	0.676
lv1	33	system	制度／組織	制度／組織／体系	0.676
lv1	34	case	場合／事実	場合／事実／事件	0.675
lv1	35	change	～を変える／変化	～を変える／変化／釣り銭	0.674
lv1	36	point	要点／言いたいこと	要点／言いたいこと	0.674
lv1	37	mean	～を意味する／意地悪な	～を意味する／意地悪な／意地の悪い	0.756
lv1	38	support	～を支持する／～を養う	～を支持する／～を養う／～を立証する	0.673
lv1	39	believe	～を信じる	～を信じる	0.671
lv1	40	head	向かう／～を率いる	向かう／～を率いる	0.671
lv1	41	on-the-job	実地の／職場での	実地の／職場での	0.670
lv1	42	line	列／行	列／行／線	0.669
lv1	43	order	命令／～を注文する	命令／～を注文する／注文	0.669
lv1	44	run	～を経営する／走る	～を経営する／走る	0.669
lv1	45	service	公共事業／事業	公共事業／事業／奉仕	0.669
lv1	46	general	一般的な／全体の	一般的な／全体の／一般	0.840
lv1	47	area	地域／領域	地域／領域	0.666
lv1	48	law	法律／国法	法律／国法／法則	0.666
lv1	49	whole	全体の	全体の	0.666
lv1	50	face	～に直面する／～の身に迫る	～に直面する／～の身に迫る／〈方向〉～向きである	0.665
lv1	51	per	～につき／～ごとに	～につき／～ごとに	0.665
lv1	52	story	階／物語	階／物語／～階建て	0.665
lv1	53	means	手段／収入	手段／収入／資力	0.836
lv1	54	within	～以内で	～以内で	0.664
lv1	55	early	早く／初期に	早く／初期に／早い	0.663
lv1	56	information	情報〈不可算〉	情報〈不可算〉	0.663
lv1	57	local	地元の／その土地の	地元の／その土地の／地元の人	0.663
lv1	58	post	～を投稿する／～を張る	～を投稿する／～を張る	0.663
lv1	59	social	社会の	社会の	0.662
lv1	60	court	法廷／裁判所	法廷／裁判所／宮廷	0.661
lv1	61	given	～を考慮すると／定められた	～を考慮すると／定められた／～仮定すると	0.661
lv1	62	mind	精神／心	精神／心／気にする	0.661
lv1	63	control	～を抑制する／支配する	～を抑制する／支配する／制御する	0.660
lv1	64	death	死	死	0.660
lv1	65	pay	～を支払う／支払う	～を支払う／支払う／割に合う	0.660
lv1	66	almost	ほとんど	ほとんど	0.659
lv1	67	history	歴史／履歴	歴史／履歴／歴史学	0.659
lv1	68	research	研究／調査	研究／調査／～を研究する	0.830
lv1	69	room	部屋／余地	部屋／余地／空間	0.659
lv1	70	win	勝つ／～に勝つ	勝つ／～に勝つ／～を獲得する	0.659
lv1	71	matter	問題／事柄	問題／事柄／重要である	0.737
lv1	72	remember	覚えている／～を覚えている	覚えている／～を覚えている／よろしく伝える	0.658
lv1	73	air	空気／空	空気／空／外見	0.657
lv1	74	probably	おそらく	おそらく	0.657
lv1	75	class	クラス／授業	クラス／授業／階級	0.656
lv1	76	close	近い	近い	0.656
lv1	77	idea	考え／思いつき	考え／思いつき／理解	0.656
lv1	78	possible	可能な／あり得る	可能な／あり得る／可能性のある	0.656
lv1	79	cause	原因／～を引き起こす	原因／～を引き起こす／理由	0.733
lv1	80	due	しかるべき／予定された	しかるべき／予定された／期日で	0.825
lv1	81	human	人間の	人間の	0.655
lv1	82	series	連続／一続き	連続／一続き	0.655
lv1	83	wait	待つ／仕える	待つ／仕える／給仕する	0.655
lv1	84	community	地域社会／社会	地域社会／社会／共同体	0.732
lv1	85	leave	休暇／～を出発する	休暇／～を出発する／～を残す	0.654
lv1	86	low	低い	低い	0.653
lv1	87	age	年齢／時代	年齢／時代／長い間	0.652
lv1	88	deal	～を処理する／～を商う	～を処理する／～を商う／～を分配する	0.821
lv1	89	rather	むしろ／かなり	むしろ／かなり	0.652
lv1	90	reason	理由／理性	理由／理性／根拠	0.729
lv1	91	turn	～の向きを変える	～の向きを変える	0.652
lv1	92	whether	～かどうか	～かどうか／～であろうとなかろうと	0.652
lv1	93	check	小切手／～を調べる	小切手／～を調べる／～を確かめる	0.651
lv1	94	form	形状／～を形成する	形状／～を形成する／用紙	0.651
lv1	95	act	行動する／行動	行動する／行動／法令	0.650
lv1	96	fire	～を解雇する／～を首にする	～を解雇する／～を首にする	0.650
lv1	97	fun	楽しみ／おもしろいこと	楽しみ／おもしろいこと	0.650
lv1	98	major	主要な／専攻する	主要な／専攻する／大きい	0.727
lv1	99	media	メディア／マスメディア	メディア／マスメディア／媒体	0.650
lv1	100	art	芸術／技術	芸術／技術／人文学	0.649
lv1	101	political	政治の／政治的な	政治の／政治的な	0.817
lv1	102	available	利用できる／手に入る	利用できる／手に入る／入手できる	0.816
lv1	103	education	教育	教育	0.648
lv1	104	former	元の／前の	元の／前の／以前の	0.816
lv1	105	ready	用意ができた／用意ができている	用意ができた／用意ができている／進んで～する	0.648
lv1	106	current	現在の／今の	現在の／今の／最新の	0.906
lv1	107	experience	経験／体験	経験／体験／～を経験する	0.647
lv1	108	meet	～に会う／～を満たす	～に会う／～を満たす	0.647
lv1	109	chance	機会／見込み	機会／見込み／可能性	0.646
lv1	110	process	過程／～を加工する	過程／～を加工する／処理する	0.646
lv1	111	clear	明らかな	明らかな	0.645
lv1	112	self	自己	自己	0.645
lv1	113	board	委員会／板	委員会／板／重役会	0.644
lv1	114	cost	費用／～を要する	費用／～を要する／～がかかる	0.644
lv1	115	instead	代わりに／その代わりに	代わりに／その代わりに	0.644
lv1	116	main	主要な	主要な	0.644
lv1	117	moment	瞬間	瞬間	0.644
lv1	118	department	部門／学科	部門／学科／省	0.643
lv1	119	fine	～に罰金を科す／すばらしい	～に罰金を科す／すばらしい／細かい	0.643
lv1	120	force	力／～に強いる	力／～に強いる／～を強制する	0.809
lv1	121	issue	問題／号	問題／号／発行	0.809
lv1	122	long-term	長期にわたる／長期的な	長期にわたる／長期的な	0.643
lv1	123	price	価格／物価	価格／物価／代償	0.643
lv1	124	rest	残り／休憩	残り／休憩／息	0.643
lv1	125	term	用語／期間	用語／期間／条件	0.718
lv1	126	miss	～を逃す／～に乗り遅れる	～を逃す／～に乗り遅れる／～を休む	0.642
lv1	127	project	計画／事業	計画／事業／企画	0.808
lv1	128	site	用地／場所	用地／場所／サイト	0.900
lv1	129	up-to-date	最新の	最新の	0.642
lv1	130	account	説明／口座	説明／口座／勘定	0.715
lv1	131	include	～を含む／含める	～を含む／含める	0.807
lv1	132	period	時代／期間	時代／期間／時限	0.641
lv1	133	position	位置／場所	位置／場所／立場	0.641
lv1	134	similar	似ている／似た	似ている／似た／類似した	0.715
lv1	135	total	全体の／完全な	全体の／完全な／まったくの	0.641
lv1	136	common	共通の／普通の	共通の／普通の／普及した	0.805
lv1	137	lead	～を導く／至る	～を導く／至る／～を送る	0.640
lv1	138	likely	ありそうな／～しそうだ	ありそうな／～しそうだ／しそうである	0.805
lv1	139	military	軍事の／軍の	軍事の／軍の／軍事的な	0.897
lv1	140	personal	個人的な	個人的な	0.640
lv1	141	security	安全／安全性	安全／安全性	0.640
lv1	142	share	～を共有する／～を分け合う	～を共有する／～を分け合う／～を共同で使う	0.714
lv1	143	county	郡／州	郡／州	0.639
lv1	144	happen	起こる／偶然～する	起こる／偶然～する／たまたまする	0.639
lv1	145	industry	産業／工業	産業／工業／勤勉	0.804
lv1	146	private	個人的な／個人の	個人的な／個人の／私的な	0.639
lv1	147	return	戻る／帰る	戻る／帰る	0.639
lv1	148	sense	感覚／意味	感覚／意味／分別	0.639
lv1	149	test	テスト／判断基準	テスト／判断基準	0.639
lv1	150	view	眺め／見解	眺め／見解／意見	0.713
lv1	151	event	出来事／事件	出来事／事件	0.638
lv1	152	present	現在の／プレゼント	現在の／プレゼント／出席している	0.638
lv1	153	result	結果／結果としてなる	結果／結果としてなる／結果として生ずる	0.711
lv1	154	wish	～と思う	～と思う	0.638
lv1	155	design	～を設計する／～を計画する	～を設計する／～を計画する	0.637
lv1	156	guess	～を推測する／～と思う	～を推測する／～と思う／推測	0.637
lv1	157	interest	興味／利子	興味／利子／利益	0.710
lv1	158	policy	政策／方針	政策／方針／主義	0.802
lv1	159	society	社会／協会	社会／協会／社会〈不可算〉	0.637
lv1	160	alone	1人で／～だけ	1人で／～だけ	0.636
lv1	161	average	平均の／普通の	平均の／普通の／平均	0.636
lv1	162	certain	確かな／確信して	確かな／確信して／ある	0.636
lv1	163	medical	医学の／医療の	医学の／医療の	0.636
lv1	164	performance	実行／業績	実行／業績／演技	0.636
lv1	165	press	～を押す／押す	～を押す／押す／強く求める	0.636
lv1	166	role	役割／役	役割／役	0.800
lv1	167	worth	～の価値がある／価値	～の価値がある／価値／～に値する	0.800
lv1	168	bill	請求書／法案	請求書／法案／勘定	0.799
lv1	169	exactly	正確に／〈会話で〉そのとおり	正確に／〈会話で〉そのとおり	0.635
lv1	170	ground	地面／根拠	地面／根拠／地上	0.635
lv1	171	provide	～を供給する／与える	～を供給する／与える	0.707
lv1	172	relationship	関係／親密な関係	関係／親密な関係	0.635
lv1	173	sound	音／健全な	音／健全な／堅実な	0.635
lv1	174	source	源／根源	源／根源／出所	0.635
lv1	175	value	価値／価値観	価値／価値観／～を重んじる	0.799
lv1	176	evidence	証拠／証拠〈不可算〉	証拠／証拠〈不可算〉	0.798
lv1	177	follow	～に従う／次に続く	～に従う／次に続く／～の後に続く	0.634
lv1	178	official	公式の／役人	公式の／役人／公用の	0.798
lv1	179	rate	割合／速度	割合／速度／～を評価する	0.706
lv1	180	save	～を救う／～を省く	～を救う／～を省く／～を貯める	0.634
lv1	181	stand	～を我慢する	～を我慢する	0.634
lv1	182	stuff	物／もの	物／もの／持ち物	0.798
lv1	183	tax	税金／税	税金／税	0.634
lv1	184	whatever	たとえ何を…しても	たとえ何を…しても／たとえ何が…であろうと	0.634
lv1	185	amount	量／～に達する	量／～に達する／結局～になる	0.633
lv1	186	fast	速い／固定した	速い／固定した／速く	0.633
lv1	187	federal	連邦の	連邦の	0.796
lv1	188	league	連盟／同盟	連盟／同盟	0.633
lv1	189	match	～に匹敵する／合う	～に匹敵する／合う／調和する	0.796
lv1	190	model	模範／モデル	模範／モデル／模型	0.633
lv1	191	trust	～を信頼する／～を信用する	～を信頼する／～を信用する／信用	0.796
lv1	192	central	中心的な	中心的な	0.632
lv1	193	forward	前方へ／～を転送する	前方へ／～を転送する	0.632
lv1	194	range	範囲／領域	範囲／領域／射程距離	0.887
lv1	195	review	批評／再検討	批評／再検討／復習	0.795
lv1	196	trade	貿易／商売	貿易／商売／取引	0.795
lv1	197	various	さまざまな／いくつかの	さまざまな／いくつかの	0.704
lv1	198	character	性格／特徴	性格／特徴／登場人物	0.702
lv1	199	chief	主な／第一の	主な／第一の／主要な	0.631
lv1	200	hate	～をひどく嫌う／～を嫌う	～をひどく嫌う／～を嫌う／憎む	0.631
lv1	201	lower	～を下げる	～を下げる	0.631
lv1	202	natural	当然の／自然の	当然の／自然の／生まれながらの	0.631
lv1	203	property	財産／特性	財産／特性／不動産	0.702
lv1	204	quality	質／質〈不可算〉	質／質〈不可算〉／特質	0.794
lv1	205	vote	投票／投票する	投票／投票する／投票結果	0.886
lv1	206	amazing	驚くべき／驚くほどの	驚くべき／驚くほどの	0.630
lv1	207	complete	完全な／～を完成させる	完全な／～を完成させる／～を完了する	0.793
lv1	208	involved	～に関係している／参加している	～に関係している／参加している	0.630
lv1	209	language	言語	言語	0.630
lv1	210	lord	神／高位の貴族	神／高位の貴族／支配者	0.630
lv1	211	related	関連した／関係のある	関連した／関係のある	0.630
lv1	212	serious	真剣な／深刻な	真剣な／深刻な／本気の	0.630
lv1	213	stage	段階	段階	0.630
lv1	214	add	～を加える／加える	～を加える／加える／増やす	0.629
lv1	215	article	記事／品物	記事／品物／条項	0.700
lv1	216	attack	～を襲う／攻撃する	～を襲う／攻撃する	0.629
lv1	217	entire	全体の／全部の	全体の／全部の／完全な	0.883
lv1	218	release	～を解放する／～を放出する	～を解放する／～を放出する／～を発表する	0.791
lv1	219	situation	状況／立場	状況／立場	0.629
lv1	220	technology	科学技術／技術	科学技術／技術／応用技術	0.700
lv1	221	code	暗号／規範	暗号／規範／規定	0.698
lv1	222	continue	続く／～を続ける	続く／～を続ける	0.628
lv1	223	council	議会／評議会	議会／評議会／会議	0.882
lv1	224	cover	～を覆う／～の範囲にわたる	～を覆う／～の範囲にわたる／～を報道する	0.628
lv1	225	election	選挙	選挙	0.628
lv1	226	financial	財政の／財政的な	財政の／財政的な／財界の	0.698
lv1	227	increase	増える／～を増やす	増える／～を増やす／増加	0.790
lv1	228	legal	法律の／合法の	法律の／合法の／法的な	0.790
lv1	229	lose	～を失う／負ける	～を失う／負ける／～に負ける	0.628
lv1	230	pick	～を選び取る／～を摘む	～を選び取る／～を摘む	0.628
lv1	231	race	人種／民族	人種／民族／競争	0.628
lv1	232	seem	～のように思われる	～のように思われる	0.628
lv1	233	sign	印／兆候	印／兆候／標識	0.628
lv1	234	staff	職員／社員	職員／社員／スタッフ	0.628
lv1	235	union	組合／労働組合	組合／労働組合／合併	0.790
lv1	236	career	経歴／職業	経歴／職業／職歴	0.697
lv1	237	figure	数字／人物	数字／人物／姿	0.789
lv1	238	loss	損失	損失	0.627
lv1	239	modern	現代の／近代的な	現代の／近代的な	0.627
lv1	240	safe	安全な	安全な	0.627
lv1	241	version	版／解釈	版／解釈／型	0.697
lv1	242	Internet	インターネット	インターネット	0.626
lv1	243	army	陸軍／軍隊	陸軍／軍隊	0.626
lv1	244	huge	巨大な／でっかい	巨大な／でっかい	0.696
lv1	245	practice	練習／実践	練習／実践／慣習	0.787
lv1	246	access	利用／入手	利用／入手／利用する権利	0.878
lv1	247	base	基礎／土台	基礎／土台／～の基礎を置く	0.625
lv1	248	mark	成績／～をつける	成績／～をつける／～に印をつける	0.625
lv1	249	offer	～を提供する／～を申し出る	～を提供する／～を申し出る／申し出	0.786
lv1	250	pass	～を通り過ぎる／～を抜く	～を通り過ぎる／～を抜く／～に受かる	0.625
lv1	251	risk	危険／リスク	危険／リスク／～を危険にさらす	0.625
lv1	252	district	地区／行政区	地区／行政区／区域	0.877
lv1	253	mine	鉱山／地雷	鉱山／地雷	0.693
lv1	254	minister	大臣／牧師	大臣／牧師／聖職者	0.877
lv1	255	note	メモ／注意する	メモ／注意する／注目する	0.624
lv1	256	recent	最近の	最近の	0.624
lv1	257	straight	まっすぐな	まっすぐな	0.624
lv1	258	culture	文化／教養	文化／教養／培養	0.692
lv1	259	pain	苦痛／痛み	苦痛／痛み／苦労	0.692
lv1	260	respect	～を尊敬する／尊敬	～を尊敬する／尊敬／尊重	0.692
lv1	261	specific	特定の／明確な	特定の／明確な／具体的な	0.784
lv1	262	standard	水準／基準	水準／基準／標準	0.692
lv1	263	charge	料金／責任	料金／責任／管理	0.691
lv1	264	create	～を創造する／～を引き起こす	～を創造する／～を引き起こす／～を創り出す	0.691
lv1	265	effect	影響／効果	影響／効果／結果	0.782
lv1	266	except	～を除いて／除いて	～を除いて／除いて／以外は	0.622
lv1	267	limited	限定された／わずかの	限定された／わずかの	0.622
lv1	268	recently	最近／近ごろ	最近／近ごろ	0.622
lv1	269	store	～を蓄える／～を保存する	～を蓄える／～を保存する	0.622
lv1	270	track	跡／足跡	跡／足跡／小道	0.691
lv1	271	via	～経由で／～媒介で	～経由で／～媒介で／～の手段によって	0.782
lv1	272	weight	体重／重さ	体重／重さ	0.622
lv1	273	allow	～を許す／～を許可する	～を許す／～を許可する／～が許す	0.781
lv1	274	beat	～を打ち負かす／打つ	～を打ち負かす／打つ／～を打つ	0.689
lv1	275	capital	資本／首都	資本／首都／大文字	0.689
lv1	276	committee	委員会	委員会	0.689
lv1	277	conference	会議／協議	会議／協議	0.781
lv1	278	expect	～を予期する／～を予想する	～を予期する／～を予想する／～と思う	0.689
lv1	279	normal	普通の	普通の	0.621
lv1	280	population	人口／個体数	人口／個体数／住民	0.621
lv1	281	potential	潜在的な／潜在能力	潜在的な／潜在能力／可能性を秘めた	0.873
lv1	282	text	メールを送る／文章	メールを送る／文章／メール	0.621
lv1	283	campaign	運動／軍事行動	運動／軍事行動／選挙活動	0.688
lv1	284	content	中身／内容	中身／内容／コンテンツ	0.688
lv1	285	credit	信用／功績	信用／功績／～を帰する	0.688
lv1	286	cross	～を横切る／機嫌の悪い	～を横切る／機嫌の悪い	0.620
lv1	287	despite	～にもかかわらず	～にもかかわらず	0.780
lv1	288	female	女性の／女性	女性の／女性／雌の	0.620
lv1	289	focus	焦点／集中する	焦点／集中する／焦点を当てる	0.780
lv1	290	individual	個人の／個人	個人の／個人／個々の	0.780
lv1	291	join	～に加わる／～をつなぐ	～に加わる／～をつなぐ／～とともにする	0.620
lv1	292	message	伝言／メッセージ	伝言／メッセージ	0.620
lv1	293	nearly	ほとんど／もう少しで	ほとんど／もう少しで	0.620
lv1	294	particular	特別の／特定の	特別の／特定の／ある特定の	0.780
lv1	295	previous	前の／以前の	前の／以前の	0.780
lv1	296	region	地域／領域	地域／領域／部位	0.871
lv1	297	section	部分／部門	部分／部門／地区	0.620
lv1	298	sort	～を分類する／種類	～を分類する／種類／種	0.688
lv1	299	travel	旅行する／移動する	旅行する／移動する／進む	0.620
lv1	300	consider	考慮する／～を見なす	考慮する／～を見なす／～を考慮する	0.778
lv1	301	positive	積極的な／確信している	積極的な／確信している／肯定的な	0.778
lv1	302	significant	重要な／重大な	重要な／重大な／意義深い	0.777
lv1	303	income	収入／所得	収入／所得	0.868
lv1	304	justice	正義／公正	正義／公正／司法	0.868
lv1	305	knowledge	知識／知っていること	知識／知っていること／認識	0.775
lv1	306	search	捜す／～を探す	捜す／～を探す／～を捜す	0.775
lv1	307	subject	科目／主題	科目／主題／被験者	0.775
lv1	308	author	著者／筆者	著者／筆者／作家	0.682
lv1	309	claim	～と主張する／～を要求する	～と主張する／～を要求する／主張する	0.865
lv1	310	fit	健康な／～に合う	健康な／～に合う／合う	0.682
lv1	311	judge	～を判断する／判断する	～を判断する／判断する／裁判官	0.773
lv1	312	material	材料／素材	材料／素材／生地	0.773
lv1	313	opportunity	機会／好機	機会／好機	0.773
lv1	314	secretary	秘書／長官	秘書／長官／事務局長	0.682
lv1	315	annual	1年間の／毎年の	1年間の／毎年の／年1回の	0.772
lv1	316	contract	契約／協定	契約／協定／～を契約する	0.864
lv1	317	insurance	保険／保険料	保険／保険料／保険金	0.864
lv1	318	physical	身体の／物理的な	身体の／物理的な／身体的な	0.772
lv1	319	stupid	ばかな／愚かな	ばかな／愚かな	0.680
lv1	320	administration	行政／管理	行政／管理／経営	0.679
lv1	321	approach	～に取り組む／～に接近する	～に取り組む／～に接近する／近づく	0.771
lv1	322	cancer	癌／ガン	癌／ガン／～がん	0.679
lv1	323	civil	市民の／民間の	市民の／民間の／一般市民の	0.771
lv1	324	independent	独立した／自立した	独立した／自立した／独立している	0.771
lv1	325	stock	株／在庫品	株／在庫品／蓄え	0.862
lv1	326	wonder	かなと思う／驚く	かなと思う／驚く／～と思う	0.679
lv1	327	effort	努力	努力	0.678
lv1	328	imagine	～を想像する／想像する	～を想像する／想像する／推測する	0.678
lv1	329	impact	影響／衝撃	影響／衝撃／衝突	0.678
lv1	330	lack	不足／～を欠く	不足／～を欠く／～に欠けている	0.678
lv1	331	address	～に演説する／住所	～に演説する／住所／～に対処する	0.768
lv1	332	analysis	分析	分析	0.677
lv1	333	thus	それゆえ／このように	それゆえ／このように／それ故に	0.677
lv1	334	congress	議会／会議	議会／会議／国会	0.675
lv1	335	doubt	～を疑う／疑い	～を疑う／疑い／ではないと思う	0.675
lv1	336	notice	～に気づく／気づく	～に気づく／気づく／～に気がついている	0.675
lv1	337	overall	全体的な／総合的な	全体的な／総合的な／全面的な	0.767
lv1	338	crime	犯罪／罪	犯罪／罪／違法行為	0.766
lv1	339	award	賞／～にを授与する	賞／～にを授与する／授与	0.764
lv1	340	challenge	～に異議を唱える／課題	～に異議を唱える／課題／～に挑む	0.673
lv1	341	eventually	結局／ついに	結局／ついに／結局は	0.856
lv1	342	otherwise	さもなければ／そうでなければ	さもなければ／そうでなければ／それ以外は	0.673
lv1	343	purpose	目的	目的	0.673
lv1	344	theory	理論／学説	理論／学説／原理	0.856
lv1	345	avoid	～を避ける／～を回避する	～を避ける／～を回避する	0.763
lv1	346	cell	細胞／独房	細胞／独房／電池	0.855
lv1	347	economy	経済／節約	経済／節約／経済圏	0.763
lv1	348	environment	環境／周囲	環境／周囲	0.763
lv1	349	mass	大衆／大量	大衆／大量／集団	0.763
lv1	350	mission	使命／任務	使命／任務／使節団	0.763
lv1	351	status	地位／状態	地位／状態／社会的地位	0.855
lv1	352	trial	裁判／試み	裁判／試み／試験	0.855
lv1	353	complex	複雑な／複合の	複雑な／複合の／複合体	0.853
lv1	354	murder	殺人／殺害する	殺人／殺害する／殺人の	0.762
lv1	355	attempt	～を試みる／試み	～を試みる／試み／企てる	0.852
lv1	356	exchange	交換する／～を交換する	交換する／～を交換する／交換	0.669
lv1	357	mobile	可動式の／流動的な	可動式の／流動的な／携帯電話	0.669
lv1	358	species	種／種類	種／種類／種〈単複同形〉	0.852
lv1	359	demand	～を要求する／要求	～を要求する／要求／需要	0.759
lv1	360	structure	構造／体系	構造／体系／構造物	0.851
lv1	361	wind	曲がりくねる／曲がる	曲がりくねる／曲がる／～を巻く	0.668
lv1	362	mental	精神の／知力の	精神の／知力の／頭の	0.758
lv1	363	realize	～を実現する／理解する	～を実現する／理解する／～を悟る	0.666
lv1	364	scale	規模／程度	規模／程度／体重計	0.666
lv1	365	surface	表面／外見	表面／外見／表層	0.758
lv1	366	benefit	利益／恩恵	利益／恩恵／手当	0.757
lv1	367	budget	予算／経費	予算／経費／安い	0.848
lv1	368	estate	財産／不動産	財産／不動産／地所	0.665
lv1	369	faith	信頼／信仰	信頼／信仰／信用	0.848
lv1	370	feature	特徴／特集記事	特徴／特集記事／～を特集する	0.848
lv1	371	fund	資金／基金	資金／基金／～に資金を出す	0.848
lv1	372	apply	申し込む／～を適用する	申し込む／～を適用する／当てはまる	0.755
lv1	373	authority	当局／権威	当局／権威／権限	0.755
lv1	374	basis	基礎／根拠	基礎／根拠／基準	0.847
lv1	375	gain	～を得る／～を増す	～を得る／～を増す／利益	0.755
lv1	376	prime	最も重要な／主要な	最も重要な／主要な／最重要な	0.664
lv1	377	soul	魂／精神	魂／精神／人	0.664
lv1	378	spread	広がる／～を広げる	広がる／～を広げる／～を広める	0.755
lv1	379	supply	～を供給する／供給	～を供給する／供給	0.847
lv1	380	waste	～を浪費する／無駄	～を浪費する／無駄／浪費	0.664
lv1	381	method	方法／体系	方法／体系／秩序	0.662
lv1	382	option	選択肢／選択	選択肢／選択／選択の自由	0.754
lv1	383	prison	刑務所	刑務所	0.662
lv1	384	bet	きっと～だと思う／～を賭ける	きっと～だと思う／～を賭ける／～と確信する	0.753
lv1	385	cast	～を投げる／～を投じる	～を投げる／～を投じる／投げかける	0.661
lv1	386	correct	正しい／～を訂正する	正しい／～を訂正する／正確な	0.753
lv1	387	firm	確固たる／会社	確固たる／会社／固い	0.753
lv1	388	handle	～を処理する／～を扱う	～を処理する／～を扱う／～に対処する	0.661
lv1	389	improve	～を改善する／～を向上させる	～を改善する／～を向上させる／よくなる	0.753
lv1	390	negative	否定の／否定的な	否定の／否定的な／消極的な	0.753
lv1	391	prevent	～を妨げる／～を防ぐ	～を妨げる／～を防ぐ／～をさまたげる	0.753
lv1	392	advantage	利点／有利な点	利点／有利な点／優勢	0.751
lv1	393	aware	気づいて／気づいている	気づいて／気づいている／意識している	0.751
lv1	394	decide	決める／～を決定する	決める／～を決定する／～を決める	0.751
lv1	395	function	機能／機能する	機能／機能する／関数	0.751
lv1	396	influence	影響／～に影響を与える	影響／～に影響を与える／～に影響を及ぼす	0.751
lv1	397	produce	～を生産する／～を取り出す	～を生産する／～を取り出す／産出する	0.751
lv1	398	progress	進歩／前進	進歩／前進／進歩する	0.751
lv1	399	require	～を要求する／～を必要とする	～を要求する／～を必要とする／必要とする	0.751
lv1	400	background	背景／経歴	背景／経歴／生い立ち	0.659
lv1	401	concept	概念／考え	概念／考え／コンセプト	0.750
lv1	402	labor	労働／労働者	労働／労働者／労働力	0.750
lv1	403	patient	患者／忍耐強い	患者／忍耐強い／我慢強い	0.750
lv1	404	prove	～を証明する／判明する	～を証明する／判明する／～だとわかる	0.842
lv1	405	rare	珍しい／まれな	珍しい／まれな／稀な	0.750
lv1	406	stick	くっつく／固執する	くっつく／固執する／～を貼り付ける	0.657
lv1	407	vehicle	乗り物／車	乗り物／車／伝達手段	0.749
lv1	408	volume	容積／量	容積／量／体積	0.657
lv1	409	aid	～を援助する／助ける	～を援助する／助ける／援助	0.656
lv1	410	develop	発達する／～を開発する	発達する／～を開発する／～を発達させる	0.656
lv1	411	raise	～を上げる／～を育てる	～を上げる／～を育てる／増やす	0.656
lv1	412	suggest	～を提案する／～を示唆する	～を提案する／～を示唆する／～と提案する	0.748
lv1	413	treat	～を扱う／～を治療する	～を扱う／～を治療する／～におごる	0.748
lv1	414	appreciate	～を理解する／正しく評価する	～を理解する／正しく評価する／～を正当に評価する	0.655
lv1	415	edge	端／刃	端／刃／周辺	0.655
lv1	416	evil	邪悪な／悪い	邪悪な／悪い／有害な	0.838
lv1	417	religion	宗教／信仰	宗教／信仰／信条	0.746
lv1	418	strategy	戦略／方策	戦略／方策	0.838
lv1	419	web	巣／ウェブ	巣／ウェブ／クモの巣	0.746
lv1	420	audience	聴衆／観客	聴衆／観客／観衆	0.745
lv1	421	core	核心／中心	核心／中心／芯	0.653
lv1	422	exist	存在する／生存する	存在する／生存する	0.745
lv1	423	medicine	薬／医学	薬／医学	0.653
lv1	424	mention	～に言及する／～について述べる	～に言及する／～について述べる／～と言う	0.745
lv1	425	nuclear	核の／原子力の	核の／原子力の／原子力利用の	0.837
lv1	426	reduce	～を減らす／削減する	～を減らす／削減する／～を変える	0.745
lv1	427	solid	固体の／しっかりした	固体の／しっかりした／硬い	0.837
lv1	428	stress	ストレス／～を強調する	ストレス／～を強調する／強調	0.653
lv1	429	emergency	緊急／緊急事態	緊急／緊急事態／緊急の	0.652
lv1	430	fuel	燃料／勢いを増加させるもの	燃料／勢いを増加させるもの／～を大きくする	0.835
lv1	431	initial	最初の／初めの	最初の／初めの／初期の	0.835
lv1	432	proper	適切な／適度の	適切な／適度の／正式の	0.744
lv1	433	quarter	地域／分の	地域／分の／四分の一	0.744
lv1	434	session	集まり／会期	集まり／会期／期間	0.652
lv1	435	transfer	～を移す／乗り換える	～を移す／乗り換える／転勤する	0.835
lv1	436	willing	いとわない／快く～する	いとわない／快く～する／～をいとわない	0.835
lv1	437	alternative	代替の／選択肢	代替の／選択肢／代わりのもの	0.742
lv1	438	bear	～に耐える／～を抱く	～に耐える／～を抱く／～を産む	0.651
lv1	439	capacity	能力／容量	能力／容量／収容能力	0.742
lv1	440	climate	気候／状況	気候／状況	0.651
lv1	441	duty	義務／関税	義務／関税／職務	0.834
lv1	442	purchase	～を購入する／購入	～を購入する／購入	0.834
lv1	443	remove	～を取り除く／取り去る	～を取り除く／取り去る／～を移す	0.742
lv1	444	vice	悪／悪徳	悪／悪徳／副～	0.651
lv1	445	border	国境／境界	国境／境界／境界線	0.650
lv1	446	command	命令／～を見渡せる	命令／～を見渡せる／～を命じる	0.741
lv1	447	crew	乗組員／乗組員たち	乗組員／乗組員たち／チーム	0.650
lv1	448	ensure	～を確実にする／～を守る	～を確実にする／～を守る／保証する	0.741
lv1	449	profit	利益／収益	利益／収益／もうけ	0.741
lv1	450	suit	～に似合う／～に合う	～に似合う／～に合う／～に適している	0.650
lv1	451	debt	借金／負債	借金／負債／恩義	0.832
lv1	452	domestic	国内の／家庭の	国内の／家庭の／家庭内の	0.832
lv1	453	honor	名誉／光栄	名誉／光栄／～を賞賛する	0.740
lv1	454	launch	～を始める／～を開始する	～を始める／～を開始する／～を売り出す	0.740
lv1	455	minimum	最小限度／最小	最小限度／最小／最小限の	0.648
lv1	456	native	母国の／出生地の	母国の／出生地の／生まれた土地の	0.740
lv1	457	ray	光線／放射線	光線／放射線／ひらめき	0.648
lv1	458	supreme	最高の／最大の	最高の／最大の	0.740
lv1	459	survey	調査／～を調査する	調査／～を調査する／～を見渡す	0.740
lv1	460	ancient	古代の／古びた	古代の／古びた／大昔の	0.739
lv1	461	express	～を表現する／～を表す	～を表現する／～を表す／表に出す	0.739
lv1	462	Muslim	イスラム教徒／イスラム教の	イスラム教徒／イスラム教の	0.646
lv1	463	appeal	訴える／魅力	訴える／魅力／人気	0.737
lv1	464	appropriate	適切な	適切な	0.829
lv1	465	device	装置／機器	装置／機器／方策	0.646
lv1	466	era	時代	時代	0.737
lv1	467	factor	要因／要素	要因／要素	0.737
lv1	468	feed	～に食べ物を与える	～に食べ物を与える／～にエサをやる／～にえさを与える	0.737
lv1	469	grant	～を認める／～にを与える	～を認める／～にを与える／～を与える	0.737
lv1	470	abuse	虐待／乱用	虐待／乱用／乱用する	0.828
lv1	471	candidate	候補／志願者	候補／志願者／候補者	0.828
lv1	472	internal	内部の／国内の	内部の／国内の／内側の	0.828
lv1	473	perform	～を行う／～を遂行する	～を行う／～を遂行する／～を演じる	0.736
lv1	474	strike	～を打つ／～に印象を与える	～を打つ／～に印象を与える／～を襲う	0.644
lv1	475	advance	進歩／前進する	進歩／前進する／進歩する	0.735
lv1	476	confidence	自信／信頼	自信／信頼／秘密	0.735
lv1	477	equal	等しい／平等な	等しい／平等な／匹敵する	0.643
lv1	478	fake	偽の／偽物の	偽の／偽物の／見せかけだけの	0.735
lv1	479	maintain	～を維持する／～を主張する	～を維持する／～を主張する／主張する	0.643
lv1	480	measure	～を測る／基準	～を測る／基準／程度	0.735
lv1	481	numerous	非常に数の多い／多数の	非常に数の多い／多数の／多くの	0.826
lv1	482	split	分裂する／～を割る	分裂する／～を割る／分割する	0.643
lv1	483	task	仕事／任務	仕事／任務／仕事〈可算〉	0.735
lv1	484	urban	都市の／都会の	都市の／都会の／都会的な	0.643
lv1	485	approximately	おおよそ／およそ	おおよそ／およそ／約	0.642
lv1	486	conflict	争い／対立	争い／対立／論争	0.825
lv1	487	debate	討論／論争	討論／論争／～を討論する	0.733
lv1	488	fault	責任／欠点	責任／欠点／過失	0.642
lv1	489	phase	段階／局面	段階／局面／面	0.733
lv1	490	pure	純粋な／純	純粋な／純／潔白な	0.642
lv1	491	revenue	歳入／収益	歳入／収益／収入	0.733
lv1	492	secure	～を確保する／安全な	～を確保する／安全な／安全で	0.642
lv1	493	talent	才能	才能	0.642
lv1	494	temperature	気温／体温	気温／体温／温度	0.642
lv1	495	besides	～に加えて／そのうえ	～に加えて／そのうえ／それに加えて	0.641
lv1	496	blame	～を責める／～の責任を負わせる	～を責める／～の責任を負わせる／～を非難する	0.824
lv1	497	context	状況／文脈	状況／文脈／背景	0.824
lv1	498	determine	～を決定する／～を正確に知る	～を決定する／～を正確に知る／～を決める	0.824
lv1	499	display	～を展示する／～を示す	～を展示する／～を示す／～を発揮する	0.641
lv1	500	false	偽の／誤った	偽の／誤った／間違った	0.732
lv1	501	incredible	信じられない／すばらしい	信じられない／すばらしい／驚くほどの	0.824
lv1	502	novel	斬新な／小説	斬新な／小説／目新しい	0.641
lv1	503	obvious	明白な／明らかな	明白な／明らかな	0.824
lv1	504	surgery	手術／外科	手術／外科／外科手術	0.732
lv1	505	crisis	危機／難局	危機／難局	0.823
lv1	506	editor	編集者／編集長	編集者／編集長	0.639
lv1	507	minor	小さい／重要でない	小さい／重要でない／年少の	0.731
lv1	508	struggle	懸命の努力／闘い	懸命の努力／闘い／奮闘	0.823
lv1	509	tiny	～とても小さな／ちっぽけな	～とても小さな／ちっぽけな／ちっちゃな	0.639
lv1	510	capable	能力がある／有能な	能力がある／有能な／力がある	0.821
lv1	511	desire	願望／～を強く望む	願望／～を強く望む／欲望	0.730
lv1	512	draft	下書き／草稿	下書き／草稿／為替手形	0.638
lv1	513	essential	必要不可欠な／本質的な	必要不可欠な／本質的な／重要な	0.821
lv1	514	familiar	精通している／知られた	精通している／知られた／よく知られた	0.730
lv1	515	guilty	有罪の／罪悪感のある	有罪の／罪悪感のある／罪の意識がある	0.730
lv1	516	medium	媒体／手段	媒体／手段／メディア	0.638
lv1	517	recommend	～を勧める／～を推薦する	～を勧める／～を推薦する／勧める	0.638
lv1	518	relevant	適切な／関係がある	適切な／関係がある／関連のある	0.821
lv1	519	seek	～を求める／～を探し求める	～を求める／～を探し求める／～を追い求める	0.730
lv1	520	upset	～を動揺させる／動揺している	～を動揺させる／動揺している／～をひっくり返す	0.730
lv1	521	extreme	極端な／極度の	極端な／極度の／過激な	0.637
lv1	522	facility	施設／設備	施設／設備／機能	0.820
lv1	523	republic	共和国／共和制	共和国／共和制	0.637
lv1	524	row	列／通り	列／通り／～をこぐ	0.637
lv1	525	statistics	統計／統計学	統計／統計学／統計〈複数扱い〉	0.820
lv1	526	territory	領土／領域	領土／領域／テリトリー	0.820
lv1	527	threat	脅威／兆し	脅威／兆し／脅迫	0.637
lv1	528	affect	～に影響する／～に影響を及ぼす	～に影響する／～に影響を及ぼす／～を感動させる	0.819
lv1	529	bond	きずな／債券	きずな／債券／絆	0.727
lv1	530	corporation	企業／法人	企業／法人	0.727
lv1	531	deserve	～に値する／当然だ	～に値する／当然だ	0.819
lv1	532	gender	性別／性	性別／性／ジェンダー	0.819
lv1	533	instance	例／実例	例／実例／場合	0.635
lv1	534	register	登録する／～を登録する	登録する／～を登録する／～を記録する	0.727
lv1	535	rural	田舎の／田園の	田舎の／田園の	0.819
lv1	536	typical	典型的な／特有の	典型的な／特有の／らしい	0.727
lv1	537	admit	～を認める／認める	～を認める／認める／～と認める	0.817
lv1	538	attitude	態度／考え方	態度／考え方／姿勢	0.726
lv1	539	favor	～を好む／好意	～を好む／好意／親切な行為	0.726
lv1	540	load	～に積む／荷物	～に積む／荷物／～に負わせる	0.817
lv1	541	plot	陰謀／筋	陰謀／筋／筋書き	0.726
lv1	542	random	無作為の／無作為な	無作為の／無作為な／任意の	0.726
lv1	543	rent	～を賃借りする／～を賃貸しする	～を賃借りする／～を賃貸しする／～を借りる	0.634
lv1	544	replace	～を取り替える／～に取って代わる	～を取り替える／～に取って代わる／～にとって代わる	0.726
lv1	545	represent	～を表す／～を代表する	～を表す／～を代表する／～を象徴する	0.726
lv1	546	accurate	正確な／精密な	正確な／精密な	0.724
lv1	547	achieve	～を達成する／～を成し遂げる	～を達成する／～を成し遂げる	0.724
lv1	548	afford	～を持つ余裕がある／余裕がある	～を持つ余裕がある／余裕がある／～する余裕がある	0.724
lv1	549	assume	～を引き受ける／当然と思う	～を引き受ける／当然と思う／～と思い込む	0.633
lv1	550	category	範疇／部類	範疇／部類／区分	0.724
lv1	551	chemical	化学の／化学的な	化学の／化学的な／化学物質	0.724
lv1	552	detail	詳細／細部	詳細／細部	0.724
lv1	553	diet	食事／国会	食事／国会／食べ物	0.724
lv1	554	item	項目／品目	項目／品目／～個	0.633
lv1	555	mess	乱雑／混雑	乱雑／混雑／めちゃくちゃ	0.633
lv1	556	permanent	永続的な／永久	永続的な／永久／不変の	0.724
lv1	557	prefer	～をより好む／～のほうを好む	～をより好む／～のほうを好む／～を好む	0.724
lv1	558	scheme	計画／陰謀	計画／陰謀／体系	0.816
lv1	559	shift	～を変える／変わる	～を変える／変わる／移す	0.816
lv1	560	tend	傾向がある／～する傾向にある	傾向がある／～する傾向にある／～する傾向がある	0.724
lv1	561	tight	きつい／引き締まった	きつい／引き締まった／厳しい	0.633
lv1	562	combat	戦闘／対立	戦闘／対立／戦う	0.632
lv1	563	describe	～を説明する／～を描写する	～を説明する／～を描写する／～について述べる	0.723
lv1	564	excuse	言い訳／～を大目に見る	言い訳／～を大目に見る／理由	0.632
lv1	565	identify	～を特定する／～を同一視する	～を特定する／～を同一視する／身元を特定する	0.815
lv1	566	object	反対する／対象	反対する／対象／目的	0.632
lv1	567	personnel	職員／社員	職員／社員／人員部	0.723
lv1	568	perspective	観点／見方	観点／見方／展望	0.815
lv1	569	pregnant	妊娠した／妊娠している	妊娠した／妊娠している／満ちている	0.723
lv1	570	promote	～を促進する／昇進する	～を促進する／昇進する／出世する	0.723
lv1	571	revolution	革命／回転	革命／回転／改革	0.723
lv1	572	severe	厳しい／ひどい	厳しい／ひどい／猛烈な	0.815
lv1	573	suppose	～と思う／思う	～と思う／思う／～だと思う	0.723
lv1	574	victim	被害者／犠牲者	被害者／犠牲者／犠牲	0.815
lv1	575	arrest	～を逮捕する／逮捕する	～を逮捕する／逮捕する／逮捕する：逮捕	0.722
lv1	576	attend	～に出席する／世話する	～に出席する／世話する／通う	0.630
lv1	577	ban	～を禁止する／～を締め出す	～を禁止する／～を締め出す／禁止〈可算〉	0.814
lv1	578	brilliant	すばらしい／頭のいい	すばらしい／頭のいい／輝いている	0.722
lv1	579	crash	衝突する／激突する	衝突する／激突する／墜落する	0.722
lv1	580	deliver	～を配達する／～をする	～を配達する／～をする／配達する	0.630
lv1	581	legislation	法律／立法	法律／立法／法律〈不可算〉	0.630
lv1	582	manner	方法／作法	方法／作法／行儀	0.722
lv1	583	origin	起源／源	起源／源／出生	0.722
lv1	584	prepare	～の準備をする／準備をする	～の準備をする／準備をする／準備する	0.630
lv1	585	retail	小売り／小売りの	小売り／小売りの／小売り〈不可算〉	0.722
lv1	586	shame	残念なこと／恥	残念なこと／恥	0.722
lv1	587	somewhat	いくぶん／多少	いくぶん／多少／やや	0.722
lv1	588	tip	助言／チップ	助言／チップ／先端	0.630
lv1	589	absolute	絶対的な／完全な	絶対的な／完全な	0.629
lv1	590	calm	冷静な／落ち着いた	冷静な／落ち着いた／～を落ち着かせる	0.629
lv1	591	client	依頼人／顧客	依頼人／顧客／得意客	0.629
lv1	592	empire	帝国	帝国	0.629
lv1	593	incident	出来事／事件	出来事／事件／紛争	0.812
lv1	594	manage	～を経営する／何とかして～する	～を経営する／何とかして～する／～をなんとか成し遂げる	0.629
lv1	595	quit	～をやめる／やめる	～をやめる／やめる／～を去る	0.721
lv1	596	sight	光景／視力	光景／視力／見ること	0.721
lv1	597	weapon	兵器／武器	兵器／武器	0.721
lv1	598	anniversary	記念日	記念日	0.628
lv1	599	portion	部分／1人前	部分／1人前／1盛り	0.719
lv1	600	protein	たんぱく質／タンパク質	たんぱく質／タンパク質	0.628
lv1	601	raw	生の／未加工の	生の／未加工の／加工していない	0.811
lv1	602	reform	改革／～を改革する	改革／～を改革する／改善する	0.811
lv1	603	respond	反応する／応答する	反応する／応答する／返答する	0.719
lv1	604	somehow	どういうわけか／何らかの方法で	どういうわけか／何らかの方法で／何とかして	0.719
lv1	605	ultimate	究極の／最終の	究極の／最終の／最終的な	0.811
lv1	606	brief	簡潔な／手短な	簡潔な／手短な／短時間の	0.626
lv1	607	conduct	～を行う／～を実施する	～を行う／～を実施する／行為	0.718
lv1	608	decade	10年間／10年	10年間／10年	0.810
lv1	609	destroy	～を破壊する／滅ぼす	～を破壊する／滅ぼす／～を殺す	0.718
lv1	610	external	外部の／対外的な	外部の／対外的な／外側の	0.626
lv1	611	grab	～をつかむ／～を掴む	～をつかむ／～を掴む／～をとる	0.626
lv1	612	immediate	即座の／直接の	即座の／直接の／当面の	0.626
lv1	613	principal	主要な／資本金の	主要な／資本金の／〈米〉校長	0.626
lv1	614	recognize	～を認める／識別する	～を認める／識別する／～を識別できる	0.718
lv1	615	survive	生き残る／～を生き残る	生き残る／～を生き残る／～を切り抜けて生き残る	0.718
lv1	616	therapy	療法／心理療法	療法／心理療法／治療	0.718
lv1	617	witness	目撃者／証人	目撃者／証人／証言	0.810
lv1	618	aim	目的／目標	目的／目標／狙う	0.717
lv1	619	defeat	～を負かす／～を打ち負かす	～を負かす／～を打ち負かす／敗北	0.808
lv1	620	democracy	民主主義／民主国家	民主主義／民主国家／民主政治	0.625
lv1	621	fee	料金／謝礼	料金／謝礼	0.717
lv1	622	quote	～を引用する／引用する	～を引用する／引用する／が～と述べたと伝える	0.808
lv1	623	suspect	ではないかと思う／～を疑う	ではないかと思う／～を疑う／容疑者	0.808
lv1	624	swear	誓う／～ののしる	誓う／～ののしる／罵る	0.625
lv1	625	trend	傾向／風潮	傾向／風潮／流行	0.717
lv1	626	wealth	富／財産	富／財産／資源	0.808
lv1	627	contain	～を含む／～を抑える	～を含む／～を抑える／～を含んでいる	0.715
lv1	628	document	書類／文書	書類／文書／資料	0.715
lv1	629	equivalent	相当する／同等のもの	相当する／同等のもの／等しい	0.807
lv1	630	operate	～を操作する／手術する	～を操作する／手術する／作動する	0.807
lv1	631	outstanding	際立った／傑出した	際立った／傑出した／未払いの	0.624
lv1	632	rid	～を取り除く／から取り除く	～を取り除く／から取り除く／～を処分する	0.624
lv1	633	tradition	伝統	伝統	0.624
lv1	634	wheel	ハンドル／車輪	ハンドル／車輪／～を動かす	0.624
lv1	635	celebrate	～を祝う／～を挙行する	～を祝う／～を挙行する／祝う	0.714
lv1	636	contemporary	現代の／同時代の	現代の／同時代の／現代的な	0.806
lv1	637	jury	陪審／陪審員	陪審／陪審員／陪審員団	0.714
lv1	638	philosophy	哲学／哲学〈不可算〉	哲学／哲学〈不可算〉／原理	0.714
lv1	639	rough	粗い／荒い	粗い／荒い／大まかな	0.623
lv1	640	universal	普遍的な／共通の	普遍的な／共通の／宇宙の	0.623
lv1	641	vast	広大な／莫大な	広大な／莫大な	0.714
lv1	642	earn	～を稼ぐ／～を得る	～を稼ぐ／～を得る／～をもうける	0.621
lv1	643	ignore	～を無視する	～を無視する／～を知らないふりをする	0.713
lv1	644	practical	実用的な／現実的な	実用的な／現実的な／実践的な	0.621
lv1	645	regardless	無関係に／関係なく	無関係に／関係なく／かまわない	0.621
lv1	646	stable	安定した／動じない	安定した／動じない／馬小屋	0.805
lv1	647	temporary	一時的な／臨時の	一時的な／臨時の／仮の	0.805
lv1	648	defend	～を守る／守る	～を守る／守る／防御する	0.712
lv1	649	harm	害／損害	害／損害／害〈不可算〉	0.712
lv1	650	occur	起こる／心に浮かぶ	起こる／心に浮かぶ／現れる	0.803
lv1	651	province	州／省	州／省／地方	0.712
lv1	652	reputation	評判／名声	評判／名声／評判〈可算〉	0.803
lv1	653	argue	～と主張する／言い争う	～と主張する／言い争う／～を主張する	0.710
lv1	654	atmosphere	雰囲気／大気	雰囲気／大気／（the―）大気圏	0.802
lv1	655	awful	ひどい／嫌な	ひどい／嫌な／ものすごい	0.710
lv1	656	contrast	対照／対比	対照／対比／～を対比する	0.802
lv1	657	element	要素／元素	要素／元素／成分	0.802
lv1	658	establish	～を設立する／～を確立する	～を設立する／～を確立する／確立する	0.710
lv1	659	moral	道徳の／道徳的な	道徳の／道徳的な／倫理的な	0.802
lv1	660	poverty	貧困／貧乏	貧困／貧乏／貧困〈不可算〉	0.710
lv1	661	ridiculous	ばかげた／ばかばかしい	ばかげた／ばかばかしい／法外な	0.710
lv1	662	sensitive	敏感な／神経質な	敏感な／神経質な／傷つきやすい	0.710
lv1	663	superior	よりすぐれた／より優れている	よりすぐれた／より優れている／優れている	0.802
lv1	664	compare	～を比較する／～をたとえる	～を比較する／～をたとえる／～を比べる	0.709
lv1	665	curious	好奇心の強い／奇妙な	好奇心の強い／奇妙な／好奇心をそそる	0.801
lv1	666	encourage	～を励ます／～に促す	～を励ます／～に促す／はげます	0.709
lv1	667	gross	総計の／甚だしい	総計の／甚だしい／粗野な	0.709
lv1	668	innocent	無罪の／無邪気な	無罪の／無邪気な／無実の	0.709
lv1	669	protest	抗議する／抗議	抗議する／抗議／～を主張する	0.801
lv1	670	refer	言及する／参照する	言及する／参照する／～を指示する	0.709
lv1	671	suffer	苦しむ／～を経験する	苦しむ／～を経験する／患う	0.709
lv1	672	assault	襲撃／～に暴行する	襲撃／～に暴行する／～を攻撃する	0.708
lv1	673	concrete	具体的な／有形の	具体的な／有形の／明確な	0.708
lv1	674	guarantee	～を保証する／～を保障する	～を保証する／～を保障する／保証	0.799
lv1	675	ideal	理想的な／理想	理想的な／理想／観念的な	0.708
lv1	676	legend	伝説／言い伝え	伝説／言い伝え／伝説的人物	0.708
lv1	677	passion	情熱／熱中	情熱／熱中／激怒	0.708
lv1	678	custom	慣習／税関	慣習／税関／習慣	0.706
lv1	679	naked	裸の／むき出しの	裸の／むき出しの	0.706
lv1	680	reveal	～を明らかにする／暴露する	～を明らかにする／暴露する／～を見せる	0.798
lv1	681	welfare	福祉／幸福	福祉／幸福／生活保護	0.798
lv1	682	architecture	建築／建築〈不可算〉	建築／建築〈不可算〉／建築学	0.705
lv1	683	capture	～を捕らえる／～をとらえる	～を捕らえる／～をとらえる／捕獲	0.797
lv1	684	efficient	効率的な／有能な	効率的な／有能な／能率的な	0.797
lv1	685	odd	奇妙な／奇数の	奇妙な／奇数の／半端な	0.705
lv1	686	participate	参加する／Aに参加する	参加する／Aに参加する	0.705
lv1	687	skill	技術／技能	技術／技能／力	0.705
lv1	688	soil	土壌／土	土壌／土／土地	0.797
lv1	689	solve	～を解決する／～を解く	～を解決する／～を解く／解明する	0.705
lv1	690	virus	ウイルス／病原体	ウイルス／病原体	0.705
lv1	691	aspect	側面／様相	側面／様相／観点	0.704
lv1	692	boost	～を押し上げる／～を増加させる	～を押し上げる／～を増加させる／活気づける	0.704
lv1	693	institution	機関／制度	機関／制度／協会	0.704
lv1	694	priority	優先／優先事項	優先／優先事項	0.704
lv1	695	remote	遠く離れた／～へんぴな	遠く離れた／～へんぴな／かけ離れた	0.796
lv1	696	whereas	～するのに／～だが一方	～するのに／～だが一方／～する一方	0.796
lv1	697	confirm	～を確認する／～を裏付ける	～を確認する／～を裏付ける／～を裏づける	0.703
lv1	698	decent	きちんとした／まともな	きちんとした／まともな／上品な	0.794
lv1	699	decline	衰退する／～を断る	衰退する／～を断る／減る	0.794
lv1	700	obtain	～を得る／～を手に入れる	～を得る／～を手に入れる	0.794
lv1	701	pray	祈る	祈る	0.703
lv1	702	recall	～を思い出す／～を回収する	～を思い出す／～を回収する／思い出す	0.794
lv1	703	associate	から連想する／～を関連づける	から連想する／～を関連づける／～を結び付けて考える	0.793
lv1	704	bother	～に面倒をかける／悩ます	～に面倒をかける／悩ます／～を悩ます	0.701
lv1	705	compete	競争する／競う	競争する／競う／匹敵する	0.701
lv1	706	disaster	災害／惨事	災害／惨事／大失敗	0.701
lv1	707	intense	強烈な／激しい	強烈な／激しい／極度の	0.793
lv1	708	narrative	話／物語	話／物語／語り	0.793
lv1	709	reflect	～を反映する／～を反射する	～を反映する／～を反射する／熟考する	0.793
lv1	710	refuse	～を断る／～を拒む	～を断る／～を拒む／～を拒否する	0.701
lv1	711	resource	資源／資金	資源／資金／才覚	0.793
lv1	712	connect	～をつなぐ／～を関連づける	～をつなぐ／～を関連づける／～を繋げる	0.700
lv1	713	enterprise	企業／事業	企業／事業／企て	0.700
lv1	714	experiment	実験／実験する	実験／実験する	0.700
lv1	715	occasion	場合／機会	場合／機会／時	0.700
lv1	716	resident	居住者／滞在者	居住者／滞在者／住人	0.700
lv1	717	valid	有効な／妥当な	有効な／妥当な／正当な	0.792
lv1	718	vital	必要不可欠な／きわめて重要な	必要不可欠な／きわめて重要な／活気のある	0.792
lv1	719	agriculture	農業／農業〈不可算〉	農業／農業〈不可算〉／農学	0.699
lv1	720	funeral	葬式	葬式	0.790
lv1	721	genuine	本物の／心からの	本物の／心からの／真の	0.790
lv1	722	legacy	遺産／遺産〈可算〉	遺産／遺産〈可算〉／遺物	0.699
lv1	723	regret	～を後悔する／～を残念に思う	～を後悔する／～を残念に思う／～を遺憾に思う	0.790
lv1	724	remind	～に思い出させる／思い出させる	～に思い出させる／思い出させる／ＡにＢを思い出させる	0.699
lv1	725	resort	訴える／頼る	訴える／頼る／行楽地	0.790
lv1	726	reverse	～を逆転させる／～を反対にする	～を逆転させる／～を反対にする／逆	0.699
lv1	727	routine	日課／決まりきった仕事	日課／決まりきった仕事／日常の	0.790
lv1	728	consent	同意／承諾	同意／承諾／合意	0.789
lv1	729	divorce	離婚／分離	離婚／分離／離婚する	0.789
lv1	730	engage	従事する／～を従事させる	従事する／～を従事させる／～を雇う	0.789
lv1	731	fate	運命／結末	運命／結末／宿命	0.789
lv1	732	gene	遺伝子／遺伝子〈可算〉	遺伝子／遺伝子〈可算〉	0.697
lv1	733	heritage	遺産	遺産	0.789
lv1	734	landscape	風景／眺め	風景／眺め／領域	0.789
lv1	735	regard	～を見なす／～を評価する	～を見なす／～を評価する／～をみなす	0.789
lv1	736	strip	細長い一片／～を取り去る	細長い一片／～を取り去る／から?奪する	0.697
lv1	737	expand	拡大する／～を拡大する	拡大する／～を拡大する／詳説する	0.788
lv1	738	grateful	感謝している／ありがたく思う	感謝している／ありがたく思う	0.696
lv1	739	indicate	～を指し示す／～を示す	～を指し示す／～を示す／～を述べる	0.788
lv1	740	luxury	ぜいたく／豪華な	ぜいたく／豪華な／贅沢	0.788
lv1	741	outcome	結果／成果	結果／成果	0.788
lv1	742	poll	投票／世論調査	投票／世論調査／投票所	0.696
lv1	743	rob	から奪う／奪う	から奪う／奪う／～を襲う	0.696
lv1	744	stretch	～を伸ばす／伸びる	～を伸ばす／伸びる／～を広げる	0.696
lv1	745	tear	～を引き裂く／涙〈可算〉	～を引き裂く／涙〈可算〉／裂ける	0.696
lv1	746	contribute	貢献する／一因となる	貢献する／一因となる／～を寄付する	0.695
lv1	747	extend	～を伸ばす／伸びる	～を伸ばす／伸びる／～を延長する	0.787
lv1	748	principle	原則／原理	原則／原理／主義	0.787
lv1	749	sum	合計／金額	合計／金額／額	0.695
lv1	750	alert	警戒して／敏速な	警戒して／敏速な／用心する	0.694
lv1	751	brave	勇敢な／見事な	勇敢な／見事な	0.694
lv1	752	commit	～を犯す／～を投入する	～を犯す／～を投入する／献身する	0.785
lv1	753	conservation	保護／保存	保護／保存／環境保護	0.694
lv1	754	ethnic	民族の／民族的な	民族の／民族的な／人種の	0.694
lv1	755	foster	～を養育する／～をはぐくむ	～を養育する／～をはぐくむ／～を心に抱く	0.694
lv1	756	fundamental	基本的な／根本的な	基本的な／根本的な／必須の	0.785
lv1	757	pretend	ふりをする／～のつもりになる	ふりをする／～のつもりになる／～するふりをする	0.785
lv1	758	prominent	重要な／有名な	重要な／有名な／目立った	0.694
lv1	759	radical	根本的な／急進的な	根本的な／急進的な／過激な	0.785
lv1	760	reward	報酬／褒美	報酬／褒美／報い	0.694
lv1	761	aggressive	攻撃的な／意欲的な	攻撃的な／意欲的な／積極的な	0.784
lv1	762	component	構成要素／部品	構成要素／部品／構成部品	0.692
lv1	763	cure	～を治す／～を治療する	～を治す／～を治療する／治療法	0.692
lv1	764	diversity	多様性／相違点	多様性／相違点	0.692
lv1	765	faculty	能力／学部	能力／学部／才能	0.784
lv1	766	innovation	革新／新機軸	革新／新機軸／革新技術	0.784
lv1	767	invest	投資する／～を投資する	投資する／～を投資する／～に与える	0.784
lv1	768	manual	手動の／手を使う	手動の／手を使う／体を使う	0.692
lv1	769	sufficient	十分な	十分な	0.784
lv1	770	tissue	組織／ティッシュペーパー	組織／ティッシュペーパー／布	0.692
lv1	771	define	～を定義する／定義する	～を定義する／定義する／明確にする	0.783
lv1	772	discrimination	差別／区別	差別／区別／識別	0.691
lv1	773	domain	領域／分野	領域／分野／ドメイン	0.691
lv1	774	explore	～を探検する／～を探索する	～を探検する／～を探索する／調査する	0.691
lv1	775	investigate	～を調査する／研究する	～を調査する／研究する／～を究明する	0.691
lv1	776	laboratory	研究室／研究所	研究室／研究所／実験室	0.691
lv1	777	praise	賞賛／～を褒める	賞賛／～を褒める／～をほめる	0.691
lv1	778	psychology	心理学／心理	心理学／心理	0.783
lv1	779	ruin	～を台無しにする／廃墟	～を台無しにする／廃墟／～を破滅させる	0.783
lv1	780	steady	着実な／安定した	着実な／安定した／一定の	0.783
lv1	781	treaty	条約／協定	条約／協定	0.691
lv1	782	bow	おじぎする／おじぎ	おじぎする／おじぎ／屈服する	0.690
lv1	783	enable	～を可能にする	～を可能にする／が...できるようにする／～に可能にする	0.690
lv1	784	fortune	財産／運	財産／運／幸運	0.690
lv1	785	stem	茎／幹	茎／幹／生じる	0.690
lv1	786	wisdom	知恵／賢明さ	知恵／賢明さ／学識	0.690
lv1	787	alien	外国の／異質の	外国の／異質の／異質な	0.780
lv1	788	awkward	気まずい／ぎこちない	気まずい／ぎこちない／厄介な	0.780
lv1	789	certificate	証明書／免許状	証明書／免許状／免許	0.688
lv1	790	drag	～を引きずる／引きずる	～を引きずる／引きずる／ぐずぐずする	0.780
lv1	791	estimate	～と推定する／～を見積もる	～と推定する／～を見積もる／～を推定する	0.780
lv1	792	recover	回復する／～を取り戻す	回復する／～を取り戻す／Aから回復する	0.688
lv1	793	rely	頼る／Aに頼る	頼る／Aに頼る／あてにする	0.688
lv1	794	sacrifice	犠牲／～を犠牲にする	犠牲／～を犠牲にする／いけにえ	0.780
lv1	795	worship	崇拝／礼拝	崇拝／礼拝／～を崇拝する	0.688
lv1	796	crucial	重大な／決定的な	重大な／決定的な／重要な	0.779
lv1	797	galaxy	銀河／星雲	銀河／星雲／銀河系	0.687
lv1	798	mature	成熟した／熟した	成熟した／熟した／成熟する	0.779
lv1	799	submit	～を提出する／提出する	～を提出する／提出する／服従する	0.779
lv1	800	dispute	～に異議を唱える／議論する	～に異議を唱える／議論する／紛争	0.778
lv1	801	moderate	適度な／穏健な	適度な／穏健な／適度の	0.778
lv1	802	overcome	～を克服する／～に打ち勝つ	～を克服する／～に打ち勝つ／～を乗り越える	0.686
lv1	803	radiation	放射線／放射能	放射線／放射能／放射	0.686
lv1	804	stroke	脳卒中／一撃	脳卒中／一撃／発作	0.686
lv1	805	announce	～を発表する／～を告知する	～を発表する／～を告知する／知らせる	0.685
lv1	806	bold	大胆な／勇敢な	大胆な／勇敢な	0.685
lv1	807	convince	～を納得させる／～に確信させる	～を納得させる／～に確信させる／～に納得させる	0.776
lv1	808	encounter	～に出会う／～に遭遇する	～に出会う／～に遭遇する／～に偶然出会う	0.776
lv1	809	instrument	器具／楽器	器具／楽器／道具	0.685
lv1	810	mutual	相互の／共通の	相互の／共通の	0.776
lv1	811	pursue	～を追求する／～を追跡する	～を追求する／～を追跡する／～に従事する	0.776
lv1	812	venture	危険を冒して進む	危険を冒して進む／～を思い切ってする／事業	0.685
lv1	813	enormous	莫大な／巨大な	莫大な／巨大な／非常に大きい	0.775
lv1	814	forgive	～を許す／～を免除する	～を許す／～を免除する	0.683
lv1	815	mercy	慈悲／情け	慈悲／情け／幸運	0.775
lv1	816	shelter	避難／避難所	避難／避難所／保護	0.683
lv1	817	vary	変わる／異なる	変わる／異なる／さまざまである	0.683
lv1	818	artificial	人工の／不自然な	人工の／不自然な／人工	0.774
lv1	819	deposit	～を預ける／預金	～を預ける／預金／～を置く	0.682
lv1	820	destination	目的地／行き先	目的地／行き先／観光地	0.682
lv1	821	jealous	嫉妬深い／嫉妬した	嫉妬深い／嫉妬した／用心深い	0.682
lv1	822	neutral	中立の／中立	中立の／中立／はっきりしない	0.682
lv1	823	relate	～を関連づける／関係がある	～を関連づける／関係がある／～を関連づける～を話す	0.682
lv1	824	sacred	神聖な／宗教的な	神聖な／宗教的な／聖	0.774
lv1	825	toxic	有毒な／中毒性の	有毒な／中毒性の／有害な	0.682
lv1	826	wound	傷／痛手	傷／痛手／～を負傷させる	0.774
lv1	827	burden	負担／重荷	負担／重荷／義務	0.772
lv1	828	casual	何気ない／形式ばらない	何気ない／形式ばらない／気楽な	0.681
lv1	829	complain	不平を言う／苦情を言う	不平を言う／苦情を言う／訴える	0.681
lv1	830	discipline	規律／しつけ	規律／しつけ／～を躾ける	0.681
lv1	831	shed	～を流す／落とす	～を流す／落とす／～を捨て去る	0.681
lv1	832	strict	厳しい／厳格な	厳しい／厳格な／厳密な	0.681
lv1	833	substance	物質／実体	物質／実体／本質	0.681
lv1	834	usage	語法／用法	語法／用法／習慣	0.681
lv1	835	fluid	流動体／流体	流動体／流体／液体	0.679
lv1	836	folk	人々／民族	人々／民族／民間の	0.679
lv1	837	generate	～を生み出す／～を発生させる	～を生み出す／～を発生させる／生み出す	0.679
lv1	838	legitimate	正当な／合法的な	正当な／合法的な／妥当な	0.679
lv1	839	permit	～を許す／～を許可する	～を許す／～を許可する／許可する	0.679
lv1	840	slight	わずかな／取るに足らない	わずかな／取るに足らない／少しの	0.771
lv1	841	sue	～を告訴する／訴える	～を告訴する／訴える／訴訟を起こす	0.771
lv1	842	twist	～をねじる／～をひねる	～をねじる／～をひねる／ひねる	0.679
lv1	843	advocate	～を主張する／提唱者	～を主張する／提唱者／主張する	0.678
lv1	844	bitter	苦い／つらい	苦い／つらい／辛辣な	0.678
lv1	845	vulnerable	弱い／傷つきやすい	弱い／傷つきやすい／受けやすい	0.678
lv1	846	attract	～を引きつける／魅了する	～を引きつける／魅了する／～を惹き付ける	0.677
lv1	847	demonstrate	～を論証する／実演する	～を論証する／実演する／デモをする	0.769
lv1	848	depend	依存する／～次第である	依存する／～次第である／頼る	0.677
lv1	849	dose	服用量／放射線の1回の照射量	服用量／放射線の1回の照射量／量	0.677
lv1	850	generous	気前のよい／寛大な	気前のよい／寛大な／寛容な	0.769
lv1	851	implement	～を実行する／道具	～を実行する／道具／実行する	0.677
lv1	852	loyal	忠実な／誠実な	忠実な／誠実な	0.769
lv1	853	privilege	特権／特典	特権／特典	0.769
lv1	854	resist	～に抵抗する／～を我慢する	～に抵抗する／～を我慢する	0.769
lv1	855	adopt	～を採用する／～を養子にする	～を採用する／～を養子にする／～をとる	0.767
lv1	856	emotion	感情／感情〈可算〉	感情／感情〈可算〉／情動	0.676
lv1	857	insight	見識／洞察	見識／洞察／洞察力	0.767
lv1	858	preserve	～を保護する／～を保存する	～を保護する／～を保存する／～を保持する	0.767
lv1	859	trace	跡／～をたどる	跡／～をたどる／～を捜し出す	0.767
lv1	860	acknowledge	～を認める／認める	～を認める／認める／～に謝意を表す	0.766
lv1	861	clue	手がかり／ヒント	手がかり／ヒント／手掛かり	0.766
lv1	862	collapse	崩壊する／倒れる	崩壊する／倒れる／～を折り畳む	0.766
lv1	863	conscious	意識している／意識して	意識している／意識して／気づいて	0.674
lv1	864	grain	穀物／粒	穀物／粒／きめ	0.766
lv1	865	physician	医師／内科医	医師／内科医／医者	0.674
lv1	866	proceed	進む／進行する	進む／進行する／続行する	0.766
lv1	867	restore	～を修復する／～を回復させる	～を修復する／～を回復させる／修復する	0.766
lv1	868	contrary	反対の／反対に	反対の／反対に／相反する	0.673
lv1	869	diabetes	糖尿病	糖尿病	0.673
lv1	870	notion	概念／考え	概念／考え／観念	0.673
lv1	871	resolve	～を解決する／～を決意する	～を解決する／～を決意する／解決する	0.765
lv1	872	substitute	～を代わりに使う／代用品	～を代わりに使う／代用品／代理をする	0.765
lv1	873	tactics	戦術／作戦	戦術／作戦／方策	0.673
lv1	874	treasure	宝物／財宝	宝物／財宝／～を大事にする	0.765
lv1	875	embrace	～を受け入れる／～を抱擁する	～を受け入れる／～を抱擁する／～を抱く	0.763
lv1	876	exhibit	～を展示する／～を示す	～を展示する／～を示す／示す	0.672
lv1	877	infinite	無限の／無数の	無限の／無数の	0.672
lv1	878	react	反応する／化学反応を起こす	反応する／化学反応を起こす	0.672
lv1	879	scratch	～を引っかく／かく	～を引っかく／かく／～を取り消す	0.763
lv1	880	yield	屈する／～を産出する	屈する／～を産出する／～を譲る	0.672
lv1	881	barrier	障壁／防壁	障壁／防壁／壁	0.670
lv1	882	burst	破裂する／爆発する	破裂する／爆発する／突然始める	0.762
lv1	883	cattle	牛／ウシ	牛／ウシ	0.670
lv1	884	compromise	妥協／妥協する	妥協／妥協する／～を曲げる	0.670
lv1	885	crop	作物／収穫	作物／収穫／収穫高	0.670
lv1	886	eliminate	～を取り除く／～を排除する	～を取り除く／～を排除する／～を除去する	0.762
lv1	887	strain	負担／～に負担をかける	負担／～に負担をかける／～を痛める	0.762
lv1	888	urgent	緊急の／差し迫った	緊急の／差し迫った	0.670
lv1	889	abstract	抽象的な／要旨	抽象的な／要旨	0.669
lv1	890	harsh	厳しい／不快な	厳しい／不快な	0.761
lv1	891	immune	免疫を持つ／免れた	免疫を持つ／免れた／免疫	0.669
lv1	892	instruction	指示／使用書	指示／使用書／教育	0.669
lv1	893	lean	寄りかかる／傾く	寄りかかる／傾く／もたれる	0.761
lv1	894	organ	臓器／器官	臓器／器官／オルガン	0.669
lv1	895	peer	同僚／じっと見る	同僚／じっと見る／仲間	0.761
lv1	896	pile	～を積み重ねる／山	～を積み重ねる／山／積み重ね	0.761
lv1	897	tragedy	悲劇／悲惨な出来事	悲劇／悲惨な出来事／悲劇〈可算〉	0.669
lv1	898	acquire	～を習得する／～を得る	～を習得する／～を得る／～を獲得する	0.760
lv1	899	bend	～を曲げる／身をかがめる	～を曲げる／身をかがめる／曲げる	0.668
lv1	900	boundary	境界／限界	境界／限界	0.760
lv1	901	combine	結合させる／～を結び付ける	結合させる／～を結び付ける／～を結びつける	0.668
lv1	902	courtesy	礼儀正しさ／礼儀	礼儀正しさ／礼儀／好意	0.668
lv1	903	flexible	柔軟な／融通の利く	柔軟な／融通の利く／曲がりやすい	0.760
lv1	904	keen	鋭い／熱心な	鋭い／熱心な／熱中して	0.668
lv1	905	owe	～に借りがある／～を借りている	～に借りがある／～を借りている／～のおかげである	0.760
lv1	906	phenomenon	現象／事象	現象／事象／特異なもの	0.760
lv1	907	precise	正確な／精密な	正確な／精密な／厳格な	0.668
lv1	908	profession	職業／専門職	職業／専門職／同業者仲間	0.760
lv1	909	prospect	見通し／見込み	見通し／見込み／展望	0.760
lv1	910	retreat	退く／退却	退く／退却／後退	0.668
lv1	911	colony	植民地／植民	植民地／植民／群落	0.667
lv1	912	cruel	残酷な／むごい	残酷な／むごい	0.758
lv1	913	divide	～を分ける／～を分割する	～を分ける／～を分割する／分割する	0.667
lv1	914	heal	～を治す／治る	～を治す／治る／〈けがなど〉を治す	0.667
lv1	915	resume	再開する／～を再開する	再開する／～を再開する／～を取り戻す	0.667
lv1	916	tribe	部族／仲間	部族／仲間／種族	0.758
lv1	917	convert	～を変える／～を転換する	～を変える／～を転換する／～を改宗させる	0.757
lv1	918	humble	謙虚な／質素な	謙虚な／質素な／控えめな	0.665
lv1	919	proportion	割合／比率	割合／比率／部分	0.665
lv1	920	urge	衝動／～に促す	衝動／～に促す／～に強く迫る	0.757
lv1	921	import	～を輸入する／輸入	～を輸入する／輸入／～を取り込む	0.756
lv1	922	nutrition	栄養／栄養摂取	栄養／栄養摂取	0.664
lv1	923	pose	～を提起する／～を引き起こす	～を提起する／～を引き起こす／ポーズをとる	0.664
lv1	924	pour	～を注ぐ／注ぐ	～を注ぐ／注ぐ／流れ込む	0.664
lv1	925	publish	～を出版する／公表する	～を出版する／公表する／～を公表する	0.664
lv1	926	anxious	心配して／切望して	心配して／切望して／心配している	0.663
lv1	927	intend	～を意図する／つもりだ	～を意図する／つもりだ／～するつもりだ	0.663
lv1	928	leak	漏れる／～を漏らす	漏れる／～を漏らす／漏らす	0.663
lv1	929	surrender	降伏する／～を放棄する	降伏する／～を放棄する／～を引き渡す	0.754
lv1	930	approve	賛成する／～を承認する	賛成する／～を承認する／認める	0.753
lv1	931	breed	～を繁殖させる／繁殖する	～を繁殖させる／繁殖する／品種	0.753
lv1	932	fabric	織物／布	織物／布／構造	0.661
lv1	933	fold	～を折り畳む／～を折りたたむ	～を折り畳む／～を折りたたむ／～を組む	0.661
lv1	934	grief	深い悲しみ／悲しみ	深い悲しみ／悲しみ／悲痛	0.753
lv1	935	inevitable	避けられない／必然的な	避けられない／必然的な	0.753
lv1	936	merit	長所／利点	長所／利点／優秀さ	0.661
lv1	937	myth	神話／作り話	神話／作り話／俗説	0.661
lv1	938	predict	～を予言する／～を予測する	～を予言する／～を予測する／予測する	0.753
lv1	939	rebel	反逆者／反逆する	反逆者／反逆する／反抗する	0.661
lv1	940	subtle	微妙な／かすかな	微妙な／かすかな／希薄な	0.753
lv1	941	toll	通行料／損害	通行料／損害／死傷者数	0.661
lv1	942	adjust	順応する／～を調整する	順応する／～を調整する／～を適合させる	0.752
lv1	943	altogether	完全に／全部で	完全に／全部で／全く	0.660
lv1	944	assess	～を評価する／～を査定する	～を評価する／～を査定する／評価する	0.752
lv1	945	concentrate	集中する／～を集中させる	集中する／～を集中させる／精神を集中する	0.660
lv1	946	consequence	結果／重要さ	結果／重要さ／重大性	0.752
lv1	947	curse	呪い／悪態	呪い／悪態／～ののしる	0.660
lv1	948	drain	～を流出させる／流れ出る	～を流出させる／流れ出る／下水	0.660
lv1	949	hostile	敵意のある／反感を持つ	敵意のある／反感を持つ／反感を持った	0.752
lv1	950	outlook	見通し／見解	見通し／見解／考え方	0.660
lv1	951	quantity	量／分量	量／分量	0.752
lv1	952	scare	～をおびえさせる／～を怖がらせる	～をおびえさせる／～を怖がらせる／～を脅す	0.660
lv1	953	tremendous	莫大な／途方もない	莫大な／途方もない／～とてつもない	0.752
lv1	954	assure	保証する／確信させる	保証する／確信させる／～に保証する	0.659
lv1	955	cheat	～をだます／だます	～をだます／だます／ごまかす	0.659
lv1	956	elaborate	手の込んだ／入念な	手の込んだ／入念な／精巧な	0.659
lv1	957	intimate	親密な／密接な	親密な／密接な／親しい	0.659
lv1	958	rational	理性的な／合理的な	理性的な／合理的な	0.659
lv1	959	accomplish	～を成し遂げる／～をやり遂げる	～を成し遂げる／～をやり遂げる／～をやりとげる	0.658
lv1	960	adequate	十分な／適切な	十分な／適切な	0.749
lv1	961	alter	～を変える／変わる	～を変える／変わる	0.749
lv1	962	beg	～を懇願する／請う	～を懇願する／請う／～と乞う	0.658
lv1	963	declare	～を宣言する／～を申告する	～を宣言する／～を申告する／宣言する	0.749
lv1	964	detect	～を感知する／～を探知する	～を感知する／～を探知する／～を発見する	0.749
lv1	965	interact	相互に作用する／影響し合う	相互に作用する／影響し合う／相互作用する	0.658
lv1	966	medieval	中世の／時代遅れの	中世の／時代遅れの	0.658
lv1	967	retire	引退する／退職する	引退する／退職する／辞める	0.658
lv1	968	sophisticated	洗練された／精巧な	洗練された／精巧な／高度な	0.658
lv1	969	static	静的な／変化のない	静的な／変化のない／動きのない	0.749
lv1	970	withdraw	～を引き出す／退く	～を引き出す／退く／～を引っ込める	0.749
lv1	971	authentic	本物の／信頼できる	本物の／信頼できる／本場の	0.656
lv1	972	donate	～を寄付する／～を提供する	～を寄付する／～を提供する／寄付する	0.748
lv1	973	enhance	～を高める／～を向上させる	～を高める／～を向上させる／増す	0.656
lv1	974	shallow	浅い／浅薄な	浅い／浅薄な／浅はかな	0.748
lv1	975	transform	～を変える／変える	～を変える／変える／～を変形する	0.748
lv1	976	cease	～しなくなる／～をやめる	～しなくなる／～をやめる／やめる	0.655
lv1	977	differ	異なる	異なる	0.655
lv1	978	eager	熱心な／熱望して	熱心な／熱望して／熱望している	0.747
lv1	979	harvest	収穫／～を収穫する	収穫／～を収穫する／収穫期	0.655
lv1	980	insist	要求する／言い張る	要求する／言い張る／～と主張する	0.655
lv1	981	orbit	軌道／範囲	軌道／範囲／～を周回する	0.747
lv1	982	passive	受動的な／消極的な	受動的な／消極的な／受け身の	0.655
lv1	983	reject	～を拒絶する／～を拒否する	～を拒絶する／～を拒否する／～を断る	0.747
lv1	984	abandon	～を捨てる／～を放棄する	～を捨てる／～を放棄する／放棄する	0.745
lv1	985	dignity	尊厳／威厳	尊厳／威厳	0.654
lv1	986	dimension	次元／側面	次元／側面／局面	0.654
lv1	987	enthusiasm	熱意／熱狂	熱意／熱狂／情熱	0.654
lv1	988	possess	～を持っている／～を所有している	～を持っている／～を所有している／～を所有する	0.654
lv1	989	ritual	儀式／習慣的行為	儀式／習慣的行為／儀式の	0.745
lv1	990	civilization	文明	文明	0.652
lv1	991	delicate	繊細な／取り扱いの難しい	繊細な／取り扱いの難しい／微妙な	0.652
lv1	992	evaluate	～を評価する／～を査定する	～を評価する／～を査定する	0.744
lv1	993	sympathy	同情／共感	同情／共感	0.652
lv1	994	transparent	透明な／明快な	透明な／明快な／透き通った	0.652
lv1	995	inspire	～を奮起させる／～を喚起する	～を奮起させる／～を喚起する／かき立てる	0.743
lv1	996	pause	休止／休止する	休止／休止する／中止する	0.651
lv1	997	pledge	～を誓う／約束する	～を誓う／約束する／～を与えることを約束する	0.651
lv1	998	fossil	化石／時代遅れの人	化石／時代遅れの人／化石化した	0.742
lv1	999	infant	幼児／乳児	幼児／乳児	0.650
lv1	1000	insult	侮辱／～を侮辱する	侮辱／～を侮辱する／侮辱する	0.650
lv1	1001	negotiate	交渉する／～を取り決める	交渉する／～を取り決める	0.650
lv1	1002	propose	～を提案する／結婚を申し込む	～を提案する／結婚を申し込む／～をもくろむ	0.742
lv1	1003	steep	急な／険しい	急な／険しい／急激な	0.742
lv1	1004	adapt	適応する／～を適合させる	適応する／～を適合させる／順応する	0.740
lv1	1005	colleague	同僚	同僚	0.740
lv1	1006	dense	密集した／濃い	密集した／濃い／密度の高い	0.649
lv1	1007	expose	～をさらす／～を暴露する	～をさらす／～を暴露する／ＡをＢにさらす	0.649
lv1	1008	geography	地理／地理学	地理／地理学	0.649
lv1	1009	habitat	生息地／居住地	生息地／居住地	0.649
lv1	1010	hazard	危険／偶然	危険／偶然／危険なもの	0.649
lv1	1011	manufacture	～を製造する／製造	～を製造する／製造／～をでっち上げる	0.740
lv1	1012	prey	獲物／餌食	獲物／餌食／犠牲者	0.649
lv1	1013	satisfy	～を満足させる／～を満たす	～を満足させる／～を満たす	0.649
lv1	1014	admire	～に感心する／感嘆する	～に感心する／感嘆する／感心する	0.647
lv1	1015	caution	用心／警告	用心／警告／注意	0.647
lv1	1016	delight	喜び／～を喜ばせる	喜び／～を喜ばせる／大喜び	0.647
lv1	1017	grasp	～を理解する／理解する	～を理解する／理解する／～を掴む	0.739
lv1	1018	incentive	動機／報奨金	動機／報奨金／励み	0.647
lv1	1019	resign	辞職する／辞任する	辞職する／辞任する／～を放棄する	0.739
lv1	1020	sweep	掃く／～を掃く	掃く／～を掃く／～を一掃する	0.647
lv1	1021	tuition	授業料／指導	授業料／指導／〈米〉授業料	0.739
lv1	1022	employ	～を雇う／～を用いる	～を雇う／～を用いる／～を雇用する	0.646
lv1	1023	melt	溶ける／～を溶かす	溶ける／～を溶かす／なごむ	0.646
lv1	1024	puzzle	～を当惑させる／～を戸惑わせる	～を当惑させる／～を戸惑わせる／難問	0.646
lv1	1025	stir	～をかき回す／～を揺り動かす	～をかき回す／～を揺り動かす／～を混ぜる	0.738
lv1	1026	triumph	勝利／勝利する	勝利／勝利する／成功	0.738
lv1	1027	absurd	ばかげた／不合理な	ばかげた／不合理な／理に適わない	0.645
lv1	1028	distress	苦悩／苦しみ	苦悩／苦しみ／苦痛	0.645
lv1	1029	feast	祝宴／宴会	祝宴／宴会／大ごちそう	0.645
lv1	1030	punish	～を罰する／罰する	～を罰する／罰する／～に損傷を与える	0.736
lv1	1031	tense	緊張した／張り詰めた	緊張した／張り詰めた／ぴんと張った	0.645
lv1	1032	consist	ある／成る	ある／成る／構成されている	0.643
lv1	1033	dull	退屈な／退屈させる	退屈な／退屈させる／頭の鈍い	0.643
lv1	1034	fare	運賃／料金	運賃／料金	0.735
lv1	1035	illusion	錯覚／幻想	錯覚／幻想／思い違い	0.643
lv1	1036	leap	跳ぶ／躍進	跳ぶ／躍進／跳躍	0.643
lv1	1037	locate	位置する／～を置く	位置する／～を置く／～を突き止める	0.643
lv1	1038	motive	動機	動機	0.735
lv1	1039	oppose	～に反対する／～を対抗させる	～に反対する／～を対抗させる	0.735
lv1	1040	virtue	美徳／長所	美徳／長所／効能	0.643
lv1	1041	arise	生じる／起こる	生じる／起こる／出現する	0.734
lv1	1042	bore	～を退屈させる	～を退屈させる／～をうんざりさせる／退屈させる	0.642
lv1	1043	halt	～を止める／止まる	～を止める／止まる／停止	0.642
lv1	1044	norm	規範／標準	規範／標準／基準	0.642
lv1	1045	occupy	～を占める／～を占領する	～を占める／～を占領する／占める	0.734
lv1	1046	sustain	～を支える／～を持続させる	～を支える／～を持続させる／～を維持する	0.734
lv1	1047	translate	～を翻訳する／～を変える	～を翻訳する／～を変える／～に変わる	0.642
lv1	1048	altitude	高度／標高	高度／標高	0.641
lv1	1049	exceed	～を超える／～を越える	～を超える／～を越える／～に勝る	0.733
lv1	1050	fierce	激しい／どう猛な	激しい／どう猛な／猛烈な	0.641
lv1	1051	impose	～を課す／押しつける	～を課す／押しつける／～を押しつける	0.733
lv1	1052	leisure	余暇／暇	余暇／暇／自由な時間	0.641
lv1	1053	compliment	賛辞／お世辞	賛辞／お世辞／褒め言葉	0.640
lv1	1054	glance	ちらりと見る／ちらっと見ること	ちらりと見る／ちらっと見ること／ちらりと見ること	0.731
lv1	1055	stare	じっと見つめる／じっと見る	じっと見つめる／じっと見る／見つめる	0.731
lv1	1056	verbal	言葉による／言葉の	言葉による／言葉の／口頭での	0.640
lv1	1057	conclude	～と結論づける／結論を下す	～と結論づける／結論を下す／～と結論を下す	0.638
lv1	1058	drought	干ばつ／不足	干ばつ／不足	0.638
lv1	1059	hospitality	歓待／もてなし	歓待／もてなし／親切なもてなし	0.638
lv1	1060	particle	粒子／ほんのわずか	粒子／ほんのわずか／かけら	0.638
lv1	1061	sensation	感覚／漠然とした感じ	感覚／漠然とした感じ／感情	0.638
lv1	1062	unite	団結する／～を団結させる	団結する／～を団結させる／結合する	0.730
lv1	1063	adverse	不都合な／逆の	不都合な／逆の／悪	0.637
lv1	1064	bury	～を埋める／～を埋葬する	～を埋める／～を埋葬する／埋める	0.637
lv1	1065	emerge	現れる／明らかになる	現れる／明らかになる／台頭する	0.729
lv1	1066	plague	疫病／異常発生	疫病／異常発生／災難	0.729
lv1	1067	consume	～を消費する／～を食べる	～を消費する／～を食べる／飲む	0.727
lv1	1068	immense	膨大な／莫大な	膨大な／莫大な／巨大な	0.636
lv1	1069	interfere	邪魔する／干渉する	邪魔する／干渉する／介入する	0.727
lv1	1070	appetite	食欲／欲求	食欲／欲求	0.726
lv1	1071	calculate	～を計算する／～を予測する	～を計算する／～を予測する／計算する	0.726
lv1	1072	consult	～を参照する／相談する	～を参照する／相談する／～に相談する	0.726
lv1	1073	distinguish	～を区別する／区別する	～を区別する／区別する／～を見分ける	0.726
lv1	1074	dominate	～を支配する／優勢である	～を支配する／優勢である／統治する	0.634
lv1	1075	hypothesis	仮説／憶測	仮説／憶測／前提	0.634
lv1	1076	optimistic	楽観的な	楽観的な	0.634
lv1	1077	swallow	飲み込む／ツバメ	飲み込む／ツバメ／～をうのみにする	0.634
lv1	1078	vague	漠然とした／曖昧な	漠然とした／曖昧な／あいまいな	0.726
lv1	1079	fade	薄れる／衰える	薄れる／衰える／衰退する	0.725
lv1	1080	fatigue	疲労／疲労〈不可算〉	疲労／疲労〈不可算〉	0.725
lv1	1081	fragile	壊れやすい／虚弱な	壊れやすい／虚弱な／もろい	0.633
lv1	1082	fulfill	～を果たす／～を満たす	～を果たす／～を満たす／満たす	0.725
lv1	1083	instinct	本能／勘	本能／勘／直感	0.633
lv1	1084	prompt	迅速な／即座の	迅速な／即座の／～を促す	0.725
lv1	1085	constitute	～を構成する／占める	～を構成する／占める／～である	0.632
lv1	1086	dismiss	～を退ける／～を解雇する	～を退ける／～を解雇する／解雇する	0.724
lv1	1087	incorporate	～を取り入れる／取り入れる	～を取り入れる／取り入れる／～を組み込む	0.632
lv1	1088	obscure	不明瞭な／わかりにくい	不明瞭な／わかりにくい／ぼやけた	0.724
lv1	1089	recession	不況／不景気	不況／不景気／後退	0.632
lv1	1090	utter	～を発する／発する	～を発する／発する／形完全な	0.632
lv1	1091	yell	叫ぶ／大声で叫ぶ	叫ぶ／大声で叫ぶ／どなる	0.632
lv1	1092	disclose	暴く／～を公表する	暴く／～を公表する／暴露する	0.631
lv1	1093	envy	～をうらやむ／うらやむ	～をうらやむ／うらやむ／～を羨ましく思う	0.631
lv1	1094	monopoly	独占／専売	独占／専売／独占企業	0.631
lv1	1095	spill	～をこぼす／流出	～をこぼす／流出／こぼれる	0.631
lv1	1096	tolerate	我慢する／～を許容する	我慢する／～を許容する／耐える	0.631
lv1	1097	convey	～を伝える／～を運ぶ	～を伝える／～を運ぶ／運搬する	0.721
lv1	1098	decay	腐敗する／腐敗	腐敗する／腐敗／衰える	0.721
lv1	1099	entertain	～を楽しませる／楽しませる	～を楽しませる／楽しませる／～をもてなす	0.629
lv1	1100	exploit	搾取する／～を搾取する	搾取する／～を搾取する／利用する	0.629
lv1	1101	imply	～を暗に意味する／～を意味する	～を暗に意味する／～を意味する／～を必然的に伴う	0.721
lv1	1102	notorious	悪名高い／評判が悪い	悪名高い／評判が悪い	0.629
lv1	1103	obey	～に従う／従う	～に従う／従う／～に服従する	0.721
lv1	1104	confess	告白する／白状する	告白する／白状する／～を告白する	0.720
lv1	1105	despair	絶望	絶望	0.628
lv1	1106	endure	～に耐える／我慢する	～に耐える／我慢する／耐える	0.628
lv1	1107	persuade	～を説得する／～に説得する	～を説得する／～に説得する／～を説得して～させる	0.628
lv1	1108	absorb	～を吸収する／～を夢中にさせる	～を吸収する／～を夢中にさせる／～を併合する	0.718
lv1	1109	accompany	～に同行する／～と一緒に行く	～に同行する／～と一緒に行く／～に付随する	0.627
lv1	1110	glimpse	ちらりと見えること／ちらり	ちらりと見えること／ちらり／ちらりと見る	0.627
lv1	1111	interpret	～を解釈する／通訳する	～を解釈する／通訳する／～を通訳する	0.718
lv1	1112	reluctant	気が進まない／嫌がる	気が進まない／嫌がる／したがらない	0.718
lv1	1113	spoil	～を台無しにする／～を甘やかす	～を台無しにする／～を甘やかす／台無しにする	0.718
lv1	1114	temper	気性／機嫌	気性／機嫌／気質	0.627
lv1	1115	undergo	～を経験する／～を受ける	～を経験する／～を受ける／～に耐える	0.718
lv1	1116	confront	～に直面する／～に立ち向かう	～に直面する／～に立ち向かう／立ちはだかる	0.625
lv1	1117	epidemic	流行／蔓延	流行／蔓延／伝染病	0.625
lv1	1118	primitive	原始的な／未開の	原始的な／未開の／原始の	0.717
lv1	1119	restrict	～を制限する	～を制限する	0.717
lv1	1120	seize	～をつかむ／つかむ	～をつかむ／つかむ／～を奪い取る	0.717
lv1	1121	vacant	空いている／使用されていない	空いている／使用されていない	0.717
lv1	1122	distribute	～を分配する／分配する	～を分配する／分配する／配る	0.624
lv1	1123	hesitate	ためらう／躊躇する	ためらう／躊躇する	0.624
lv1	1124	modify	～を修正する／～を緩和する	～を修正する／～を緩和する／修正する	0.716
lv1	1125	neglect	～を怠る／～を無視する	～を怠る／～を無視する／怠る	0.624
lv1	1126	prejudice	偏見／先入観	偏見／先入観／～に偏見をもたせる	0.716
lv1	1127	surround	～を取り囲む／～を囲む	～を取り囲む／～を囲む／～を取り巻く	0.624
lv1	1128	compensate	補償する／に	補償する／に／～に補償する	0.623
lv1	1129	faint	かすかな／めまいがする	かすかな／めまいがする／弱々しい	0.623
lv1	1130	abundant	豊富な／富む	豊富な／富む	0.713
lv1	1131	attribute	属性／～を帰する	属性／～を帰する／原因を帰す	0.622
lv1	1132	conquer	～を征服する／～を克服する	～を征服する／～を克服する／征服する	0.622
lv1	1133	mold	鋳型／作る	鋳型／作る／鋳物	0.622
lv1	1134	relieve	～を和らげる／～を解放する	～を和らげる／～を解放する／安心する	0.622
lv1	1135	stubborn	頑固な／強情な	頑固な／強情な／手に負えない	0.620
lv1	1136	transplant	～を移植する／移植	～を移植する／移植／～を移住させる	0.620
lv1	1137	violate	違反する／～に違反する	違反する／～に違反する／～を侵害する	0.711
lv1	1138	ingredient	材料／成分	材料／成分／要因	0.709
lv1	1139	nod	うなずく／～を軽く下げる	うなずく／～を軽く下げる／会釈する	0.709
lv1	1140	shrink	縮む／減る	縮む／減る／縮小する	0.708
lv1	1141	thrive	繁栄する／うまくいく	繁栄する／うまくいく／繁茂する	0.708
lv1	1142	disguise	～を変装させる／隠す	～を変装させる／隠す／～を偽る	0.707
lv1	1143	obstacle	障害／障害〈可算〉	障害／障害〈可算〉／障害物	0.707
lv1	1144	distract	～をそらす／そらす	～をそらす／そらす／～の気を紛らす	0.706
lv1	1145	illustrate	～を説明する／～を例証する	～を説明する／～を例証する／～に挿絵を入れる	0.706
lv1	1146	gaze	見つめる／じっと見る	見つめる／じっと見る／視線	0.704
lv1	1147	emphasize	～を強調する／～を重視する	～を強調する／～を重視する／力説する	0.703
lv1	1148	trait	特徴／特性	特徴／特性／特色	0.703
lv1	1149	peculiar	特有の／変な	特有の／変な／固有の	0.700
lv1	1150	stimulate	～を刺激する／促進する	～を刺激する／促進する	0.700
lv1	1151	transmit	伝える／～を送る	伝える／～を送る／～を伝える	0.700
lv1	1152	wander	歩き回る／ぶらつく	歩き回る／ぶらつく／さまよう	0.700
lv1	1153	forbid	～を禁じる	～を禁じる	0.699
lv1	1154	remark	～と述べる／述べる	～と述べる／述べる／発言	0.699
lv1	1155	symptom	症状／兆候	症状／兆候	0.697
lv1	1156	disgust	嫌悪／～をむかつかせる	嫌悪／～をむかつかせる／～に愛想を尽かせる	0.693
lv1	1157	famine	飢饉／ひどい不足	飢饉／ひどい不足	0.693
lv1	1158	interrupt	～を中断する／～を中断させる	～を中断する／～を中断させる／邪魔をする	0.693
lv1	1159	soak	～を浸す／～をずぶぬれにする	～を浸す／～をずぶぬれにする／浸る	0.693
lv1	1160	attain	達成する／～を達成する	達成する／～を達成する／～を獲得する	0.691
lv1	1161	commute	通勤する／通勤・通学する	通勤する／通勤・通学する／通勤	0.686
lv1	1162	prevail	普及している／普及する	普及している／普及する／支配的である	0.685
lv1	1163	conform	従う／順応する	従う／順応する／一致する	0.682
lv1	1164	devote	～をささげる／～を捧げる	～をささげる／～を捧げる／～を充てる	0.682
lv1	1165	conceal	～を隠す／隠す	～を隠す／隠す／～を秘密にする	0.681
lv1	1166	inherit	～を受け継ぐ／相続する	～を受け継ぐ／相続する／～を相続する	0.681
lv1	1167	starve	飢える／渇望する	飢える／渇望する／～を飢えさせる	0.681
lv1	1168	boast	自慢する／～を誇る	自慢する／～を誇る／鼻にかける	0.680
lv1	1169	dedicate	ささげる／～を捧げる	ささげる／～を捧げる／捧げる	0.680
lv1	1170	prohibit	～を禁止する／～を禁じる	～を禁止する／～を禁じる／〈法・団体が〉～を禁じる	0.680
lv1	1171	equip	～に備えつける／～を装備させる	～に備えつける／～を装備させる／装備する	0.679
lv1	1172	ancestor	祖先／先祖	祖先／先祖／原型	0.677
lv1	1173	accumulate	蓄積する／集める	蓄積する／集める／～を蓄積する	0.676
lv1	1174	postpone	～を延期する／延期する	～を延期する／延期する	0.676
lv1	1175	annoy	～をいらいらさせる／～を悩ます	～をいらいらさせる／～を悩ます／怒らせる	0.673
lv1	1176	indifferent	無関心な／無関心で	無関心な／無関心で／無関心だ	0.671
lv1	1177	betray	～を裏切る／裏切る	～を裏切る／裏切る／～をうっかり表す	0.668
lv1	1178	scatter	～をまき散らす／分散する	～をまき散らす／分散する／～をばらまく	0.664
lv1	1179	deceive	～をだます／だます	～をだます／だます	0.663
lv1	1180	contradict	～と矛盾する／～に反論する	～と矛盾する／～に反論する／～に反対意見を言う	0.659
lv1	1181	mammal	哺乳類／哺乳動物	哺乳類／哺乳動物	0.654
lv1	1182	overtake	～に追いつく／～を襲う	～に追いつく／～を襲う／～を追い抜く	0.653
lv1	1183	imitate	～をまねる／～を真似る	～をまねる／～を真似る／～を見習う	0.652
lv1	1184	exaggerate	誇張する／～を誇張する	誇張する／～を誇張する／～を強調する	0.639
lv1	1185	amuse	～を楽しませる／笑わせる	～を楽しませる／笑わせる／面白がらせる	0.630
lv2	1	contact	～と連絡する／～と連絡を取る	～と連絡する／～と連絡を取る／接触する	0.616
lv2	2	fair	公正な／公平な	公正な／公平な／かなりの	0.616
lv2	3	kid	冗談を言う／からかう	冗談を言う／からかう	0.616
lv2	4	link	関連／つながり	関連／つながり／交通手段	0.616
lv2	5	throughout	いたる所に	いたる所に	0.616
lv2	6	absolutely	絶対に	絶対に	0.612
lv2	7	additional	追加の／付加的な	追加の／付加的な	0.612
lv2	8	beyond	～の向こうに	～の向こうに／～できる範囲をこえて	0.612
lv2	9	extra	追加の／余分な	追加の／余分な／臨時の	0.612
lv2	10	immediately	すぐに／直接に	すぐに／直接に	0.612
lv2	11	minute	分／微小な	分／微小な／極めて小さい	0.612
lv2	12	nature	自然／性質	自然／性質／本質	0.612
lv2	13	sell	～を売る／売れる	～を売る／売れる	0.612
lv2	14	unless	～しない限り	～しない限り	0.612
lv2	15	agree	賛成する／同意する	賛成する／同意する／意見が一致する	0.608
lv2	16	construction	建設／建設〈不可算〉	建設／建設〈不可算〉	0.608
lv2	17	favorite	いちばん好きな	いちばん好きな	0.608
lv2	18	movement	運動	運動	0.608
lv2	19	scene	場面／現場	場面／現場／～界	0.608
lv2	20	spend	～を費やす／～を使う	～を費やす／～を使う	0.608
lv2	21	statement	声明／陳述	声明／陳述／記述	0.608
lv2	22	ability	能力	能力	0.604
lv2	23	definitely	絶対／間違いなく	絶対／間違いなく／確かに	0.604
lv2	24	fear	恐怖／～を恐れる	恐怖／～を恐れる／～を心配する	0.600
lv2	25	global	世界的な	世界的な	0.600
lv2	26	letter	手紙／文字	手紙／文字	0.600
lv2	27	regular	定期的な	定期的な	0.600
lv2	28	unit	単位	単位	0.600
lv2	29	battle	戦闘	戦闘	0.596
lv2	30	brain	脳	脳	0.596
lv2	31	degree	程度／学位	程度／学位／度	0.596
lv2	32	hurt	～を傷つける／痛む	～を傷つける／痛む／～を痛める	0.596
lv2	33	image	イメージ／印象	イメージ／印象／画像	0.596
lv2	34	majority	大多数	大多数	0.596
lv2	35	opinion	意見	意見	0.596
lv2	36	reach	～に着く／～に到着する	～に着く／～に到着する／～に達する	0.596
lv2	37	rule	規則／～を支配する	規則／～を支配する	0.596
lv2	38	active	積極的な／活動的な	積極的な／活動的な／活発な	0.592
lv2	39	direction	方向／方角	方向／方角／道順	0.592
lv2	40	master	修士	修士	0.592
lv2	41	ship	～を出荷する／～を輸送する	～を出荷する／～を輸送する	0.592
lv2	42	commercial	営利的な／商業の	営利的な／商業の／商業的な	0.588
lv2	43	latest	最新の／最近の	最新の／最近の	0.588
lv2	44	multiple	多様な／種々雑多な	多様な／種々雑多な／多くの	0.588
lv2	45	organization	組織	組織	0.588
lv2	46	protect	～を守る／～を保護する	～を守る／～を保護する／保護する	0.588
lv2	47	senior	上級の／高齢者の	上級の／高齢者の／最上級生	0.588
lv2	48	spring	春／泉	春／泉／温泉	0.588
lv2	49	wear	～をすり減らす／～を着ている	～をすり減らす／～を着ている／～を身に着けている	0.588
lv2	50	choose	～を選ぶ／選ぶ	～を選ぶ／選ぶ	0.584
lv2	51	commission	代理手数料／歩合	代理手数料／歩合／委員会	0.584
lv2	52	direct	～を指揮する／直接の	～を指揮する／直接の／直接的な	0.585
lv2	53	grand	豪華な／雄大な	豪華な／雄大な	0.584
lv2	54	literally	文字通り／文字どおり	文字通り／文字どおり／文字どおりに	0.585
lv2	55	necessary	必要な	必要な	0.584
lv2	56	touch	～を感動させる	～を感動させる	0.584
lv2	57	damage	損害／～に損害を与える	損害／～に損害を与える／損傷	0.584
lv2	58	disease	病気	病気	0.584
lv2	59	grow	成長する	成長する	0.580
lv2	60	professor	教授	教授	0.580
lv2	61	effective	効果的な／有効な	効果的な／有効な	0.576
lv2	62	explain	～を説明する／説明する	～を説明する／説明する	0.582
lv2	63	fully	全く／完全に	全く／完全に	0.576
lv2	64	male	男の／男性の	男の／男性の／男性	0.582
lv2	65	plant	植物／工場	植物／工場／発電所	0.576
lv2	66	spot	場所／斑点	場所／斑点／～を突き止める	0.576
lv2	67	comment	意見／論評	意見／論評／コメント	0.572
lv2	68	equipment	設備	設備	0.572
lv2	69	holy	神聖な	神聖な	0.572
lv2	70	nation	国／国家	国／国家／国民	0.572
lv2	71	primary	主な／第1の	主な／第1の／最も重要な	0.581
lv2	72	responsible	責任がある／責任のある	責任がある／責任のある／原因となっている	0.581
lv2	73	agency	機関／代理店	機関／代理店	0.568
lv2	74	executive	重役／幹部	重役／幹部／経営者	0.568
lv2	75	politics	政治／政治学	政治／政治学	0.568
lv2	76	pop	ひょいと動く／不意に現れる	ひょいと動く／不意に現れる／ポンとはじける	0.568
lv2	77	therefore	それゆえに／したがって	それゆえに／したがって／その結果	0.580
lv2	78	app	アプリ	アプリ	0.564
lv2	79	application	申請書／申し込み	申請書／申し込み／適用	0.564
lv2	80	condition	状況／状態	状況／状態／条件	0.578
lv2	81	division	不和／分割	不和／分割／部門	0.564
lv2	82	interview	インタビュー／面接	インタビュー／面接	0.564
lv2	83	accept	～を受け入れる	～を受け入れる	0.577
lv2	84	actual	実際の／現実の	実際の／現実の	0.560
lv2	85	appear	現れる／～のように思える	現れる／～のように思える／～のように見える	0.560
lv2	86	channel	伝達経路／チャンネル	伝達経路／チャンネル／海峡	0.560
lv2	87	distance	距離	距離	0.560
lv2	88	finding	発見	発見	0.560
lv2	89	prior	前の／～より前の	前の／～より前の	0.577
lv2	90	receive	～を受け取る	～を受け取る	0.560
lv2	91	religious	宗教の／信仰があつい	宗教の／信仰があつい	0.560
lv2	92	royal	王の／王室の	王の／王室の	0.560
lv2	93	serve	役に立つ／～を出す	役に立つ／～を出す／～に役立つ	0.560
lv2	94	traffic	交通／交通〈不可算〉	交通／交通〈不可算〉／通行	0.577
lv2	95	bottom	底／一番下	底／一番下／最下位	0.556
lv2	96	famous	有名な	有名な	0.556
lv2	97	lie	横たわる／存在する	横たわる／存在する／うそをつく	0.556
lv2	98	square	正方形	正方形	0.556
lv2	99	worry	心配する／心配をする	心配する／心配をする／心配	0.576
lv2	100	brand	ブランド／銘柄	ブランド／銘柄	0.552
lv2	101	brand-new	新品の／真新しい	新品の／真新しい	0.552
lv2	102	count	～を数える／重要である	～を数える／重要である／数える	0.552
lv2	103	critical	重大な／批判的な	重大な／批判的な／決定的な	0.575
lv2	104	digital	デジタルの／デジタル方式の	デジタルの／デジタル方式の／デジタル表示の	0.552
lv2	105	mostly	大部分は	大部分は	0.552
lv2	106	previously	以前に	以前に	0.552
lv2	107	remain	ままでいる／～のままでいる	ままでいる／～のままでいる／残る	0.552
lv2	108	score	～をとる／～を取る	～をとる／～を取る	0.552
lv2	109	separate	～を分離する	～を分離する	0.552
lv2	110	smart	利口な／頭の良い	利口な／頭の良い	0.552
lv2	111	throw	～を投げる／～を捨てる	～を投げる／～を捨てる／～を催す	0.552
lv2	112	arms	武器／軍備	武器／軍備	0.548
lv2	113	click	クリックする／～をカチッと鳴らす	クリックする／～をカチッと鳴らす／カチッと音がする	0.548
lv2	114	fashion	流行／方法	流行／方法／流儀	0.573
lv2	115	generation	世代／生み出すこと	世代／生み出すこと／発電	0.573
lv2	116	profile	横顔／人物の紹介	横顔／人物の紹介／プロフィール	0.548
lv2	117	seat	座っている	座っている	0.548
lv2	118	target	目標／的	目標／的	0.573
lv2	119	agent	代理人／仲介者	代理人／仲介者／代理店	0.544
lv2	120	draw	～を描く／～を引く	～を描く／～を引く／～を引き出す	0.572
lv2	121	enter	～に入る	～に入る	0.544
lv2	122	foundation	基盤／基礎	基盤／基礎／土台	0.544
lv2	123	memory	記憶／思い出	記憶／思い出	0.544
lv2	124	rise	上がる／昇る	上がる／昇る／上昇	0.572
lv2	125	weird	変な／奇妙な	変な／奇妙な／異様な	0.572
lv2	126	Senate	上院	上院	0.540
lv2	127	adult	大人／大人の	大人／大人の	0.540
lv2	128	apparently	一見／見たところでは	一見／見たところでは／聞いたところでは	0.571
lv2	129	edition	版	版	0.540
lv2	130	grade	等級／成績	等級／成績／学年	0.540
lv2	131	institute	～を制定する／協会	～を制定する／協会／研究所	0.540
lv2	132	strength	体力／強さ	体力／強さ／力	0.540
lv2	133	wild	野生の	野生の	0.540
lv2	134	extremely	非常に／極度に	非常に／極度に	0.536
lv2	135	indeed	確かに～／本当に	確かに～／本当に／実際に	0.536
lv2	136	spirit	精神／気分	精神／気分／霊魂	0.536
lv2	137	trouble	困難／問題	困難／問題／ごたごた	0.536
lv2	138	apart	離れて	離れて	0.532
lv2	139	gift	贈り物／才能	贈り物／才能	0.532
lv2	140	nor	～もない	～もない	0.532
lv2	141	shut	～を閉める	～を閉める	0.532
lv2	142	birth	出産	出産	0.528
lv2	143	host	～を主催する／多くの	～を主催する／多くの／～のホスト役を務める	0.567
lv2	144	journal	雑誌／専門誌	雑誌／専門誌／日刊新聞	0.528
lv2	145	length	長さ	長さ	0.528
lv2	146	possibly	ひょっとすると／ことによると	ひょっとすると／ことによると／いったい	0.567
lv2	147	setting	環境／状況	環境／状況／設定	0.528
lv2	148	tough	たくましい／骨の折れる	たくましい／骨の折れる／困難な	0.567
lv2	149	ad	広告	広告	0.524
lv2	150	alive	生きている	生きている	0.524
lv2	151	balance	均衡／バランス	均衡／バランス／平衡	0.524
lv2	152	boss	上司	上司	0.524
lv2	153	fellow	仲間／人	仲間／人／仲間の	0.566
lv2	154	net	正味の／掛け値なしの	正味の／掛け値なしの	0.524
lv2	155	request	～に頼む／～を要請する	～に頼む／～を要請する	0.524
lv2	156	wake	目が覚める／～を起こす	目が覚める／～を起こす	0.524
lv2	157	billion	十億／10億	十億／10億	0.520
lv2	158	concerned	関心を持っている／重視している	関心を持っている／重視している／扱っている	0.520
lv2	159	criminal	犯人／犯罪者	犯人／犯罪者	0.520
lv2	160	file	ファイル／～とじ込み	ファイル／～とじ込み	0.520
lv2	161	fix	～を修理する／～を固定する	～を修理する／～を固定する／～を作る	0.564
lv2	162	frank	率直な	率直な	0.520
lv2	163	investigation	調査／研究	調査／研究	0.520
lv2	164	responsibility	責任	責任	0.520
lv2	165	roll	転がる／～を転がす	転がる／～を転がす／巻く	0.520
lv2	166	unique	特有の／独自の	特有の／独自の／独特の	0.564
lv2	167	variety	多様	多様	0.520
lv2	168	violence	暴力	暴力	0.520
lv2	169	youth	若者	若者	0.520
lv2	170	injury	傷害／けが	傷害／けが	0.516
lv2	171	parliament	議会／国会	議会／国会／国会議員	0.563
lv2	172	reference	言及／参照	言及／参照	0.516
lv2	173	arm	腕／武器	腕／武器／兵器	0.512
lv2	174	bay	湾／入江	湾／入江	0.512
lv2	175	democratic	民主主義の／民主的な	民主主義の／民主的な	0.512
lv2	176	description	描写／説明	描写／説明	0.512
lv2	177	excellent	秀でている／すばらしい	秀でている／すばらしい	0.512
lv2	178	guard	警戒／警備員	警戒／警備員／警備隊	0.512
lv2	179	port	港	港	0.512
lv2	180	presence	存在／出席	存在／出席／面前	0.512
lv2	181	shoot	撃つ	撃つ	0.512
lv2	182	taste	味／～の味がする	味／～の味がする／好み	0.562
lv2	183	victory	勝利	勝利	0.512
lv2	184	classic	典型的な／第一級の	典型的な／第一級の／最高水準の	0.508
lv2	185	clothes	衣服／服〈複数扱い〉	衣服／服〈複数扱い〉	0.508
lv2	186	electric	電気の／電動の	電気の／電動の	0.508
lv2	187	massive	大量の／大規模な	大量の／大規模な／巨大な	0.508
lv2	188	plenty	十分な	十分な	0.508
lv2	189	shape	形／体調	形／体調	0.508
lv2	190	valley	谷	谷	0.508
lv2	191	accident	事故／事件	事故／事件／偶然	0.504
lv2	192	advanced	進歩した／前進した	進歩した／前進した／上級の	0.504
lv2	193	fantastic	すばらしい	すばらしい	0.504
lv2	194	governor	知事	知事	0.504
lv2	195	industrial	産業の／工業の	産業の／工業の	0.504
lv2	196	joint	関節／接合	関節／接合	0.504
lv2	197	mix	～を混ぜる	～を混ぜる	0.504
lv2	198	path	道／小道	道／小道／道筋	0.559
lv2	199	promise	～を約束する／約束	～を約束する／約束	0.504
lv2	200	terrible	ひどい／苦手で	ひどい／苦手で	0.559
lv2	201	afraid	恐れて	恐れて	0.500
lv2	202	crowd	群衆	群衆	0.558
lv2	203	enemy	敵／敵の	敵／敵の	0.558
lv2	204	intelligence	知性／諜報	知性／諜報	0.500
lv2	205	limit	～を制限する／制限	～を制限する／制限	0.558
lv2	206	proof	証拠／証明〈不可算〉	証拠／証明〈不可算〉／～を防ぐ	0.500
lv2	207	appearance	出現／外見	出現／外見／外観	0.496
lv2	208	attorney	弁護士／代理人	弁護士／代理人	0.496
lv2	209	behavior	行動	行動	0.496
lv2	210	expensive	高価な	高価な	0.496
lv2	211	update	～を最新のものにする	～を最新のものにする／～をアップデートする	0.496
lv2	212	exercise	運動／練習	運動／練習／～を行使する	0.492
lv2	213	flow	流れる／流れ	流れる／流れ／生じる	0.555
lv2	214	illegal	違法の／非合法の	違法の／非合法の	0.492
lv2	215	loan	貸付金／ローン	貸付金／ローン／融資	0.492
lv2	216	planet	惑星／地球	惑星／地球	0.492
lv2	217	transport	～を輸送する／輸送	～を輸送する／輸送／～を運ぶ	0.555
lv2	218	lawyer	弁護士	弁護士	0.488
lv2	219	mistake	間違い／～を誤解する	間違い／～を誤解する／まちがえる	0.488
lv2	220	platform	プラットフォーム／演壇	プラットフォーム／演壇／舞台	0.488
lv2	221	route	道／路線	道／路線／ルート	0.488
lv2	222	scientific	科学の	科学の	0.488
lv2	223	comfortable	快適な／心地よい	快適な／心地よい	0.553
lv2	224	concern	～に関係する／～を心配させる	～に関係する／～を心配させる／心配している	0.553
lv2	225	discuss	議論する／～を話し合う	議論する／～を話し合う／～を議論する	0.553
lv2	226	liberal	寛大な／自由主義の	寛大な／自由主義の／一般教養の	0.553
lv2	227	relatively	比較的／相対的に	比較的／相対的に	0.484
lv2	228	sector	部門／分野	部門／分野／セクター	0.553
lv2	229	storm	嵐	嵐	0.484
lv2	230	chapter	章	章	0.480
lv2	231	finance	財政／金融	財政／金融／資金	0.480
lv2	232	quiet	静かな	静かな	0.480
lv2	233	aircraft	航空機／飛行機	航空機／飛行機	0.476
lv2	234	argument	議論／口論	議論／口論	0.476
lv2	235	distribution	分配／配給	分配／配給	0.476
lv2	236	escape	逃れる／逃げる	逃れる／逃げる／脱出する	0.550
lv2	237	fill	～を満たす	～を満たす	0.476
lv2	238	lay	～を置く／～を横たえる	～を置く／～を横たえる／敷く	0.476
lv2	239	bob	上下に動く／急に動く	上下に動く／急に動く／～を上下に動かす	0.472
lv2	240	coverage	報道／補償	報道／補償／補償範囲	0.549
lv2	241	experienced	熟練した	熟練した	0.472
lv2	242	ministry	省／省庁	省／省庁	0.472
lv2	243	mode	方式／様式	方式／様式／形態	0.549
lv2	244	vision	展望／視力	展望／視力／視野	0.472
lv2	245	jail	刑務所／拘置所	刑務所／拘置所	0.468
lv2	246	kingdom	王国／～界	王国／～界／社会	0.468
lv2	247	literature	文学／文献	文学／文献	0.548
lv2	248	mayor	市長	市長	0.548
lv2	249	stream	小川／流れ	小川／流れ	0.548
lv2	250	suicide	自殺／自殺的行為	自殺／自殺的行為	0.548
lv2	251	theme	主題／テーマ	主題／テーマ	0.548
lv2	252	typically	通常／概して	通常／概して／典型的に	0.468
lv2	253	unfortunately	残念なことに	残念なことに	0.468
lv2	254	alcohol	アルコール／酒	アルコール／酒	0.464
lv2	255	bright	明るい／賢い	明るい／賢い／頭のいい	0.464
lv2	256	conservative	保守的な／保守	保守的な／保守	0.546
lv2	257	customer	客／顧客	客／顧客	0.464
lv2	258	fail	できない／失敗する	できない／失敗する／しない	0.546
lv2	259	largely	主に／大部分は	主に／大部分は	0.464
lv2	260	bomb	爆弾	爆弾	0.460
lv2	261	goods	商品	商品	0.460
lv2	262	hang	～を掛ける／～を絞首刑にする	～を掛ける／～を絞首刑にする／垂れる	0.545
lv2	263	maximum	最大限／最大	最大限／最大	0.545
lv2	264	reserve	～を予約する／～を取っておく	～を予約する／～を取っておく／～を保留する	0.545
lv2	265	empty	空の／からの	空の／からの／中身のない	0.544
lv2	266	reasonable	理にかなった／手ごろな	理にかなった／手ごろな／筋の通った	0.544
lv2	267	branch	枝／支店	枝／支店／部門	0.542
lv2	268	frame	枠／額縁	枠／額縁／わく	0.542
lv2	269	sentence	文／判決	文／判決／刑	0.542
lv2	270	chat	おしゃべりする／おしゃべりをする	おしゃべりする／おしゃべりをする／おしゃべり	0.541
lv2	271	navy	海軍	海軍	0.541
lv2	272	transportation	交通機関／輸送	交通機関／輸送／交通機関〈不可算〉	0.541
lv2	273	depression	うつ病／不景気	うつ病／不景気／憂うつ	0.540
lv2	274	grace	優美／優美さ	優美／優美さ／優雅さ	0.540
lv2	275	latter	後者の／後半の	後者の／後半の／後ろの方の	0.540
lv2	276	constant	絶え間ない／一定の	絶え間ない／一定の	0.537
lv2	277	dumb	ばか／ばかげた	ばか／ばかげた／口がきけない	0.537
lv2	278	hide	～を隠す／隠れる	～を隠す／隠れる	0.537
lv2	279	height	高さ／最盛期	高さ／最盛期／高度	0.536
lv2	280	marine	海の／船舶の	海の／船舶の	0.536
lv2	281	chest	胸／箱	胸／箱／タンス	0.535
lv2	282	convention	慣習／大会	慣習／大会／会議	0.532
lv2	283	graduate	卒業する／～を卒業する	卒業する／～を卒業する	0.532
lv2	284	reply	返事をする／返事を出す	返事をする／返事を出す／答える	0.532
lv2	285	barely	かろうじて／ほとんど～ない	かろうじて／ほとんど～ない	0.531
lv2	286	consistent	矛盾のない／安定した	矛盾のない／安定した／着実な	0.530
lv2	287	meanwhile	その間に／その間	その間に／その間／その一方で	0.530
lv2	288	rescue	～を救う／～を救助する	～を救う／～を救助する	0.530
lv2	289	rush	急いで行く／性急に行動する	急いで行く／性急に行動する／～をせき立てる	0.530
lv2	290	trick	策略／いたずら	策略／いたずら／こつ	0.530
lv2	291	complicated	複雑な／ややこしい	複雑な／ややこしい	0.620
lv2	292	extent	程度／範囲	程度／範囲	0.528
lv2	293	household	家庭の／世帯	家庭の／世帯／所帯	0.620
lv2	294	mount	～に乗る／すえつける	～に乗る／すえつける／～を据えつける	0.528
lv2	295	technique	技術／技巧	技術／技巧／手法	0.620
lv2	296	infrastructure	基本的施設／インフラ	基本的施設／インフラ／基盤	0.527
lv2	297	loose	ゆるい／緩い	ゆるい／緩い／ゆるんだ	0.619
lv2	298	transition	移り変わり／過渡期	移り変わり／過渡期／推移	0.619
lv2	299	acid	酸性の／辛辣な	酸性の／辛辣な／酸っぱい	0.617
lv2	300	charity	慈善／慈悲	慈善／慈悲／慈善事業	0.617
lv2	301	formula	公式／方法	公式／方法／式	0.617
lv2	302	penalty	罰／刑	罰／刑／刑罰	0.526
lv2	303	select	～を選ぶ／～を選び出す	～を選ぶ／～を選び出す／えり抜く	0.526
lv2	304	trail	小道／跡	小道／跡／山道	0.526
lv2	305	chase	～を追いかける／追跡する	～を追いかける／追跡する／追いかける	0.616
lv2	306	muscle	筋肉	筋肉	0.616
lv2	307	procedure	手続き／手順	手続き／手順	0.524
lv2	308	rank	～を位置づける／位置する	～を位置づける／位置する／等級	0.524
lv2	309	thread	糸／筋道	糸／筋道／～に糸を通す	0.616
lv2	310	wage	賃金／給料	賃金／給料／～を行う	0.616
lv2	311	horror	恐怖／強い嫌悪	恐怖／強い嫌悪／嫌な物	0.523
lv2	312	output	生産高／出力	生産高／出力／生産	0.615
lv2	313	plain	平易な／明白な	平易な／明白な／わかりやすい	0.615
lv2	314	rear	～を育てる／育てる	～を育てる／育てる	0.523
lv2	315	assist	～を手伝う／援助する	～を手伝う／援助する／～を助ける	0.522
lv2	316	ordinary	普通の／一般の	普通の／一般の／平凡な	0.614
lv2	317	suck	吸う／しゃぶる	吸う／しゃぶる／～を吸う	0.614
lv2	318	trash	ごみ／ゴミ	ごみ／ゴミ／～を捨てる	0.522
lv2	319	ugly	醜い／みにくい	醜い／みにくい	0.522
lv2	320	evolution	進化／発展	進化／発展／展開	0.521
lv2	321	lately	最近	最近	0.521
lv2	322	repair	～を修理する／～を修復する	～を修理する／～を修復する／修理	0.612
lv2	323	saint	聖／聖人	聖／聖人／聖人のような人	0.521
lv2	324	delay	～を遅らせる／遅延	～を遅らせる／遅延／遅れ	0.611
lv2	325	desert	砂漠／～を捨てる	砂漠／～を捨てる／不毛の地	0.611
lv2	326	elite	エリート／えり抜きの	エリート／えり抜きの／精鋭	0.519
lv2	327	hire	～を雇う／～を借りる	～を雇う／～を借りる	0.519
lv2	328	layer	層	層	0.611
lv2	329	marry	～と結婚する／結婚している	～と結婚する／結婚している	0.611
lv2	330	poetry	詩／詩〈不可算〉	詩／詩〈不可算〉	0.519
lv2	331	sake	ため／～のために	ため／～のために／目的	0.519
lv2	332	string	ひも／糸	ひも／糸／一連の～	0.519
lv2	333	broadcast	～を放送する／放送	～を放送する／放送	0.518
lv2	334	citizen	国民／市民	国民／市民	0.518
lv2	335	liquid	液体／液体の	液体／液体の	0.518
lv2	336	makeup	化粧／構成	化粧／構成／化粧品	0.518
lv2	337	narrow	狭い／細い	狭い／細い／～を狭くする	0.610
lv2	338	silly	ばかな	ばかな	0.518
lv2	339	subsequent	その後の／次に起こる	その後の／次に起こる／続いて起こる	0.610
lv2	340	visible	目に見える／見える	目に見える／見える／明白な	0.610
lv2	341	belong	所属している／属する	所属している／属する／ものである	0.608
lv2	342	hence	だから／それ故に	だから／それ故に／後に	0.517
lv2	343	rapid	急速な／急流	急速な／急流	0.608
lv2	344	commerce	商業／貿易	商業／貿易／通商	0.607
lv2	345	merely	単に／単なる	単に／単なる／～にすぎない	0.607
lv2	346	monitor	～を監視する／～を傍受する	～を監視する／～を傍受する／画面	0.515
lv2	347	ratio	比率	比率	0.515
lv2	348	seed	種／シード選手	種／シード選手	0.515
lv2	349	settle	定住する／～を解決する	定住する／～を解決する／～を落ち着かせる	0.607
lv2	350	sin	罪	罪	0.515
lv2	351	spell	～をつづる／呪文	～をつづる／呪文／～という語になる	0.607
lv2	352	sword	剣	剣	0.515
lv2	353	tongue	言語／舌	言語／舌／言葉	0.515
lv2	354	comprehensive	包括的な／広範囲にわたる	包括的な／広範囲にわたる	0.514
lv2	355	extraordinary	並外れた／並はずれた	並外れた／並はずれた／異常な	0.606
lv2	356	glory	栄光	栄光	0.606
lv2	357	headquarters	本社／本部	本社／本部	0.514
lv2	358	initiative	主導権／構想	主導権／構想／新構想	0.514
lv2	359	logic	論理／論理学	論理／論理学／道理	0.606
lv2	360	objective	目標／目的	目標／目的／客観的な	0.514
lv2	361	script	台本／筆跡	台本／筆跡／脚本	0.514
lv2	362	ambassador	大使	大使	0.605
lv2	363	dozen	ダース／12	ダース／12／数十の～	0.513
lv2	364	fancy	空想／好み	空想／好み／高級な	0.605
lv2	365	sequence	連続／順番	連続／順番／一連	0.513
lv2	366	deny	～を否定する／～を拒む	～を否定する／～を拒む／〈SVO1O2〉に与えない	0.603
lv2	367	ease	～を和らげる／簡単さ	～を和らげる／簡単さ／～を軽減する	0.512
lv2	368	fame	名声	名声	0.603
lv2	369	flood	洪水／～を水浸しにする	洪水／～を水浸しにする	0.512
lv2	370	precious	貴重な／高価な	貴重な／高価な	0.602
lv2	371	priest	神父／牧師	神父／牧師／聖職者	0.602
lv2	372	satellite	衛星／人工衛星	衛星／人工衛星	0.510
lv2	373	shake	～を振る／～を揺さぶる	～を振る／～を揺さぶる／震える	0.510
lv2	374	substantial	かなりの／重要な	かなりの／重要な／相当な	0.510
lv2	375	trap	わな／苦境	わな／苦境／閉じ込められる	0.510
lv2	376	wildlife	野生生物	野生生物	0.510
lv2	377	apparent	明白な／明らかな	明白な／明らかな／見たところの	0.509
lv2	378	courage	勇気	勇気	0.601
lv2	379	desperate	必死の／絶望的な	必死の／絶望的な／強く望んで	0.509
lv2	380	humanity	人類／人間性	人類／人間性／人文科学	0.509
lv2	381	ongoing	進行中の／継続している	進行中の／継続している／継続中の	0.509
lv2	382	virtual	仮想の／事実上の	仮想の／事実上の	0.509
lv2	383	biological	生物／生物の	生物／生物の／生物学の	0.508
lv2	384	dare	する勇気がある／あえてする	する勇気がある／あえてする／あえて...する	0.599
lv2	385	disorder	不調／障害	不調／障害／混乱	0.508
lv2	386	grave	墓／重大な	墓／重大な／死	0.599
lv2	387	slave	奴隷／～とらわれている人	奴隷／～とらわれている人	0.599
lv2	388	symbol	象徴／シンボル	象徴／シンボル／記号	0.508
lv2	389	terminal	終点／末期の	終点／末期の／終点の	0.508
lv2	390	affair	情勢／事件	情勢／事件／情事	0.598
lv2	391	agenda	協議事項／課題	協議事項／課題／議題	0.598
lv2	392	collective	集団の／共同の	集団の／共同の／集団	0.506
lv2	393	craft	工芸／技術	工芸／技術／工芸品	0.506
lv2	394	intellectual	知的な／知性の	知的な／知性の	0.598
lv2	395	regime	政権／政治体制	政権／政治体制／政体	0.506
lv2	396	summit	頂上／首脳会議	頂上／首脳会議／頂点	0.506
lv2	397	beast	野獣／獣	野獣／獣／動物	0.505
lv2	398	dialogue	対話／会話	対話／会話／対談	0.597
lv2	399	disabled	障害のある／障害者用の	障害のある／障害者用の／障がいのある	0.505
lv2	400	distinct	明らかに異なる／明瞭な	明らかに異なる／明瞭な／まったく異なる	0.505
lv2	401	eligible	資格のある／適格の	資格のある／適格の／望ましい	0.505
lv2	402	furniture	家具／家具〈不可算〉	家具／家具〈不可算〉	0.505
lv2	403	intelligent	聡明な／知能の高い	聡明な／知能の高い／知的な	0.597
lv2	404	polish	～を磨く／磨く	～を磨く／磨く／～を洗練させる	0.597
lv2	405	remarkable	すばらしい／注目すべき	すばらしい／注目すべき／注目に値する	0.505
lv2	406	sole	唯一の／単独の	唯一の／単独の／足の裏	0.597
lv2	407	succeed	成功する／継承する	成功する／継承する／継ぐ	0.597
lv2	408	tale	話／物語	話／物語	0.597
lv2	409	alarm	不安／～をぎょっとさせる	不安／～をぎょっとさせる／警報	0.596
lv2	410	globe	地球／世界	地球／世界／地球儀	0.504
lv2	411	intent	熱心な／没頭した	熱心な／没頭した／決意をしている	0.504
lv2	412	involve	～を伴う／～を含む	～を伴う／～を含む／～を巻き込む	0.596
lv2	413	spare	予備の／余分の	予備の／余分の／余分な	0.596
lv2	414	tap	～を軽くたたく／蛇口	～を軽くたたく／蛇口／軽くたたく	0.596
lv2	415	volunteer	ボランティア／自発的に申し出る	ボランティア／自発的に申し出る	0.504
lv2	416	chaos	混沌／大混乱	混沌／大混乱／無秩序	0.594
lv2	417	dawn	夜明け／夜が明ける	夜明け／夜が明ける／始まり	0.594
lv2	418	margin	差／余白	差／余白／利ざや	0.594
lv2	419	parallel	類似／平行の	類似／平行の／類似した	0.594
lv2	420	passage	一節／経過	一節／経過／移動	0.503
lv2	421	quest	探究／探求	探究／探求	0.503
lv2	422	vessel	船舶／船	船舶／船／容器	0.594
lv2	423	weed	雑草／草	雑草／草／海草	0.503
lv2	424	breathe	呼吸する／～を呼吸する	呼吸する／～を呼吸する／～を吸う	0.593
lv2	425	controversy	論争／議論	論争／議論	0.501
lv2	426	oral	口頭の／口述の	口頭の／口述の／口の	0.593
lv2	427	scope	範囲／余地	範囲／余地／領域	0.593
lv2	428	segment	部分／区分	部分／区分	0.501
lv2	429	spectrum	範囲／スペクトル	範囲／スペクトル／変動範囲	0.501
lv2	430	virtually	ほとんど／事実上	ほとんど／事実上／実質的に	0.501
lv2	431	conventional	従来の／伝統的な	従来の／伝統的な／月並みな	0.592
lv2	432	inquiry	調査／問い合わせ	調査／問い合わせ／質問	0.500
lv2	433	nevertheless	それにもかかわらず	それにもかかわらず	0.592
lv2	434	oxygen	酸素	酸素	0.592
lv2	435	rude	無礼な／失礼な	無礼な／失礼な／粗野な	0.592
lv2	436	trigger	～を引き起こす／引き金	～を引き起こす／引き金／きっかけになる	0.592
lv2	437	beneath	～の下に／～の下で	～の下に／～の下で	0.499
lv2	438	bullet	銃弾／弾丸	銃弾／弾丸	0.590
lv2	439	divine	神の／神聖なる	神の／神聖なる／神々しい	0.590
lv2	440	export	～を輸出する／輸出する	～を輸出する／輸出する／輸出	0.590
lv2	441	habit	習慣／癖	習慣／癖	0.590
lv2	442	noble	高貴な／高潔な	高貴な／高潔な／貴族の	0.590
lv2	443	asset	財産／資産	財産／資産／価値のあるもの	0.589
lv2	444	expense	経費／費用	経費／費用／犠牲	0.589
lv2	445	pole	極／棒	極／棒／さお	0.589
lv2	446	reception	反応／もてなし	反応／もてなし／宴会	0.589
lv2	447	recipe	調理法／レシピ	調理法／レシピ／秘訣	0.589
lv2	448	syndrome	症候群／～現象	症候群／～現象／シンドローム	0.497
lv2	449	delete	～を消す／削除する	～を消す／削除する／～を削除する	0.496
lv2	450	departure	出発／逸脱	出発／逸脱	0.496
lv2	451	fever	熱／熱狂	熱／熱狂	0.588
lv2	452	lightning	雷／稲妻	雷／稲妻	0.496
lv2	453	pension	年金／年金〈可算〉	年金／年金〈可算〉	0.588
lv2	454	pleasant	楽しい／快い	楽しい／快い／心地よい	0.496
lv2	455	gravity	重力／重大さ	重力／重大さ／引力	0.587
lv2	456	highlight	～を目立たせる／強調する	～を目立たせる／強調する／～を強調する	0.495
lv2	457	imperial	帝国の／皇帝の	帝国の／皇帝の	0.495
lv2	458	snap	ポキンと折れる	ポキンと折れる／～をパチンと鳴らす／ポキンと折る	0.495
lv2	459	transaction	取引／交流	取引／交流／取り引き	0.587
lv2	460	chronic	慢性の／長期的な	慢性の／長期的な／長引く	0.585
lv2	461	communicate	情報交換をする／意思を通じ合う	情報交換をする／意思を通じ合う／意志の疎通をする	0.585
lv2	462	flesh	肉／果肉	肉／果肉	0.585
lv2	463	opponent	敵／相手	敵／相手／反対者	0.494
lv2	464	patch	部分／斑点	部分／斑点／継ぎ	0.494
lv2	465	pollution	汚染／公害	汚染／公害／公害〈不可算〉	0.585
lv2	466	bulk	大半／容積	大半／容積／大部分	0.584
lv2	467	census	国勢調査／交通調査	国勢調査／交通調査	0.584
lv2	468	destiny	運命	運命	0.584
lv2	469	humor	ユーモア／機嫌	ユーモア／機嫌／気分	0.492
lv2	470	nerve	神経／神経過敏	神経／神経過敏／度胸	0.492
lv2	471	nightmare	悪夢／不安感	悪夢／不安感／恐ろしい経験	0.584
lv2	472	qualify	～に資格を与える／資格がある	～に資格を与える／資格がある／Aに適任である	0.584
lv2	473	widespread	広範囲にわたる／広く普及した	広範囲にわたる／広く普及した／広まっている	0.584
lv2	474	bare	裸の／むき出しの	裸の／むき出しの／最低限の	0.583
lv2	475	bias	偏見／傾向	偏見／傾向	0.583
lv2	476	chill	寒気／～を冷やす	寒気／～を冷やす／冷える	0.583
lv2	477	compound	化合物／～を悪化させる	化合物／～を悪化させる／～を合成する	0.583
lv2	478	examine	～を調べる／～を調査する	～を調べる／～を調査する／～を診察する	0.583
lv2	479	garbage	ごみ／ゴミ	ごみ／ゴミ／ごみ〈不可算〉	0.583
lv2	480	liver	肝臓	肝臓	0.491
lv2	481	metropolitan	大都市の／首都圏の	大都市の／首都圏の	0.491
lv2	482	patent	特許／～の特許をとる	特許／～の特許をとる／特許品	0.583
lv2	483	tropical	熱帯の／熱帯	熱帯の／熱帯	0.583
lv2	484	anonymous	匿名の	匿名の	0.581
lv2	485	bless	祝福する／～を祝福する	祝福する／～を祝福する／～に恩恵を与える	0.490
lv2	486	crush	押しつぶす／～を押しつぶす	押しつぶす／～を押しつぶす／～を潰す ★「ぐしゃっ」と潰す	0.490
lv2	487	decrease	減る／減少する	減る／減少する／減らす	0.490
lv2	488	partial	部分的な／不公平な	部分的な／不公平な／偏った	0.490
lv2	489	underlying	根本的な／潜在的な	根本的な／潜在的な／根底にある	0.490
lv2	490	apologize	謝る／弁明する	謝る／弁明する	0.580
lv2	491	indigenous	固有の／先住	固有の／先住／原産の	0.580
lv2	492	moreover	さらに／その上	さらに／その上／そのうえ	0.580
lv2	493	preliminary	予備の／事前の	予備の／事前の／予備的な	0.488
lv2	494	retain	～を保持する／～を覚えている	～を保持する／～を覚えている	0.580
lv2	495	shade	陰／日陰	陰／日陰／色合い	0.488
lv2	496	vocal	発声の／声の	発声の／声の／発声	0.488
lv2	497	warrior	戦士	戦士	0.488
lv2	498	convenient	便利な／都合がよい	便利な／都合がよい／都合がいい	0.579
lv2	499	earthquake	地震	地震	0.487
lv2	500	elderly	年配の／高齢の	年配の／高齢の／年配の人々	0.579
lv2	501	inform	～に知らせる／知らせる	～に知らせる／知らせる／情報を提供する	0.579
lv2	502	stake	賭け金／利害関係	賭け金／利害関係／危険	0.487
lv2	503	swift	素早い／すばやい	素早い／すばやい	0.579
lv2	504	tackle	～に取り組む／取り組む	～に取り組む／取り組む／立ち向かう	0.579
lv2	505	torture	拷問／～を拷問にかける	拷問／～を拷問にかける／辛いこと	0.579
lv2	506	vertical	垂直の／縦の	垂直の／縦の／垂直な	0.579
lv2	507	accent	方言／なまり	方言／なまり／訛	0.578
lv2	508	corrupt	～を堕落させる／～を買収する	～を堕落させる／～を買収する／堕落する	0.486
lv2	509	duration	継続／持続	継続／持続／期間	0.486
lv2	510	install	～を設置する	～を設置する／～をインストールする／備えつける	0.578
lv2	511	lecture	講義／講演	講義／講演／説教	0.486
lv2	512	sweat	汗／汗をかく	汗／汗をかく	0.486
lv2	513	alike	似ている／同様に	似ている／同様に	0.485
lv2	514	embassy	大使館／大使一行	大使館／大使一行	0.485
lv2	515	mandatory	義務的な／強制的な	義務的な／強制的な／必須の	0.576
lv2	516	mere	単なる／ほんの	単なる／ほんの	0.485
lv2	517	charm	魅力／お守り	魅力／お守り／呪文	0.575
lv2	518	curriculum	教育課程／カリキュラム	教育課程／カリキュラム／教科課程	0.483
lv2	519	deadline	締め切り	締め切り	0.483
lv2	520	cognitive	認知の／認知	認知の／認知	0.482
lv2	521	eternal	永遠の／永久の	永遠の／永久の／不変の	0.574
lv2	522	freeze	凍る／凍りつく	凍る／凍りつく／～を凍らせる	0.574
lv2	523	grip	～を握る／～をとらえる	～を握る／～をとらえる／～をしっかり握る	0.482
lv2	524	hybrid	雑種の／交配種	雑種の／交配種／混成の	0.574
lv2	525	rage	激怒／怒り	激怒／怒り／猛威	0.574
lv2	526	selfish	利己的な／自分勝手な	利己的な／自分勝手な	0.482
lv2	527	ally	同盟国／味方	同盟国／味方／提携者	0.572
lv2	528	breakdown	崩壊／衰弱	崩壊／衰弱／故障	0.481
lv2	529	brutal	残忍な／残酷な	残忍な／残酷な／無情な	0.481
lv2	530	consensus	合意／総意	合意／総意／意見の一致	0.572
lv2	531	seemingly	一見／見たところ	一見／見たところ／見たところでは	0.481
lv2	532	advise	～に忠告する／助言する	～に忠告する／助言する	0.479
lv2	533	dairy	乳製品／乳製品加工所	乳製品／乳製品加工所／酪農の	0.571
lv2	534	forecast	予報／～を予想する	予報／～を予想する／～を予報する	0.571
lv2	535	hug	抱きしめる／を	抱きしめる／を／抱擁	0.479
lv2	536	riot	暴動／暴動〈可算〉	暴動／暴動〈可算〉／反乱	0.571
lv2	537	smash	～を粉砕する／～を強打する	～を粉砕する／～を強打する／粉々に壊れる	0.571
lv2	538	statue	像／彫像	像／彫像	0.479
lv2	539	tender	柔らかい／優しい	柔らかい／優しい／やさしい	0.479
lv2	540	vacuum	真空／空白	真空／空白／空虚	0.479
lv2	541	cartoon	漫画／マンガ	漫画／マンガ／アニメ	0.478
lv2	542	console	～を慰める／慰める	～を慰める／慰める	0.478
lv2	543	diameter	直径	直径	0.570
lv2	544	dump	～を投棄する／～をどさっと落とす	～を投棄する／～をどさっと落とす／捨てる	0.478
lv2	545	exhausted	疲れ果てた／疲れ切っている	疲れ果てた／疲れ切っている	0.478
lv2	546	merchant	商人	商人	0.570
lv2	547	pale	青白い／淡い	青白い／淡い／血色が悪い	0.570
lv2	548	poison	毒	毒	0.478
lv2	549	continent	大陸／ヨーロッパ大陸	大陸／ヨーロッパ大陸	0.569
lv2	550	flame	炎／情熱	炎／情熱	0.477
lv2	551	horizon	地平線／水平線	地平線／水平線／視野	0.477
lv2	552	momentum	勢い／はずみ	勢い／はずみ／力	0.477
lv2	553	obligation	義務／責務	義務／責務／恩義	0.477
lv2	554	reign	統治／治世	統治／治世／君臨する	0.569
lv2	555	span	期間／範囲	期間／範囲	0.569
lv2	556	ambulance	救急車	救急車	0.567
lv2	557	ashamed	恥じて／恥ずかしい	恥じて／恥ずかしい	0.567
lv2	558	cheer	～を励ます／元気づける	～を励ます／元気づける／～に声援を送る	0.476
lv2	559	deficit	赤字／不足	赤字／不足／欠陥	0.567
lv2	560	expertise	専門的知識／専門知識	専門的知識／専門知識／専門的技術〈不可算〉	0.476
lv2	561	grocery	食料雑貨店／食料品	食料雑貨店／食料品／食料雑貨	0.567
lv2	562	laundry	洗濯／クリーニング店	洗濯／クリーニング店／洗濯物	0.567
lv2	563	observe	～を観察する／～を遵守する	～を観察する／～を遵守する／～に気づく	0.567
lv2	564	realm	領域／領土	領域／領土／王国	0.567
lv2	565	dip	浸す／～を浸す	浸す／～を浸す／～をつける	0.566
lv2	566	foul	不快な／違反	不快な／違反／汚い	0.474
lv2	567	frankly	率直に／正直に	率直に／正直に	0.474
lv2	568	savage	野蛮な／残酷な	野蛮な／残酷な／容赦ない	0.474
lv2	569	thesis	論文／学位論文	論文／学位論文／命題	0.566
lv2	570	tide	潮／潮流	潮／潮流／動向	0.474
lv2	571	comply	従う／～に従う	従う／～に従う／応じる	0.565
lv2	572	cope	対処する／うまく処理する	対処する／うまく処理する／うまく対処する	0.565
lv2	573	flavor	風味／味	風味／味／特色	0.565
lv2	574	immigrant	移民／移住者	移民／移住者	0.473
lv2	575	intermediate	中級の／中間の	中級の／中間の	0.473
lv2	576	likewise	同様に／同じように	同様に／同じように	0.473
lv2	577	magnificent	壮大な／すばらしい	壮大な／すばらしい／見事な	0.565
lv2	578	nonetheless	それにもかかわらず／それでもなお	それにもかかわらず／それでもなお	0.565
lv2	579	Arctic	北極の／北極地方	北極の／北極地方	0.563
lv2	580	elect	～を選出する／～を選ぶ	～を選出する／～を選ぶ／～を選挙で選ぶ	0.563
lv2	581	headline	見出し／大見出し	見出し／大見出し	0.472
lv2	582	kidney	腎臓	腎臓	0.563
lv2	583	modest	謙虚な／控えめな	謙虚な／控えめな／適度な	0.563
lv2	584	semester	学期	学期	0.472
lv2	585	sentiment	感情／感想	感情／感想／感傷	0.472
lv2	586	supplement	～を補う／栄養補助食品	～を補う／栄養補助食品／補う	0.563
lv2	587	accommodate	～を収容する／～を適応させる	～を収容する／～を適応させる／収容できる	0.562
lv2	588	aesthetic	美的な／美学の	美的な／美学の／美的	0.562
lv2	589	bounce	跳ねる／反射する	跳ねる／反射する／～を弾ませる	0.562
lv2	590	deliberately	故意に／慎重に	故意に／慎重に／わざと	0.470
lv2	591	extract	～を取り出す／抽出する	～を取り出す／抽出する／取り出す	0.562
lv2	592	ideology	イデオロギー／思想	イデオロギー／思想／思想傾向	0.562
lv2	593	namely	すなわち／つまり	すなわち／つまり	0.470
lv2	594	warn	～に警告する／警告する	～に警告する／警告する	0.562
lv2	595	insert	～を挿入する／差し込む	～を挿入する／差し込む／～を差し込む	0.561
lv2	596	sheer	まったくの／全くの	まったくの／全くの／純然たる	0.561
lv2	597	thumb	親指	親指	0.561
lv2	598	timber	材木／木材	材木／木材／樹木	0.469
lv2	599	wheat	小麦／小麦〈不可算〉	小麦／小麦〈不可算〉	0.469
lv2	600	wipe	～を拭く／～をふく	～を拭く／～をふく／～を拭き取る	0.469
lv2	601	acute	鋭い／激しい	鋭い／激しい／深刻な	0.560
lv2	602	arrange	～を手配する／～の段取りをつける	～を手配する／～の段取りをつける／～を並べる	0.560
lv2	603	behave	振る舞う／ふるまう	振る舞う／ふるまう／行動する	0.560
lv2	604	borrow	～を借りる	～を借りる	0.468
lv2	605	crude	粗野な／粗末な	粗野な／粗末な／生の	0.560
lv2	606	outlet	はけ口／コンセント	はけ口／コンセント／直売店	0.468
lv2	607	vaccine	ワクチン	ワクチン	0.468
lv2	608	cluster	集団／房	集団／房／群れ	0.558
lv2	609	deaf	耳が聞こえない／耳が不自由な	耳が聞こえない／耳が不自由な	0.558
lv2	610	entrepreneur	起業家／事業家	起業家／事業家	0.558
lv2	611	expedition	探検／遠征	探検／遠征／探検隊	0.467
lv2	612	feat	偉業／功績	偉業／功績／離れ業	0.558
lv2	613	neat	きちんとした／こぎれいな	きちんとした／こぎれいな／見事な	0.558
lv2	614	outbreak	発生／勃発	発生／勃発／ぼっ発	0.558
lv2	615	probe	探査機／探査	探査機／探査／宇宙探査機	0.558
lv2	616	sore	痛い／腹が立って	痛い／腹が立って／触れてほしくない	0.558
lv2	617	weigh	～の重さがある／～の重さを量る	～の重さがある／～の重さを量る／～を比較検討する	0.467
lv2	618	wicked	邪悪な／悪意のある	邪悪な／悪意のある／意地の悪い	0.467
lv2	619	acoustic	音響の／アコースティックの	音響の／アコースティックの／聴覚の	0.465
lv2	620	archive	記録文書／公文書	記録文書／公文書／公文書保管所	0.465
lv2	621	bump	ぶつかる／偶然出会う	ぶつかる／偶然出会う／～をぶつける	0.465
lv2	622	construct	～を建設する／～を構成する	～を建設する／～を構成する／組み立てる	0.557
lv2	623	doctrine	教義／教養	教義／教養／主義	0.465
lv2	624	furious	激怒した／猛烈な	激怒した／猛烈な	0.557
lv2	625	intact	無傷の／損なわれていない	無傷の／損なわれていない／手つかずの	0.557
lv2	626	intake	摂取量／受け入れ数	摂取量／受け入れ数／取り入れること	0.557
lv2	627	organize	～を組織する／～を準備する	～を組織する／～を準備する／～を主催する	0.557
lv2	628	pity	残念なこと／あわれむ	残念なこと／あわれむ／残念なこと〈可算〉	0.557
lv2	629	prophet	預言者／予言者	預言者／予言者	0.465
lv2	630	refugee	難民／亡命者	難民／亡命者	0.465
lv2	631	sensible	賢明な／分別のある	賢明な／分別のある／実用的な	0.465
lv2	632	characteristic	特徴／特徴〈可算〉	特徴／特徴〈可算〉／特有の	0.464
lv2	633	clash	衝突／衝突する	衝突／衝突する／対立	0.556
lv2	634	compatible	適合する／矛盾しない	適合する／矛盾しない／両立可能な	0.556
lv2	635	frontier	国境／辺境	国境／辺境／最先端	0.556
lv2	636	rub	こする／～をこする	こする／～をこする／～を塗る	0.556
lv2	637	slap	ピシャリと打つ／～を平手打ちする	ピシャリと打つ／～を平手打ちする／～をぴしゃりと叩く	0.464
lv2	638	thorough	徹底的な／完全な	徹底的な／完全な／まったくの	0.556
lv2	639	tumor	腫瘍／腫瘍〈可算〉	腫瘍／腫瘍〈可算〉／腫れ物	0.556
lv2	640	circulation	発行部数／循環	発行部数／循環／流通	0.554
lv2	641	conscience	良心／分別	良心／分別／善悪の判断力	0.554
lv2	642	enforce	～を施行する／～を強制する	～を施行する／～を強制する／施行する	0.554
lv2	643	explicit	明確な／明白な	明確な／明白な／率直な	0.463
lv2	644	fraction	分数／少量	分数／少量／わずか	0.554
lv2	645	integral	不可欠な／完全な	不可欠な／完全な／必要不可欠な	0.554
lv2	646	scholar	学者／奨学生	学者／奨学生	0.463
lv2	647	wit	機知／機転	機知／機転／知力	0.463
lv2	648	wreck	残骸／難破	残骸／難破／～を大破させる	0.463
lv2	649	bargain	買い得品／取引	買い得品／取引／契約	0.553
lv2	650	collision	衝突／対立	衝突／対立	0.553
lv2	651	compassion	同情／思いやり	同情／思いやり／あわれみ	0.461
lv2	652	cough	咳をする／せき	咳をする／せき／咳	0.553
lv2	653	execute	～を実行する／～を処刑する	～を実行する／～を処刑する／処刑する	0.553
lv2	654	hollow	空洞の／うわべだけの	空洞の／うわべだけの／空虚な	0.461
lv2	655	meditation	瞑想／熟考	瞑想／熟考／黙想	0.461
lv2	656	rhetoric	美辞麗句／修辞	美辞麗句／修辞／修辞学	0.553
lv2	657	sigh	ため息をつく／ため息	ため息をつく／ため息	0.553
lv2	658	spouse	配偶者	配偶者	0.553
lv2	659	supervisor	監督者／指導教員	監督者／指導教員	0.553
lv2	660	wilderness	荒野／放置された部分	荒野／放置された部分／野原	0.553
lv2	661	anatomy	構造／解剖	構造／解剖／解剖学	0.460
lv2	662	float	浮かぶ／～を浮かべる	浮かぶ／～を浮かべる／漂う	0.552
lv2	663	grind	～をひく／～を挽く	～をひく／～を挽く／すりつぶす	0.552
lv2	664	profound	深い／重大な	深い／重大な／深遠な	0.552
lv2	665	recipient	受け取る人／被提供者	受け取る人／被提供者／被移植者	0.460
lv2	666	squeeze	しぼる／押し入る	しぼる／押し入る／～を搾る	0.552
lv2	667	workforce	労働人口／総労働力	労働人口／総労働力／全従業員	0.460
lv2	668	bloom	咲く／開花	咲く／開花／栄える	0.551
lv2	669	impress	～を感動させる／印象づける	～を感動させる／印象づける／～に感銘を与える	0.551
lv2	670	prone	～しがちである／やすい	～しがちである／やすい／なりやすい	0.551
lv2	671	competent	有能な／適任の	有能な／適任の／満足できる	0.549
lv2	672	debris	残骸／破片	残骸／破片／瓦礫	0.549
lv2	673	sculpture	彫刻	彫刻	0.549
lv2	674	ambition	願望／野望	願望／野望／熱望	0.548
lv2	675	exotic	外来の／異国風の	外来の／異国風の／異国情緒のある	0.548
lv2	676	pioneer	先駆者／開拓者	先駆者／開拓者／草分け	0.548
lv2	677	prosperity	繁栄／繁盛	繁栄／繁盛	0.548
lv2	678	shortage	不足／不足〈可算〉	不足／不足〈可算〉／欠如	0.548
lv2	679	sphere	領域／球体	領域／球体／範囲	0.548
lv2	680	esteem	尊敬する／尊敬	尊敬する／尊敬／～を尊敬する	0.547
lv2	681	moisture	水分／湿気	水分／湿気	0.547
lv2	682	monument	記念碑／遺跡	記念碑／遺跡／金字塔	0.547
lv2	683	stiff	堅い／凝った	堅い／凝った／硬直した	0.547
lv2	684	biography	伝記	伝記	0.545
lv2	685	landmark	目印／画期的な出来事	目印／画期的な出来事／名所	0.545
lv2	686	liable	しがちである／責任がある	しがちである／責任がある／しがちな	0.545
lv2	687	recruit	～を募る／～に新人を補充する	～を募る／～に新人を補充する／入れる	0.545
lv2	688	tomb	墓／墓石	墓／墓石／古墳	0.545
lv2	689	voyage	航海／船旅	航海／船旅／旅	0.545
lv2	690	geometry	幾何学	幾何学	0.544
lv2	691	juvenile	青少年の／少年少女の	青少年の／少年少女の	0.544
lv2	692	verify	～の正しさを証明する	～の正しさを証明する／～を確かめる／～を証明する	0.544
lv2	693	bully	いじめる／～をいじめる	いじめる／～をいじめる／～を脅す	0.543
lv2	694	inclined	傾向がある／たいと思う	傾向がある／たいと思う／～する傾向がある	0.543
lv2	695	regulate	～を規制する／～を調整する	～を規制する／～を調整する／規制する	0.543
lv2	696	surplus	余剰／黒字	余剰／黒字／過剰	0.543
lv2	697	autonomy	自治／自主性	自治／自主性／自律	0.542
lv2	698	commodity	商品／有用なもの	商品／有用なもの／日用品	0.542
lv2	699	thrust	～を突き刺す／押し込む	～を突き刺す／押し込む／～を押しつける	0.542
lv2	700	arbitrary	独断的な／勝手な	独断的な／勝手な／恣意的な	0.540
lv2	701	mock	模擬の／あざける	模擬の／あざける／～をあざ笑う	0.540
lv2	702	sincere	心からの／誠実な	心からの／誠実な／偽りのない	0.539
lv2	703	breakthrough	飛躍的進歩／大発見	飛躍的進歩／大発見／大躍進	0.538
lv2	704	discourse	論説／講演	論説／講演／話し合い	0.538
lv2	705	inherent	生来の／本来的に備わっている	生来の／本来的に備わっている／元から伴う	0.538
lv2	706	straightforward	率直な／単純な	率直な／単純な／わかりやすい	0.538
lv2	707	coordinate	合わせる／～を調整する	合わせる／～を調整する／～をうまく調整する	0.536
lv2	708	dye	～を染める／を～色に染める	～を染める／を～色に染める／染料	0.536
lv2	709	premise	前提／敷地	前提／敷地／構内	0.536
lv2	710	reckless	無謀な／向こう見ずな	無謀な／向こう見ずな／顧みない	0.536
lv2	711	scent	香り／香水	香り／香水／臭い	0.536
lv2	712	surge	急増／急騰する	急増／急騰する／高まり	0.536
lv2	713	token	しるし／印	しるし／印／記念品	0.536
lv2	714	vocabulary	語彙／ボキャブラリー	語彙／ボキャブラリー	0.536
lv2	715	cuisine	料理／料理法	料理／料理法	0.535
lv2	716	doom	運命にある／運命	運命にある／運命／～の運命にある	0.535
lv2	717	flee	逃げる／逃亡する	逃げる／逃亡する／～から逃げる	0.535
lv2	718	inferior	劣った／劣悪な	劣った／劣悪な／より劣った	0.535
lv2	719	obesity	肥満	肥満	0.535
lv2	720	suburb	郊外	郊外	0.535
lv2	721	explode	爆発する／急増する	爆発する／急増する／爆発的に増加する	0.534
lv2	722	skeleton	骨格／骨組み	骨格／骨組み／概略	0.534
lv2	723	cooperate	協力する	協力する	0.533
lv2	724	curb	～を抑制する／縁石	～を抑制する／縁石／抑制する	0.533
lv2	725	hygiene	衛生／健康法	衛生／健康法／衛生学	0.533
lv2	726	forge	～を偽造する／～を築く	～を偽造する／～を築く／～を鍛造する	0.531
lv2	727	hierarchy	階層制／階級制	階層制／階級制／階層構造	0.531
lv2	728	render	～を与える／～をする	～を与える／～をする／～をにする	0.531
lv2	729	crawl	はう／ゆっくり進む	はう／ゆっくり進む／這って進む	0.530
lv2	730	interval	間隔／合間	間隔／合間／隔たり	0.530
lv2	731	offspring	子孫／子	子孫／子／成果	0.530
lv2	732	attach	～を付ける／～をくっつける	～を付ける／～をくっつける／AをBにくっつける	0.619
lv2	733	bind	縛る／～を縛る	縛る／～を縛る／拘束する	0.619
lv2	734	cue	合図／キュー	合図／キュー／指図	0.527
lv2	735	merge	合併する／～を融合させる	合併する／～を融合させる／～を合併させる	0.527
lv2	736	naive	世間知らずの／愚直な	世間知らずの／愚直な／お人よしの	0.527
lv2	737	prestige	名声／威信	名声／威信／声	0.619
lv2	738	rigid	厳格な／厳しい	厳格な／厳しい／硬直した	0.619
lv2	739	utilize	～を利用する／利用する	～を利用する／利用する	0.619
lv2	740	vivid	鮮やかな／生き生きとした	鮮やかな／生き生きとした／鮮明な	0.527
lv2	741	arrogant	傲慢な／横柄な	傲慢な／横柄な	0.618
lv2	742	contempt	軽蔑／恥辱	軽蔑／恥辱	0.618
lv2	743	ecology	生態／生態系	生態／生態系／環境保護	0.526
lv2	744	vain	無駄な／無駄に	無駄な／無駄に／むだな	0.526
lv2	745	whisper	ささやく／ささやき	ささやく／ささやき	0.618
lv2	746	anticipate	～を予期する／予期する	～を予期する／予期する／予想する	0.616
lv2	747	bankrupt	破産した／破産宣告を受けた	破産した／破産宣告を受けた／破綻している	0.616
lv2	748	excel	秀でている／～に勝る	秀でている／～に勝る／優れる	0.525
lv2	749	greet	～に挨拶する／～にあいさつする	～に挨拶する／～にあいさつする／出迎える	0.616
lv2	750	metaphor	比喩／隠喩	比喩／隠喩	0.525
lv2	751	resemble	～に似ている	～に似ている	0.616
lv2	752	rumor	うわさ／風説	うわさ／風説	0.525
lv2	753	sorrow	悲しみ	悲しみ	0.616
lv2	754	undertake	～を引き受ける／引き受ける	～を引き受ける／引き受ける／始める	0.616
lv2	755	aisle	通路	通路	0.524
lv2	756	condemn	～を非難する／責める	～を非難する／責める／非難する	0.524
lv2	757	empathy	共感／感情移入	共感／感情移入	0.615
lv2	758	impulse	衝動／刺激	衝動／刺激	0.615
lv2	759	perceive	～を知覚する／知覚する	～を知覚する／知覚する／～に気づく	0.615
lv2	760	specimen	標本／実例	標本／実例／見本	0.524
lv2	761	strive	努力する／懸命に努力する	努力する／懸命に努力する／争う	0.615
lv2	762	thrill	～をぞくぞくさせる	～をぞくぞくさせる／～をわくわくさせる／わくわくさせる	0.615
lv2	763	accuse	～を非難する／非難する	～を非難する／非難する／～を告訴する	0.614
lv2	764	ample	十分すぎるほどの／広い	十分すぎるほどの／広い／豊富な	0.614
lv2	765	analogy	類推／類似点	類推／類似点／類似	0.614
lv2	766	digest	～を消化する／～を理解する	～を消化する／～を理解する／消化する	0.614
lv2	767	friction	摩擦／不和	摩擦／不和	0.614
lv2	768	linguistic	言語の／言語学の	言語の／言語学の	0.522
lv2	769	pedestrian	歩行者	歩行者	0.614
lv2	770	predator	捕食動物／略奪者	捕食動物／略奪者／捕食者	0.522
lv2	771	spontaneous	自然発生的な／自発的な	自然発生的な／自発的な／自然に起こる	0.614
lv2	772	adore	崇拝する／～を熱愛している	崇拝する／～を熱愛している／～が大好きである	0.521
lv2	773	appoint	～を任命する／任命する	～を任命する／任命する／～を指名する	0.521
lv2	774	comprehend	理解する／～を理解する	理解する／～を理解する／～を理解している	0.613
lv2	775	counterpart	相当する物／対応する人	相当する物／対応する人／相当するもの	0.613
lv2	776	idle	何もしていない／何もしないでいる	何もしていない／何もしないでいる／使われていない	0.521
lv2	777	limb	手足／四肢	手足／四肢	0.521
lv2	778	roar	ほえる／うなる	ほえる／うなる／鳴り響く	0.521
lv2	779	apt	～しがちである／～する傾向がある	～しがちである／～する傾向がある／傾向がある	0.520
lv2	780	beverage	飲料／飲み物	飲料／飲み物	0.611
lv2	781	flock	群れ／群れる	群れ／群れる／群がる	0.520
lv2	782	irrigation	灌漑	灌漑	0.520
lv2	783	manipulate	～を操作する／～を操る	～を操作する／～を操る／操作する	0.520
lv2	784	retrieve	～を検索する／～を回収する	～を検索する／～を回収する／取り戻す	0.611
lv2	785	troop	軍隊／集団	軍隊／集団／兵士	0.611
lv2	786	defect	欠陥／不足	欠陥／不足／欠点	0.518
lv2	787	drown	溺死する／～を水浸しにする	溺死する／～を水浸しにする／溺れ死ぬ	0.518
lv2	788	navigate	誘導する／進路を決める	誘導する／進路を決める／操縦する	0.518
lv2	789	reinforce	～を補強する／～を強化する	～を補強する／～を強化する／強める	0.610
lv2	790	revive	生き返る／～を復活させる	生き返る／～を復活させる／～を生き返らせる	0.610
lv2	791	skeptical	懐疑的な	懐疑的な	0.610
lv2	792	staple	主要な／必需食品	主要な／必需食品／主要産物	0.518
lv2	793	suspend	～を停職にする／中止する	～を停職にする／中止する／～を吊るす	0.610
lv2	794	advent	到来／出現	到来／出現／キリストの降臨	0.517
lv2	795	cite	～を引用する／～を引き合いに出す	～を引用する／～を引き合いに出す／引き合いに出す	0.517
lv2	796	confuse	～を混同する／～を当惑させる	～を混同する／～を当惑させる／～を混乱させる	0.609
lv2	797	disappoint	～を失望させる	～を失望させる／～をがっかりさせる／～をくじく	0.609
lv2	798	gradual	徐々の／緩やかな	徐々の／緩やかな	0.517
lv2	799	molecule	分子／微粒子	分子／微粒子	0.609
lv2	800	ripe	熟した／成熟した	熟した／成熟した	0.517
lv2	801	susceptible	影響を受けやすい／かかりやすい	影響を受けやすい／かかりやすい／感染しやすい	0.517
lv2	802	accelerate	加速する／促進する	加速する／促進する／～を加速する	0.607
lv2	803	assign	～を割り当てる／～を配属する	～を割り当てる／～を配属する／課す	0.607
lv2	804	circumstance	状況／事情	状況／事情／境遇	0.607
lv2	805	disregard	～を無視する／～を軽視する	～を無視する／～を軽視する／無視する	0.516
lv2	806	earnest	まじめな／真剣な	まじめな／真剣な／真面目な	0.607
lv2	807	pronounce	～を発音する	～を発音する／〈単語など〉を発音する／～を宣言する	0.607
lv2	808	suppress	～を抑える／抑える	～を抑える／抑える／～を抑圧する	0.607
lv2	809	trivial	ささいな／取るに足らない	ささいな／取るに足らない／ありふれた	0.607
lv2	810	fetch	～を持ってくる／取ってくる	～を持ってくる／取ってくる／～を取って来る	0.606
lv2	811	undermine	弱める／～を弱める	弱める／～を弱める／～を阻害する	0.515
lv2	812	withstand	～に耐える／耐える	～に耐える／耐える	0.606
lv2	813	assemble	～を集める／組み立てる	～を集める／組み立てる／～を組み立てる	0.513
lv2	814	dread	～を恐れる／～をひどく恐れる	～を恐れる／～をひどく恐れる／恐怖	0.605
lv2	815	swell	腫れる／膨らむ	腫れる／膨らむ／膨張する	0.605
lv2	816	astronomy	天文学	天文学	0.604
lv2	817	coherent	一貫した／筋の通った	一貫した／筋の通った／結束した	0.604
lv2	818	criticize	～を批判する／～を非難する	～を批判する／～を非難する／～を批評する	0.604
lv2	819	drastic	徹底的な／抜本的な	徹底的な／抜本的な／極端な	0.512
lv2	820	edible	食用の／食べられる	食用の／食べられる	0.512
lv2	821	inspect	検査する／～を点検する	検査する／～を点検する／～を検査する	0.512
lv2	822	paradox	逆説／矛盾	逆説／矛盾	0.604
lv2	823	portray	～を描く／～を演じる	～を描く／～を演じる／描く	0.512
lv2	824	refrain	控える／差し控える	控える／差し控える／遠慮する	0.604
lv2	825	reproduce	繁殖する／～を繁殖させる	繁殖する／～を繁殖させる／～を複製する	0.512
lv2	826	assert	～を主張する／～と断定する	～を主張する／～と断定する／～と主張する	0.602
lv2	827	comprise	から成る／～を構成する	から成る／～を構成する／構成される	0.602
lv2	828	dim	薄暗い／ぼんやりした	薄暗い／ぼんやりした／ぼんやりとした	0.511
lv2	829	fertile	肥沃な／肥えた	肥沃な／肥えた／多産の	0.602
lv2	830	peasant	小作農／小作人	小作農／小作人／農夫	0.602
lv2	831	presume	～と推定する／～を前提とする	～と推定する／～を前提とする／～と思う	0.511
lv2	832	invade	～を侵略する／～に侵入する	～を侵略する／～に侵入する／～を侵害する	0.601
lv2	833	perpetual	永続的な／永続する	永続的な／永続する／絶え間ない	0.601
lv2	834	scarce	乏しい／珍しい	乏しい／珍しい／不十分な	0.509
lv2	835	sibling	兄弟姉妹／兄弟	兄弟姉妹／兄弟／きょうだい	0.509
lv2	836	spectacle	光景／見世物	光景／見世物／壮観	0.509
lv2	837	weary	疲れ果てた／うんざりした	疲れ果てた／うんざりした／疲れている	0.509
lv2	838	flaw	傷／欠点	傷／欠点／ひび	0.508
lv2	839	congratulate	祝う／～を祝う	祝う／～を祝う／祝福する	0.507
lv2	840	disrupt	～を混乱させる／～を分裂させる	～を混乱させる／～を分裂させる／～を乱す	0.598
lv2	841	organism	生物／有機体	生物／有機体	0.507
lv2	842	tease	からかう／～をいじめる	からかう／～をいじめる／いじめる	0.598
lv2	843	adolescent	思春期の／青年	思春期の／青年／思春期の若者	0.597
lv2	844	dictate	～を書き取らせる／～を指図する	～を書き取らせる／～を指図する／～を規定する	0.597
lv2	845	glacier	氷河	氷河	0.506
lv2	846	rotate	回転する／～を回転させる	回転する／～を回転させる／循環する	0.597
lv2	847	ambiguous	曖昧な／あいまいな	曖昧な／あいまいな／多義的な	0.504
lv2	848	discourage	～を落胆させる	～を落胆させる／～にやる気をなくさせる／～を思いとどまらせる	0.504
lv2	849	latitude	緯度／緯	緯度／緯／許容範囲	0.504
lv2	850	offend	～を怒らせる／～の気分を害する	～を怒らせる／～の気分を害する／怒らせる	0.504
lv2	851	sanitation	衛生／公衆衛生	衛生／公衆衛生／下水設備	0.504
lv2	852	abruptly	不意に／突然	不意に／突然／突然に	0.503
lv2	853	contend	主張する／～と主張する	主張する／～と主張する／戦う	0.503
lv2	854	disturb	～を妨げる／～をかき乱す	～を妨げる／～をかき乱す／～を邪魔する	0.595
lv2	855	endeavor	努力／試み	努力／試み／努力する	0.503
lv2	856	induce	～を引き起こす／誘う	～を引き起こす／誘う／～を誘発する	0.503
lv2	857	subsidy	補助金／報奨金	補助金／報奨金／助成金	0.503
lv2	858	superficial	表面的な／浅はかな	表面的な／浅はかな／うわべの	0.595
lv2	859	tame	飼いならされた／飼いならす	飼いならされた／飼いならす／人に慣れた	0.595
lv2	860	blur	ぼやける／ぼやかす	ぼやける／ぼやかす／～をぼかす	0.502
lv2	861	fragment	断片／破片	断片／破片／破片〈可算〉	0.593
lv2	862	penetrate	浸透する／～を貫通する	浸透する／～を貫通する／進出する	0.593
lv2	863	sewage	下水／汚物	下水／汚物／汚水	0.593
lv2	864	dialect	方言	方言	0.592
lv2	865	expire	期限が切れる	期限が切れる	0.500
lv2	866	intuition	直感／直観	直感／直観	0.500
lv2	867	menace	脅威／困りもの	脅威／困りもの／厄介なもの	0.500
lv2	868	stroll	歩く／散策する	歩く／散策する／ぶらつく	0.500
lv2	869	dispose	～を処分する／～を配置する	～を処分する／～を配置する／処理する	0.499
lv2	870	flourish	繁栄する／栄える	繁栄する／栄える／繁盛する	0.499
lv2	871	overlook	～を見落とす／～を大目に見る	～を見落とす／～を大目に見る／～を見渡す	0.591
lv2	872	persist	固執する／持続する	固執する／持続する／残る	0.591
lv2	873	tidy	きちんとした／整然とした	きちんとした／整然とした／きちんと	0.591
lv2	874	weave	～を織る／織る	～を織る／織る／～を編む	0.499
lv2	875	cherish	～を大切にする／胸に抱く	～を大切にする／胸に抱く／～を心に抱く	0.589
lv2	876	erect	直立した／～を建てる	直立した／～を建てる／～を直立させる	0.498
lv2	877	fluent	流ちょうな／流暢な	流ちょうな／流暢な	0.498
lv2	878	derive	由来する／～を引き出す	由来する／～を引き出す／～を得る	0.588
lv2	879	descend	降りる／下る	降りる／下る／下りる	0.497
lv2	880	bribe	賄賂／わいろ	賄賂／わいろ	0.587
lv2	881	correspond	一致する／相当する	一致する／相当する／合致する	0.587
lv2	882	despise	軽蔑する／～を軽蔑する	軽蔑する／～を軽蔑する／～をひどく嫌う	0.495
lv2	883	humid	湿気のある／湿った	湿気のある／湿った／蒸し暑い	0.587
lv2	884	provoke	～を引き起こす／～を挑発する	～を引き起こす／～を挑発する／引き起こす	0.587
lv2	885	reconcile	～を和解させる／～を一致させる	～を和解させる／～を一致させる／調和させる	0.587
lv2	886	cling	固執する／しがみつく	固執する／しがみつく／くっつく	0.494
lv2	887	coincide	同時に起こる／一致する	同時に起こる／一致する／同時に起きる	0.586
lv2	888	dissolve	～を解散する／溶ける	～を解散する／溶ける／溶解する	0.494
lv2	889	plunge	突っ込む／落ちる	突っ込む／落ちる／没頭する	0.494
lv2	890	abolish	～を廃止する／廃止する	～を廃止する／廃止する	0.493
lv2	891	ape	類人猿／サル	類人猿／サル	0.493
lv2	892	innate	先天的な／固有の	先天的な／固有の／生まれながらの	0.493
lv2	893	revise	～を修正する／修正する	～を修正する／修正する／～を改訂する	0.584
lv2	894	speculate	推測する／思索する	推測する／思索する／～を推測する	0.584
lv2	895	uncover	～を暴く／明らかにする	～を暴く／明らかにする／～を発掘する	0.493
lv2	896	intrinsic	固有の／本来備わっている	固有の／本来備わっている／本来の	0.491
lv2	897	compose	～を構成する／構成する	～を構成する／構成する／～を組み立てる	0.582
lv2	898	criterion	基準／指標	基準／指標	0.490
lv2	899	diminish	減少する／～を減らす	減少する／～を減らす／減らす	0.582
lv2	900	roam	歩き回る／放浪する	歩き回る／放浪する／徘徊する	0.582
lv2	901	vigorous	精力的な／激しい	精力的な／激しい／活力のある	0.490
lv2	902	enroll	入学する／登録する	入学する／登録する／入会する	0.580
lv2	903	sew	～を縫う／～を縫いつける	～を縫う／～を縫いつける	0.489
lv2	904	subordinate	下位の／部下	下位の／部下／従属している	0.489
lv2	905	uneasy	不安な／落ち着かない	不安な／落ち着かない／心配な	0.580
lv2	906	clumsy	不器用な／無器用な	不器用な／無器用な／ぎこちない	0.488
lv2	907	dizzy	目まいがする／当惑した	目まいがする／当惑した／めまい	0.578
lv2	908	migrate	移住する／渡る	移住する／渡る／移動する	0.486
lv2	909	mourn	悼む／悲しむ	悼む／悲しむ／～を嘆く	0.486
lv2	910	stereotype	固定観念／ステレオタイプ	固定観念／ステレオタイプ／典型的なイメージ	0.578
lv2	911	cultivate	～を耕す／～を栽培する	～を耕す／～を栽培する／～を養う	0.485
lv2	912	divert	～をそらす／～を迂回させる	～をそらす／～を迂回させる／～を転用する	0.577
lv2	913	stumble	つまずく／よろけながら歩く	つまずく／よろけながら歩く／偶然出会う	0.577
lv2	914	carve	～を彫る／～を切り開く	～を彫る／～を切り開く／～を切り分ける	0.575
lv2	915	contemplate	熟考する／～を予想する	熟考する／～を予想する／考える	0.484
lv2	916	depict	～を描く／描く	～を描く／描く	0.575
lv2	917	embarrass	～に恥ずかしい思いをさせる	～に恥ずかしい思いをさせる／～を当惑させる／～を困惑させる	0.575
lv2	918	arithmetic	算数／計算	算数／計算／算術	0.482
lv2	919	conceive	思いつく／想像する	思いつく／想像する／～を抱く	0.574
lv2	920	embark	乗り出す／着手する	乗り出す／着手する／船出する	0.482
lv2	921	classify	～を分類する／分類する	～を分類する／分類する／～を機密扱いにする	0.573
lv2	922	gloomy	陰気な／薄暗い	陰気な／薄暗い／悲観的な	0.481
lv2	923	hinder	～を妨げる／さまたげる	～を妨げる／さまたげる／～が妨げる	0.573
lv2	924	prescribe	～を処方する／処方する	～を処方する／処方する／指示する	0.481
lv2	925	soar	急上昇する／空高く飛ぶ	急上昇する／空高く飛ぶ／舞い上がる	0.481
lv2	926	vanish	消える／消滅する	消える／消滅する／消え失せる	0.573
lv2	927	compile	～を編集する／～をまとめる	～を編集する／～をまとめる／まとめる	0.480
lv2	928	resent	～に憤慨する／腹を立てる	～に憤慨する／腹を立てる／憤慨する	0.571
lv2	929	affluent	裕福な／富裕な	裕福な／富裕な／豊富な	0.479
lv2	930	designate	～を指定する／指定する	～を指定する／指定する／～を任命する	0.570
lv2	931	discard	～を捨てる／捨てる	～を捨てる／捨てる	0.479
lv2	932	surpass	～を上回る／まさる	～を上回る／まさる／～より優れる	0.570
lv2	933	exert	～を行使する／～を及ぼす	～を行使する／～を及ぼす／及ぼす	0.569
lv2	934	infect	～に感染させる／～を感染させる	～に感染させる／～を感染させる／〈人〉に感染する	0.477
lv2	935	appliance	器具／電気製品	器具／電気製品	0.476
lv2	936	conspicuous	目立つ／顕著な	目立つ／顕著な	0.476
lv2	937	indispensable	不可欠な／重要な	不可欠な／重要な／必要不可欠な	0.475
lv2	938	nurture	育てる／～を育てる	育てる／～を育てる／～をはぐくむ	0.471
lv2	939	quarrel	口論／口論する	口論／口論する／口喧嘩	0.471
lv2	940	illuminate	～を照らす／～を解明する	～を照らす／～を解明する／照らす	0.470
lv2	941	reassure	安心させる／～を安心させる	安心させる／～を安心させる	0.470
lv2	942	compel	～に強いる／強制する	～に強いる／強制する／～に強制する	0.559
lv2	943	refine	～を洗練する／～を精製する	～を洗練する／～を精製する／洗練する	0.467
lv2	944	specialize	専攻する／専門にする	専攻する／専門にする／専門とする	0.467
lv2	945	evoke	～を呼び起こす／呼び起こす	～を呼び起こす／呼び起こす／呼び覚ます	0.466
lv2	946	injure	～を傷つける／～を痛める	～を傷つける／～を痛める／～に怪我をさせる	0.466
lv2	947	restrain	～を制止する／～を抑制する	～を制止する／～を抑制する／～を規制する	0.557
lv2	948	expel	～を追放する／～を吐き出す	～を追放する／～を吐き出す／～を追い出す	0.464
lv2	949	frown	眉をひそめる／しかめ面をする	眉をひそめる／しかめ面をする／まゆをひそめる	0.464
lv2	950	pessimistic	悲観的な	悲観的な	0.463
lv2	951	endanger	～を危険にさらす	～を危険にさらす	0.461
lv2	952	tempt	～を誘惑する／～を気にさせる	～を誘惑する／～を気にさせる／～を引きつける	0.551
lv2	953	deprive	から奪う／奪う	から奪う／奪う／AからBを奪う	0.547
lv2	954	proverb	ことわざ／諺	ことわざ／諺	0.541
lv2	955	frighten	～を怖がらせる／～を怯えさせる	～を怖がらせる／～を怯えさせる／～をおびえさせる	0.533
lv2	956	irritate	～をいらいらさせる／苛立たせる	～をいらいらさせる／苛立たせる／いらいらさせる	0.533
lv2	957	yawn	あくびをする／あくび	あくびをする／あくび	0.532
lv2	958	frustrate	～を挫折させる	～を挫折させる／～に不満を抱かせる／イライラさせる	0.613
lv2	959	confine	～を限定する／閉じ込められる	～を限定する／閉じ込められる／限定する	0.512
lv2	960	arouse	刺激する／～を引き起こす	刺激する／～を引き起こす／～を呼び起こす	0.510
lv2	961	precede	～に先行する／先行する	～に先行する／先行する／～より先行する	0.505
lv2	962	enclose	～を同封する／～を囲む	～を同封する／～を囲む／～を取り囲む	0.493
lv3	1	aside	脇に／わきに	脇に／わきに／別にして	0.452
lv3	2	assistance	援助／支援	援助／支援	0.360
lv3	3	blow	吹く／強打	吹く／強打／打撃	0.452
lv3	4	careful	注意深い	注意深い	0.360
lv3	5	circumstances	状況	状況	0.360
lv3	6	danger	危険	危険	0.360
lv3	7	motion	動き／動作	動き／動作／運動	0.360
lv3	8	saving	節約／倹約	節約／倹約／預金	0.360
lv3	9	universe	宇宙	宇宙	0.452
lv3	10	heaven	天国／空	天国／空	0.451
lv3	11	independence	独立／自立	独立／自立	0.359
lv3	12	senator	上院議員／〈米〉上院議員	上院議員／〈米〉上院議員	0.451
lv3	13	academic	学問の／大学の	学問の／大学の	0.449
lv3	14	bunch	束／ひとたばの	束／ひとたばの／房	0.449
lv3	15	competitive	競争力のある／格安の	競争力のある／格安の／競争の	0.358
lv3	16	index	指標／指数	指標／指数／索引	0.449
lv3	17	lane	車線	車線	0.358
lv3	18	representative	代表者／代理人	代表者／代理人	0.358
lv3	19	storage	貯蔵／保管	貯蔵／保管／保管〈不可算〉	0.449
lv3	20	unlike	～と違って	～と違って	0.449
lv3	21	yard	庭／ヤード	庭／ヤード	0.449
lv3	22	constitution	憲法	憲法	0.357
lv3	23	counter	～と反論する／～に反対する	～と反論する／～に反対する	0.357
lv3	24	employment	雇用／職	雇用／職	0.357
lv3	25	exclusive	高級な／排他的な	高級な／排他的な	0.357
lv3	26	expert	専門家／熟達した	専門家／熟達した	0.357
lv3	27	frequently	頻繁に／しばしば	頻繁に／しばしば	0.448
lv3	28	tool	道具／工具	道具／工具	0.357
lv3	29	Catholic	カトリックの／カトリック教徒	カトリックの／カトリック教徒	0.355
lv3	30	carbon	炭素	炭素	0.355
lv3	31	depth	深さ／深み	深さ／深み	0.355
lv3	32	electronic	電子の	電子の	0.355
lv3	33	existence	存在／生存	存在／生存	0.355
lv3	34	interior	室内の／内部の	室内の／内部の	0.355
lv3	35	maintenance	保守／整備	保守／整備／維持	0.355
lv3	36	mate	連れ合い	連れ合い	0.355
lv3	37	nearby	すぐ近くの	すぐ近くの	0.355
lv3	38	panel	一団／委員会	一団／委員会／討論者一同	0.447
lv3	39	personality	個性／性格	個性／性格	0.355
lv3	40	advertising	広告	広告	0.354
lv3	41	attractive	魅力的な	魅力的な	0.353
lv3	42	broad	広範囲な／広い	広範囲な／広い	0.444
lv3	43	burn	～を燃やす／焼ける	～を燃やす／焼ける	0.444
lv3	44	constantly	絶えず／常に	絶えず／常に	0.353
lv3	45	contest	コンテスト／競技	コンテスト／競技／争い	0.353
lv3	46	hardly	ほとんど～ない／めったに～ない	ほとんど～ない／めったに～ない	0.444
lv3	47	motor	モーター／原動力	モーター／原動力	0.353
lv3	48	solar	太陽／太陽の	太陽／太陽の	0.444
lv3	49	unknown	不明の／知られていない	不明の／知られていない／無名の	0.353
lv3	50	blind	目の見えない	目の見えない	0.351
lv3	51	fantasy	空想／幻想	空想／幻想／幻想的作品	0.443
lv3	52	license	免許／許可	免許／許可	0.351
lv3	53	presidential	大統領の／社長の	大統領の／社長の	0.351
lv3	54	shipping	発送	発送	0.443
lv3	55	clinical	臨床／臨床の	臨床／臨床の	0.442
lv3	56	entitled	権利がある／得る権利がある	権利がある／得る権利がある／題された	0.442
lv3	57	exact	正確な／まさにその	正確な／まさにその	0.442
lv3	58	plastic	柔軟な／プラスチックの	柔軟な／プラスチックの／ビニールの	0.350
lv3	59	tie	～を縛る／～を結びつける	～を縛る／～を結びつける／～を結ぶ	0.442
lv3	60	aged	年老いた	年老いた	0.349
lv3	61	inner	内側の	内側の	0.349
lv3	62	lift	～を持ち上げる	～を持ち上げる	0.349
lv3	63	marked	著しい／際立った	著しい／際立った／顕著な	0.440
lv3	64	neighborhood	地域／近所	地域／近所	0.349
lv3	65	permission	許可／承認	許可／承認	0.349
lv3	66	visual	視覚の／目に見える	視覚の／目に見える	0.440
lv3	67	appointment	予約／約束	予約／約束／任命	0.439
lv3	68	cabinet	内閣／戸棚	内閣／戸棚	0.439
lv3	69	formation	形成／構成	形成／構成／隊列	0.439
lv3	70	gallery	美術館／画廊	美術館／画廊／観客	0.348
lv3	71	repeat	繰り返す／～を繰り返す	繰り返す／～を繰り返す／～を復唱する	0.439
lv3	72	settlement	開拓地／解決	開拓地／解決／合意	0.348
lv3	73	smell	～のにおいがする	～のにおいがする	0.348
lv3	74	surrounding	周囲の状況／環境	周囲の状況／環境	0.348
lv3	75	tone	口調／音色	口調／音色／雰囲気	0.348
lv3	76	topic	話題／論題	話題／論題／トピック	0.439
lv3	77	necessarily	必ずしも	必ずしも	0.438
lv3	78	primarily	主として／初めに	主として／初めに	0.346
lv3	79	relative	親戚／親族	親戚／親族／相対的な	0.438
lv3	80	sharp	急激な／きつい	急激な／きつい／鋭い	0.438
lv3	81	chamber	部屋／議院	部屋／議院／議場	0.437
lv3	82	chart	図／グラフ	図／グラフ／海図	0.437
lv3	83	circuit	周回すること／回路	周回すること／回路／巡回	0.345
lv3	84	format	書式／形式	書式／形式／型	0.345
lv3	85	gap	隔たり／差	隔たり／差	0.345
lv3	86	immigration	移住／移民	移住／移民／入国管理	0.437
lv3	87	impressive	印象的な／感動的な	印象的な／感動的な	0.345
lv3	88	recognition	それと分かること／認めること	それと分かること／認めること／認識	0.345
lv3	89	thin	やせた／薄い	やせた／薄い	0.437
lv3	90	CEO	最高経営責任者	最高経営責任者	0.344
lv3	91	bound	きっと～／～行きで	きっと～／～行きで	0.344
lv3	92	elsewhere	どこかほかのところへ	どこかほかのところへ	0.344
lv3	93	founder	創設者	創設者	0.344
lv3	94	gear	用具／器具	用具／器具／歯車	0.344
lv3	95	offensive	不快な／攻撃的な	不快な／攻撃的な	0.344
lv3	96	qualified	有能な／資格のある	有能な／資格のある／適任の	0.344
lv3	97	soldier	軍人／兵士	軍人／兵士	0.344
lv3	98	thick	分厚い	分厚い	0.344
lv3	99	violent	暴力的な／激しい	暴力的な／激しい	0.435
lv3	100	alongside	～と一緒に／～と並んで	～と一緒に／～と並んで	0.342
lv3	101	anxiety	不安／心配	不安／心配	0.342
lv3	102	castle	城	城	0.342
lv3	103	mystery	なぞ	なぞ	0.342
lv3	104	palace	宮殿	宮殿	0.342
lv3	105	publication	出版／発行	出版／発行	0.342
lv3	106	temple	寺院／神殿	寺院／神殿	0.342
lv3	107	unusual	珍しい	珍しい	0.342
lv3	108	awareness	認識／意識	認識／意識	0.341
lv3	109	exposure	身をさらすこと／暴露	身をさらすこと／暴露	0.341
lv3	110	fiction	小説	小説	0.341
lv3	111	horrible	ぞっとする／実にひどい	ぞっとする／実にひどい／～とてもひどい	0.433
lv3	112	mood	気分／雰囲気	気分／雰囲気／機嫌	0.433
lv3	113	replacement	交換／交替	交換／交替／代わりの人	0.341
lv3	114	tag	札	札	0.341
lv3	115	confident	確信して／自信に満ちた	確信して／自信に満ちた	0.340
lv3	116	electricity	電気	電気	0.431
lv3	117	label	～にレッテルを貼る	～にレッテルを貼る	0.340
lv3	118	pitch	～を投げる／倒れる	～を投げる／倒れる／縦揺れする	0.340
lv3	119	anger	怒り	怒り	0.339
lv3	120	behalf	利益／代表して	利益／代表して／味方	0.430
lv3	121	ceremony	式典／儀式	式典／儀式	0.430
lv3	122	electrical	電気の／電気を扱う	電気の／電気を扱う	0.339
lv3	123	establishment	設立／制定	設立／制定／組織	0.339
lv3	124	nervous	神経質な／あがって	神経質な／あがって／不安な	0.430
lv3	125	bureau	局／事務局	局／事務局／案内所	0.429
lv3	126	comfort	快適さ／慰め	快適さ／慰め／～を慰める	0.429
lv3	127	crack	割れる／ひびが入る	割れる／ひびが入る／砕ける	0.429
lv3	128	dramatic	劇的な／演劇の	劇的な／演劇の	0.337
lv3	129	dust	ほこり	ほこり	0.337
lv3	130	promotion	昇進／促進	昇進／促進／販売促進	0.337
lv3	131	root	起源／根本	起源／根本／源	0.429
lv3	132	steal	～を盗む	～を盗む	0.337
lv3	133	bid	～の値をつける／～を述べる	～の値をつける／～を述べる	0.428
lv3	134	forth	前へ／先へ	前へ／先へ／それ以降	0.336
lv3	135	insane	正気でない／正気を失っている	正気でない／正気を失っている	0.428
lv3	136	nowhere	どの場所も～ない	どの場所も～ない	0.336
lv3	137	ownership	所有権／所有者であること	所有権／所有者であること	0.336
lv3	138	smooth	滑らかな／順調な	滑らかな／順調な／～をのばす	0.428
lv3	139	spiritual	精神の／霊的な	精神の／霊的な	0.428
lv3	140	sudden	急な	急な	0.336
lv3	141	abroad	海外へ／海外で	海外へ／海外で	0.335
lv3	142	discover	～を発見する／～を知る	～を発見する／～を知る／～に気がつく	0.426
lv3	143	mortgage	住宅ローン／抵当	住宅ローン／抵当	0.335
lv3	144	occasionally	時々／～ときどき	時々／～ときどき	0.426
lv3	145	physics	物理学	物理学	0.335
lv3	146	reduction	減少／削減	減少／削減	0.335
lv3	147	amendment	改正／修正	改正／修正	0.333
lv3	148	defensive	防御的な	防御的な	0.333
lv3	149	mill	製造工場／製粉所	製造工場／製粉所／粉ひき機	0.425
lv3	150	passenger	乗客	乗客	0.425
lv3	151	possession	所有物／財産	所有物／財産／所有	0.333
lv3	152	regulation	規則／規制	規則／規制	0.333
lv3	153	spin	～を紡ぐ／回転する	～を紡ぐ／回転する／ぐるぐる回る	0.425
lv3	154	collect	～を集める／徴収する	～を集める／徴収する／～を徴収する	0.424
lv3	155	currency	通貨／普及	通貨／普及	0.424
lv3	156	fraud	詐欺／不正行為	詐欺／不正行為	0.332
lv3	157	introduce	～を紹介する／～を導入する	～を紹介する／～を導入する	0.332
lv3	158	log	丸太／ログオンする	丸太／ログオンする／～を記録する	0.424
lv3	159	survival	生き残ること／生き延びること	生き残ること／生き延びること	0.332
lv3	160	ward	病棟／行政区	病棟／行政区	0.424
lv3	161	asleep	眠って	眠って	0.331
lv3	162	automatic	自動の	自動の	0.422
lv3	163	destruction	破壊／破滅	破壊／破滅	0.331
lv3	164	frequency	頻度／頻繁	頻度／頻繁／しばしば起こること	0.422
lv3	165	residence	住居／居住	住居／居住	0.331
lv3	166	roughly	おおよそ／乱暴に	おおよそ／乱暴に	0.331
lv3	167	salary	給料	給料	0.331
lv3	168	breast	胸／乳房	胸／乳房	0.330
lv3	169	chemistry	科学	科学	0.330
lv3	170	corruption	腐敗／汚職	腐敗／汚職	0.421
lv3	171	discount	割引	割引	0.421
lv3	172	exception	例外	例外	0.421
lv3	173	impression	印象	印象	0.330
lv3	174	input	入力／投入	入力／投入／提供	0.330
lv3	175	leather	革	革	0.330
lv3	176	ought	～すべきである	～すべきである	0.330
lv3	177	removal	除去／移動	除去／移動	0.330
lv3	178	screaming	悲鳴をあげる	悲鳴をあげる	0.330
lv3	179	absence	不在／欠席	不在／欠席	0.328
lv3	180	agricultural	農業の／農耕の	農業の／農耕の	0.328
lv3	181	contribution	貢献／寄付	貢献／寄付	0.328
lv3	182	genetic	遺伝子の	遺伝子の	0.328
lv3	183	instant	即時の／すぐの	即時の／すぐの／即席の	0.420
lv3	184	liberty	自由	自由	0.420
lv3	185	rally	集会／再結集する	集会／再結集する	0.328
lv3	186	résumé	履歴書／要約	履歴書／要約	0.328
lv3	187	swing	～を揺らす／振る	～を揺らす／振る／揺れる	0.328
lv3	188	twin	双子の一方／双生児	双子の一方／双生児	0.328
lv3	189	upcoming	やがて起ころうとしている	やがて起ころうとしている／来るべき	0.328
lv3	190	boom	好況／ブーム	好況／ブーム	0.327
lv3	191	column	コラム／欄	コラム／欄／円柱	0.419
lv3	192	density	密度	密度	0.327
lv3	193	difficulty	困難／苦労	困難／苦労	0.327
lv3	194	elementary	初等の／初歩的な	初等の／初歩的な／基本の	0.419
lv3	195	genius	天才／天賦の才	天才／天賦の才	0.419
lv3	196	guidance	指導／案内	指導／案内	0.327
lv3	197	infection	感染／伝染病	感染／伝染病	0.419
lv3	198	intention	意図	意図	0.327
lv3	199	knee	膝	膝	0.327
lv3	200	mechanical	機械の／機械的な	機械の／機械的な	0.419
lv3	201	participation	参加	参加	0.327
lv3	202	premium	保険料／プレミア	保険料／プレミア／景品	0.327
lv3	203	uniform	制服／一様な	制服／一様な／同一の	0.419
lv3	204	blast	爆発／爆破	爆発／爆破／突風	0.326
lv3	205	communist	共産主義の／共産主義者	共産主義の／共産主義者	0.417
lv3	206	complaint	苦情／不平	苦情／不平	0.326
lv3	207	nursing	看護	看護	0.417
lv3	208	preparation	準備／支度	準備／支度	0.326
lv3	209	underground	地下の／秘密の	地下の／秘密の	0.326
lv3	210	versus	A対B／AかBか	A対B／AかBか	0.326
lv3	211	bite	かむ／～にかみつく	かむ／～にかみつく／かみつく	0.416
lv3	212	chip	小片／破片	小片／破片／欠けた箇所	0.324
lv3	213	dynamic	活動的な／精力的な	活動的な／精力的な／動的な	0.416
lv3	214	literary	文学の／文語の	文学の／文語の	0.416
lv3	215	triple	３倍になる／を３倍にする	３倍になる／を３倍にする	0.324
lv3	216	cooperation	協力／共同	協力／共同	0.415
lv3	217	edit	～を編集する	～を編集する	0.323
lv3	218	invite	～を招待する	～を招待する	0.323
lv3	219	involvement	関与／巻き込まれること	関与／巻き込まれること	0.323
lv3	220	partly	部分的に／ある程度	部分的に／ある程度／一部には	0.415
lv3	221	petition	請願／嘆願	請願／嘆願	0.323
lv3	222	phrase	句／成句	句／成句／言葉遣い	0.323
lv3	223	racial	人種の／民族の	人種の／民族の	0.415
lv3	224	seal	～を密閉する／～を密封する	～を密閉する／～を密封する／印鑑	0.415
lv3	225	shield	盾／防御物	盾／防御物	0.415
lv3	226	accounting	経理／会計	経理／会計	0.322
lv3	227	celebrity	有名人／著名人	有名人／著名人	0.413
lv3	228	framework	枠組／骨組み	枠組／骨組み	0.322
lv3	229	interaction	交流	交流	0.322
lv3	230	mall	モール／ショッピングセンター	モール／ショッピングセンター	0.322
lv3	231	overseas	海外へ	海外へ	0.413
lv3	232	relax	くつろぐ／～をくつろがせる	くつろぐ／～をくつろがせる／緩む	0.413
lv3	233	reliable	信頼できる	信頼できる	0.322
lv3	234	collaboration	合作／共同	合作／共同／協力	0.321
lv3	235	dual	２つの／二重の	２つの／二重の	0.321
lv3	236	experimental	実験の／実験的な	実験の／実験的な	0.321
lv3	237	filter	～をろ過する／～を取り除く	～をろ過する／～を取り除く	0.321
lv3	238	odds	見込み／可能性	見込み／可能性／勝算	0.412
lv3	239	pin	～をピンで留める／～を突き刺す	～をピンで留める／～を突き刺す	0.321
lv3	240	prevention	予防／防止	予防／防止／妨害	0.321
lv3	241	pump	～をポンプで送り込む	～をポンプで送り込む／～をくみ出す／～を注ぎ込む	0.321
lv3	242	revenge	復讐	復讐	0.412
lv3	243	slip	滑る／滑り落ちる	滑る／滑り落ちる／そっと動く	0.321
lv3	244	stranger	見知らぬ人	見知らぬ人	0.321
lv3	245	tourism	観光	観光	0.321
lv3	246	frequent	頻繁な	頻繁な	0.411
lv3	247	mechanism	仕組み	仕組み	0.411
lv3	248	tune	曲／チャンネルを合わせる	曲／チャンネルを合わせる／～の調子を合わせる	0.411
lv3	249	classical	クラシックの／古典的な	クラシックの／古典的な	0.410
lv3	250	mainstream	主流／大勢	主流／大勢	0.410
lv3	251	brick	れんが／〈英〉積み木	れんが／〈英〉積み木	0.408
lv3	252	lonely	寂しい／孤独な	寂しい／孤独な	0.408
lv3	253	signature	署名／特徴	署名／特徴	0.408
lv3	254	venue	会場／開催地	会場／開催地	0.408
lv3	255	abortion	中絶／妊娠中絶	中絶／妊娠中絶	0.407
lv3	256	gather	～を集める／集まる	～を集める／集まる／拾い集める	0.407
lv3	257	isolated	孤立した／孤立している	孤立した／孤立している／孤独な	0.407
lv3	258	lazy	怠惰な／いい加減な	怠惰な／いい加減な／くつろいだ	0.407
lv3	259	controversial	論争を招く／物議を呼ぶ	論争を招く／物議を呼ぶ／物議をかもす	0.406
lv3	260	furthermore	さらに／そのうえ	さらに／そのうえ	0.406
lv3	261	unexpected	思いがけない／不意の	思いがけない／不意の	0.406
lv3	262	biology	生物学	生物学	0.404
lv3	263	canal	運河	運河	0.404
lv3	264	explosion	爆発／急激な増加	爆発／急激な増加	0.404
lv3	265	nasty	不快な	不快な	0.404
lv3	266	excess	超過／過剰	超過／過剰／過剰な	0.403
lv3	267	gradually	徐々に／だんだん	徐々に／だんだん	0.403
lv3	268	sink	沈む／～を沈める	沈む／～を沈める／流し	0.403
lv3	269	skip	抜かす／～とばす	抜かす／～とばす／～をサボる	0.403
lv3	270	bug	病原菌／虫	病原菌／虫／盗聴器	0.402
lv3	271	diagnosis	診断	診断	0.402
lv3	272	occupation	職業／職業〈可算〉	職業／職業〈可算〉／占有	0.402
lv3	273	striking	著しい／いちじるしい	著しい／いちじるしい／目立つ	0.402
lv3	274	cargo	貨物／積荷	貨物／積荷	0.401
lv3	275	coin	硬貨／～を作り出す	硬貨／～を作り出す	0.401
lv3	276	distant	遠い	遠い	0.401
lv3	277	raid	急襲／～に手入れを行う	急襲／～に手入れを行う／～を襲撃する	0.401
lv3	278	scenario	筋書き／事態	筋書き／事態／脚本	0.401
lv3	279	verse	韻文／詩	韻文／詩	0.399
lv3	280	simultaneously	同時に／一斉に	同時に／一斉に	0.398
lv3	281	testimony	証言／証拠	証言／証拠	0.398
lv3	282	creature	動物／生き物	動物／生き物	0.397
lv3	283	shy	内気な／恥ずかしがりの	内気な／恥ずかしがりの	0.397
lv3	284	harbor	港／～を心に抱く	港／～を心に抱く／避難所	0.395
lv3	285	protocol	議定書／外交儀礼	議定書／外交儀礼／プロトコル	0.395
lv3	286	scholarship	奨学金／奨学金〈可算〉	奨学金／奨学金〈可算〉／学問	0.395
lv3	287	awake	目を覚まして	目を覚まして	0.394
lv3	288	blank	空白の／無表情な	空白の／無表情な／～がらんとした	0.394
lv3	289	curve	カーブ／カーブする	カーブ／カーブする／曲線	0.394
lv3	290	justify	正当化する／～を正当化する	正当化する／～を正当化する	0.394
lv3	291	scream	悲鳴を上げる／叫び声をあげる	悲鳴を上げる／叫び声をあげる／悲鳴	0.394
lv3	292	companion	仲間／旅の連れ	仲間／旅の連れ	0.393
lv3	293	haven	避難所／保護区	避難所／保護区／港	0.393
lv3	294	theft	窃盗	窃盗	0.393
lv3	295	entity	存在／存在物	存在／存在物／統一体	0.392
lv3	296	excessive	過度の／法外な	過度の／法外な	0.392
lv3	297	alternate	代わりの／交互の	代わりの／交互の	0.390
lv3	298	athlete	運動選手	運動選手	0.390
lv3	299	mild	温暖な／穏やかな	温暖な／穏やかな／軽い	0.390
lv3	300	neighbor	近所の人／隣人	近所の人／隣人／隣の人	0.390
lv3	301	witch	魔女	魔女	0.390
lv3	302	array	多彩／さまざまな	多彩／さまざまな／多彩な	0.389
lv3	303	hunger	飢え／空腹	飢え／空腹	0.389
lv3	304	lung	肺／肺〈可算〉	肺／肺〈可算〉	0.389
lv3	305	mighty	強力な	強力な	0.389
lv3	306	monetary	金銭的な／貨幣の	金銭的な／貨幣の／金融の	0.389
lv3	307	disagree	不賛成である／意見が合わない	不賛成である／意見が合わない／意見が食い違う	0.388
lv3	308	skull	頭骨／頭蓋骨〈可算〉	頭骨／頭蓋骨〈可算〉／頭蓋骨	0.388
lv3	309	bride	花嫁／新婦	花嫁／新婦	0.386
lv3	310	obsessed	取りつかれて／～とりつかれている	取りつかれて／～とりつかれている／頭が一杯で	0.386
lv3	311	overwhelming	圧倒的な	圧倒的な	0.386
lv3	312	warehouse	倉庫／〈英〉問屋	倉庫／〈英〉問屋	0.386
lv3	313	miserable	悲惨な／惨めな	悲惨な／惨めな／～とても不幸な	0.385
lv3	314	notable	注目すべき／注目に値する	注目すべき／注目に値する／著名な	0.385
lv3	315	scan	～を走査する／～をざっと見る	～を走査する／～をざっと見る／～を注意深く調べる	0.385
lv3	316	hatred	憎悪／憎しみ	憎悪／憎しみ	0.383
lv3	317	ignorant	無知の／無知な	無知の／無知な	0.383
lv3	318	strengthen	～を強くする	～を強くする	0.381
lv3	319	thermal	熱の／熱による	熱の／熱による／保温用の	0.381
lv3	320	junk	～がらくた／くず	～がらくた／くず／つまらないもの	0.380
lv3	321	mineral	鉱物／ミネラル	鉱物／ミネラル	0.380
lv3	322	pill	薬／錠剤	薬／錠剤／丸薬	0.380
lv3	323	thereby	それによって／そうすることで	それによって／そうすることで	0.380
lv3	324	accordingly	それ相応に／従って	それ相応に／従って／そんなわけで	0.379
lv3	325	subscribe	定期購読する／加入している	定期購読する／加入している／支持する	0.379
lv3	326	nephew	甥	甥	0.377
lv3	327	voluntary	自発的な／無償の	自発的な／無償の	0.377
lv3	328	chin	あご／下あご	あご／下あご／あごの先端	0.376
lv3	329	disposal	処分／廃棄	処分／廃棄／売却	0.376
lv3	330	lottery	宝くじ／抽選	宝くじ／抽選	0.376
lv3	331	publicity	宣伝／一般に知られること	宣伝／一般に知られること／広告	0.376
lv3	332	evident	明白な／明らかな	明白な／明らかな	0.375
lv3	333	injection	注射	注射	0.375
lv3	334	offset	～を相殺する／埋め合わせる	～を相殺する／埋め合わせる／～をオフセット印刷にする	0.375
lv3	335	hydrogen	水素	水素	0.374
lv3	336	seasonal	季節の／季節的な	季節の／季節的な	0.374
lv3	337	ankle	足首	足首	0.372
lv3	338	renowned	有名な	有名な	0.371
lv3	339	risky	危険な／危うい	危険な／危うい	0.368
lv3	340	sober	しらふの／酔っていない	しらふの／酔っていない／真面目な	0.368
lv3	341	threaten	～を脅かす／～を脅迫する	～を脅かす／～を脅迫する／～すると脅す	0.368
lv3	342	discharge	放出する／～を排出する	放出する／～を排出する／～を解放する	0.367
lv3	343	pierce	～を突き通す／穴をあける	～を突き通す／穴をあける／～を突き刺す	0.459
lv3	344	reunion	再会／再結合	再会／再結合／再開	0.459
lv3	345	texture	感触／手触り	感触／手触り／本質	0.459
lv3	346	affection	愛情	愛情	0.458
lv3	347	delegation	代表団／代表派遣	代表団／代表派遣／使節	0.366
lv3	348	demographic	人口統計の／人口統計学の	人口統計の／人口統計学の／人口統計上の	0.458
lv3	349	educate	～を教育する／～に教える	～を教育する／～に教える／～を養う	0.458
lv3	350	inequality	不平等／不公平な事柄	不平等／不公平な事柄	0.458
lv3	351	lend	～を貸す／～にを貸す	～を貸す／～にを貸す／～にを与える	0.458
lv3	352	manuscript	原稿／写本	原稿／写本	0.458
lv3	353	outline	～の要点を述べる／～の輪郭を描く	～の要点を述べる／～の輪郭を描く	0.458
lv3	354	polite	礼儀正しい／丁寧な	礼儀正しい／丁寧な	0.458
lv3	355	feminine	女らしい／女の	女らしい／女の／女性の	0.456
lv3	356	glow	輝く／光り輝く	輝く／光り輝く／ボーッと光る	0.456
lv3	357	refuge	避難／保護	避難／保護／避難所	0.456
lv3	358	horizontal	水平の／水平な	水平の／水平な	0.363
lv3	359	hostage	人質／捕虜	人質／捕虜	0.363
lv3	360	literacy	読み書きの能力／知識	読み書きの能力／知識／技能	0.455
lv3	361	misleading	誤解を招く／紛らわしい	誤解を招く／紛らわしい／誤解させる	0.455
lv3	362	mortality	死亡／死亡率	死亡／死亡率／死すべき運命	0.363
lv3	363	petroleum	石油	石油	0.363
lv3	364	self-esteem	自尊心	自尊心	0.363
lv3	365	stern	厳しい／いかめしい	厳しい／いかめしい／厳格な	0.455
lv3	366	terrific	すばらしい／素晴らしい	すばらしい／素晴らしい／すてきな	0.363
lv3	367	farewell	別れ／お別れ	別れ／お別れ	0.362
lv3	368	fond	好む／好きだ	好む／好きだ／Aが好きだ	0.454
lv3	369	heir	相続人／後継者	相続人／後継者／跡取り	0.454
lv3	370	misery	悲惨さ／惨めさ	悲惨さ／惨めさ	0.362
lv3	371	trim	こぎれいな／～を刈り込む	こぎれいな／～を刈り込む／切り取る	0.362
lv3	372	intersection	交差点	交差点	0.452
lv3	373	mankind	人類	人類	0.452
lv3	374	sour	すっぱい／酸っぱい	すっぱい／酸っぱい	0.361
lv3	375	thief	泥棒	泥棒	0.452
lv3	376	forehead	額／ひたい	額／ひたい／おでこ	0.359
lv3	377	pharmacy	薬局／薬屋	薬局／薬屋	0.451
lv3	378	rubbish	ごみ／ゴミ	ごみ／ゴミ／つまらないもの	0.359
lv3	379	antique	骨董の／アンティークの	骨董の／アンティークの／古風な	0.450
lv3	380	breeze	そよ風	そよ風	0.358
lv3	381	correlation	相関／相互関係	相関／相互関係	0.450
lv3	382	envelope	封筒	封筒	0.358
lv3	383	irony	皮肉	皮肉	0.450
lv3	384	lively	生き生きとした	生き生きとした	0.358
lv3	385	mortal	致命的な／死ぬ運命にある	致命的な／死ぬ運命にある／死すべき	0.358
lv3	386	autonomous	自治の／自動運転	自治の／自動運転／自主的な	0.357
lv3	387	carriage	車両／馬車	車両／馬車／立ち居振舞い	0.357
lv3	388	clarify	明らかにする／～を明確にする	明らかにする／～を明確にする／～を明らかにする	0.449
lv3	389	spinal	脊椎の	脊椎の	0.357
lv3	390	undergraduate	学部学生	学部学生	0.357
lv3	391	analyze	～を分析する	～を分析する	0.356
lv3	392	exile	亡命／追放	亡命／追放／～を追放する	0.447
lv3	393	synthesis	合成／総合	合成／総合／統合	0.356
lv3	394	testify	証言する	証言する	0.356
lv3	395	afterward	後で／その後	後で／その後	0.354
lv3	396	livestock	家畜／家畜〈不可算〉	家畜／家畜〈不可算〉	0.446
lv3	397	naughty	いたずらな	いたずらな	0.354
lv3	398	reef	礁／暗礁	礁／暗礁	0.354
lv3	399	accidental	偶然の／偶発的な	偶然の／偶発的な／過失による	0.353
lv3	400	addicted	中毒である／～の中毒になっている	中毒である／～の中毒になっている	0.353
lv3	401	deliberate	故意の／慎重な	故意の／慎重な／意図的な	0.445
lv3	402	drift	漂う／さまよう	漂う／さまよう／～を押し流す	0.445
lv3	403	geological	地質上の／地質学的な	地質上の／地質学的な	0.353
lv3	404	hatch	かえる／孵化する	かえる／孵化する／かえす	0.445
lv3	405	nap	昼寝／うたた寝	昼寝／うたた寝／仮眠	0.353
lv3	406	predecessor	前任者／前のもの	前任者／前のもの／以前あったもの	0.445
lv3	407	remedy	治療法／治療薬	治療法／治療薬／治療	0.445
lv3	408	unprecedented	前例のない／空前の	前例のない／空前の	0.353
lv3	409	accord	一致／一致する	一致／一致する／合意	0.443
lv3	410	eclipse	食／失墜	食／失墜	0.352
lv3	411	exhaust	～を使い果たす	～を使い果たす／～を疲れ果てさせる／疲れさせる	0.443
lv3	412	masterpiece	傑作	傑作	0.443
lv3	413	respiratory	呼吸の／呼吸器に関する	呼吸の／呼吸器に関する	0.443
lv3	414	rotten	腐った／腐敗した	腐った／腐敗した	0.443
lv3	415	evolve	発展する／進化する	発展する／進化する	0.442
lv3	416	flush	紅潮する／～を水で流す	紅潮する／～を水で流す／～を紅潮させる	0.350
lv3	417	luggage	荷物／手荷物	荷物／手荷物	0.350
lv3	418	unpleasant	不愉快な／いやな	不愉快な／いやな／不親切な	0.350
lv3	419	imaginary	架空の／想像上の	架空の／想像上の	0.349
lv3	420	patriotic	愛国的な	愛国的な	0.349
lv3	421	probable	十分にありそうな	十分にありそうな／じゅうぶんありえる	0.349
lv3	422	subjective	主観的な	主観的な	0.441
lv3	423	apparatus	装置／装置・器具	装置／装置・器具	0.348
lv3	424	ecological	生態／環境の	生態／環境の／生態の	0.348
lv3	425	exclude	～を除外する／締め出す	～を除外する／締め出す	0.440
lv3	426	metabolism	代謝／代謝作用	代謝／代謝作用／新陳代謝	0.440
lv3	427	queue	列／行列	列／行列	0.440
lv3	428	sociology	社会学	社会学	0.348
lv3	429	complement	補完物／補うもの	補完物／補うもの／補足	0.347
lv3	430	digit	桁	桁	0.347
lv3	431	dinosaur	恐竜	恐竜	0.347
lv3	432	herd	群れ／群	群れ／群／群衆	0.438
lv3	433	literal	文字通りの／文字どおりの	文字通りの／文字どおりの／逐語的な	0.347
lv3	434	maternal	母の／母親らしい	母の／母親らしい／妊婦の	0.347
lv3	435	outrageous	法外な／常軌を逸した	法外な／常軌を逸した／奇想天外な	0.347
lv3	436	vein	静脈／血管	静脈／血管	0.438
lv3	437	dementia	認知症	認知症	0.437
lv3	438	diploma	学位／卒業証書	学位／卒業証書／証明書	0.345
lv3	439	dispatch	～を派遣する／～を発送する	～を派遣する／～を発送する／～を処理する	0.437
lv3	440	extinction	絶滅／消滅	絶滅／消滅	0.345
lv3	441	insect	昆虫	昆虫	0.437
lv3	442	spatial	空間の	空間の	0.345
lv3	443	volcano	火山	火山	0.345
lv3	444	deed	行為／行い	行為／行い／行動	0.436
lv3	445	greedy	貪欲な	貪欲な	0.344
lv3	446	splendid	素晴らしい／すばらしい	素晴らしい／すばらしい	0.344
lv3	447	textile	織物／繊維	織物／繊維／織物の	0.436
lv3	448	cereal	穀物／シリアル	穀物／シリアル／穀物加工食品	0.343
lv3	449	potent	強力な	強力な	0.343
lv3	450	rust	さび／さび〈不可算〉	さび／さび〈不可算〉／さびる	0.434
lv3	451	stray	はぐれる／迷う	はぐれる／迷う／家のない	0.434
lv3	452	thirsty	～のどが渇く／～のどが渇いた	～のどが渇く／～のどが渇いた／切望して	0.343
lv3	453	upright	直立して／直立した	直立して／直立した／まっすぐに	0.434
lv3	454	worthwhile	価値がある／価値のある	価値がある／価値のある／立派な	0.343
lv3	455	blink	まばたきする／まばたきをする	まばたきする／まばたきをする／点滅する	0.433
lv3	456	dilemma	ジレンマ／板挾み	ジレンマ／板挾み／板ばさみ	0.341
lv3	457	greed	強欲／貪欲	強欲／貪欲	0.341
lv3	458	inflammation	炎症／点火	炎症／点火／引火	0.341
lv3	459	renew	～を更新する／～を再生する	～を更新する／～を再生する	0.341
lv3	460	solitary	孤高の／孤独な	孤高の／孤独な／ひとりの	0.433
lv3	461	warranty	保証	保証	0.341
lv3	462	atom	原子	原子	0.340
lv3	463	bleed	出血する	出血する	0.432
lv3	464	choke	～を窒息させる／息が詰まる	～を窒息させる／息が詰まる／～のどがつまる	0.432
lv3	465	integrate	～を統合する／融合する	～を統合する／融合する／融けこませる	0.432
lv3	466	nationality	国籍／国民	国籍／国民／国民性	0.432
lv3	467	onset	発症／始まり	発症／始まり	0.340
lv3	468	persecution	迫害	迫害	0.340
lv3	469	plantation	農園	農園	0.340
lv3	470	prose	散文	散文	0.432
lv3	471	steer	操縦する／～を向ける	操縦する／～を向ける	0.340
lv3	472	cosmetic	化粧の／美容の	化粧の／美容の／化粧品	0.339
lv3	473	disadvantage	不利／障害	不利／障害／損失	0.339
lv3	474	litter	ごみ／散らかす	ごみ／散らかす／～を散らかす	0.431
lv3	475	lump	かたまり／こぶ	かたまり／こぶ／しこり	0.431
lv3	476	masculine	男らしい／男の	男らしい／男の／男性的な	0.431
lv3	477	compulsory	義務的な／規定の	義務的な／規定の／強制的な	0.429
lv3	478	emission	排出／排気	排出／排気／放出	0.338
lv3	479	millennium	千年間／千年紀	千年間／千年紀／1000年間	0.429
lv3	480	overlap	重なる／重複する	重なる／重複する	0.338
lv3	481	psychiatrist	精神科医	精神科医	0.338
lv3	482	stain	～を汚す／シミ	～を汚す／シミ／汚れ	0.338
lv3	483	diplomat	外交官	外交官	0.336
lv3	484	hemisphere	半球	半球	0.428
lv3	485	intriguing	興味深い	興味深い	0.336
lv3	486	monarch	君主／皇帝	君主／皇帝	0.428
lv3	487	preach	説教する／説く	説教する／説く	0.336
lv3	488	underestimate	軽く見る／～を少なく見積もる	軽く見る／～を少なく見積もる／過小評価する	0.336
lv3	489	addict	中毒になる／～を中毒にさせる	中毒になる／～を中毒にさせる／凝る	0.335
lv3	490	durable	長持ちする／耐久性のある	長持ちする／耐久性のある／丈夫な	0.335
lv3	491	manifest	明らかな／～を明らかに示す	明らかな／～を明らかに示す／明白な	0.427
lv3	492	obese	肥満した	肥満した	0.335
lv3	493	sensory	感覚の	感覚の	0.427
lv3	494	unanimous	満場一致の	満場一致の	0.335
lv3	495	depart	出発する／それる	出発する／それる	0.334
lv3	496	govern	統治する／支配する	統治する／支配する／決定する	0.334
lv3	497	lag	遅れる／遅れ	遅れる／遅れ／徐々に弱まる	0.425
lv3	498	lure	呼び込む／～を誘い込む	呼び込む／～を誘い込む／魅力	0.334
lv3	499	sane	正気の／健全な	正気の／健全な／分別のある	0.334
lv3	500	verge	瀬戸際／寸前	瀬戸際／寸前／道路べり	0.334
lv3	501	advertise	～を宣伝する／広告を出す	～を宣伝する／広告を出す	0.424
lv3	502	chew	かむ／～をかみ砕く	かむ／～をかみ砕く	0.332
lv3	503	congestion	混雑／充血	混雑／充血	0.424
lv3	504	erase	～を消す／消す	～を消す／消す／消去する	0.424
lv3	505	extinct	絶滅した／廃止された	絶滅した／廃止された	0.424
lv3	506	knit	～を編む／編む	～を編む／編む／～を結合する	0.424
lv3	507	maternity	母性／妊産婦の	母性／妊産婦の／母であること	0.332
lv3	508	spur	駆りたてる／～を駆り立てる	駆りたてる／～を駆り立てる／～に拍車をかける	0.424
lv3	509	tangible	触れられる／触れることができる	触れられる／触れることができる／明確な	0.332
lv3	510	anthropology	人類学	人類学	0.331
lv3	511	intervene	介入する／介在する	介入する／介在する	0.331
lv3	512	obsolete	廃れた／すたれた	廃れた／すたれた／時代遅れの	0.423
lv3	513	posture	姿勢／心構え	姿勢／心構え	0.423
lv3	514	accustomed	慣れている／慣れた	慣れている／慣れた	0.422
lv3	515	deficiency	欠乏／不足	欠乏／不足	0.330
lv3	516	erosion	浸食／侵食	浸食／侵食／衰退	0.422
lv3	517	mutation	突然変異／変化	突然変異／変化	0.422
lv3	518	plausible	もっともらしい／まことしやかな	もっともらしい／まことしやかな	0.422
lv3	519	thirst	渇き／喉の渇き	渇き／喉の渇き／渇望	0.330
lv3	520	viewpoint	見地／観点	見地／観点	0.330
lv3	521	endorse	～を支持する／～を推奨する	～を支持する／～を推奨する	0.329
lv3	522	gigantic	巨大な／大きな	巨大な／大きな	0.329
lv3	523	plead	懇願する／嘆願する	懇願する／嘆願する／～を申し立てる	0.329
lv3	524	seldom	めったに…ない／めったに～ない	めったに…ない／めったに～ない	0.329
lv3	525	blossom	花／花が咲く	花／花が咲く／開花する	0.419
lv3	526	damp	湿った／じめじめした	湿った／じめじめした	0.327
lv3	527	empirical	経験的な／経験による	経験的な／経験による／経験主義の	0.327
lv3	528	fuss	大騒ぎ	大騒ぎ	0.419
lv3	529	unfamiliar	不慣れな／知られていない	不慣れな／知られていない	0.327
lv3	530	internship	実務研修／研修期間	実務研修／研修期間／医学研修	0.326
lv3	531	paradigm	理論的枠組／パラダイム	理論的枠組／パラダイム／理論的枠組み	0.418
lv3	532	pavement	歩道	歩道	0.326
lv3	533	refrigerator	冷蔵庫	冷蔵庫	0.326
lv3	534	utmost	最も／最大の	最も／最大の	0.326
lv3	535	agony	苦痛／苦悩	苦痛／苦悩	0.325
lv3	536	allergy	アレルギー	アレルギー	0.416
lv3	537	isolate	～を切り離す／～を隔離する	～を切り離す／～を隔離する／～を孤立させる	0.416
lv3	538	meadow	牧草地／草地	牧草地／草地	0.325
lv3	539	restless	落ち着かない／落ち着きがない	落ち着かない／落ち着きがない／せわしない	0.325
lv3	540	browse	拾い読みする／閲覧する	拾い読みする／閲覧する／～を見て歩く	0.415
lv3	541	cortex	皮質／樹皮	皮質／樹皮	0.323
lv3	542	cynical	冷笑的な／皮肉な	冷笑的な／皮肉な	0.415
lv3	543	duplicate	複製する／～を複製する	複製する／～を複製する／複製品	0.323
lv3	544	garment	衣服／衣類	衣服／衣類	0.415
lv3	545	heap	山／たくさんの～	山／たくさんの～	0.323
lv3	546	contagious	感染の／病気を伝染する	感染の／病気を伝染する	0.322
lv3	547	orphan	孤児	孤児	0.414
lv3	548	adhere	くっつく／固く守る	くっつく／固く守る／忠実に従う	0.413
lv3	549	archaeology	考古学	考古学	0.321
lv3	550	dwell	住む／宿る	住む／宿る／考える	0.413
lv3	551	invent	～を発明する／～をでっち上げる	～を発明する／～をでっち上げる	0.413
lv3	552	asteroid	小惑星／ヒトデ	小惑星／ヒトデ	0.411
lv3	553	catastrophe	大災害／破滅	大災害／破滅／災難	0.411
lv3	554	eminent	著名な／名高い	著名な／名高い／地位が高い	0.411
lv3	555	hardship	苦難／苦労	苦難／苦労	0.411
lv3	556	vow	誓い／～を誓う	誓い／～を誓う／誓う	0.411
lv3	557	acquaintance	知人／面識	知人／面識／知識	0.410
lv3	558	amend	～を修正する／～を改正する	～を修正する／～を改正する／改正する	0.410
lv3	559	cater	応える／まかなう	応える／まかなう／料理をまかなう	0.410
lv3	560	longevity	長寿／寿命	長寿／寿命／長年勤続	0.410
lv3	561	summon	呼ぶ／～を呼ぶ	呼ぶ／～を呼ぶ／～を呼び出す	0.410
lv3	562	ethic	倫理／道徳	倫理／道徳／倫理規範	0.409
lv3	563	haunt	出没する／～につきまとう	出没する／～につきまとう／～に出る	0.409
lv3	564	indulge	ふける／～を没頭させる	ふける／～を没頭させる／甘やかす	0.409
lv3	565	simultaneous	同時の／同時に起こる	同時の／同時に起こる	0.407
lv3	566	encyclopedia	百科事典	百科事典	0.406
lv3	567	tyranny	圧政／専制政治	圧政／専制政治／暴政	0.406
lv3	568	antibiotic	抗生物質	抗生物質	0.404
lv3	569	multiply	掛ける／増える	掛ける／増える／増やす	0.404
lv3	570	nuisance	迷惑／迷惑行為	迷惑／迷惑行為／迷惑な人	0.404
lv3	571	resilient	回復力のある／回復の早い	回復力のある／回復の早い／弾力性のある	0.404
lv3	572	odor	～におい／臭い	～におい／臭い／気配	0.402
lv3	573	concede	～を認める／～と認める	～を認める／～と認める／譲歩する	0.401
lv3	574	unfold	～を開く／～を明らかにする	～を開く／～を明らかにする／開く	0.397
lv3	575	questionnaire	アンケート／アンケート調査	アンケート／アンケート調査	0.396
lv3	576	riddle	なぞなぞ／謎	なぞなぞ／謎／謎〈可算〉	0.396
lv3	577	ache	痛む／うずく	痛む／うずく	0.395
lv3	578	enact	～を制定する／～を通過させる	～を制定する／～を通過させる	0.395
lv3	579	sanction	制裁／認可	制裁／認可／是認	0.395
lv3	580	defy	～を拒む／逆らう	～を拒む／逆らう／～に逆らう	0.393
lv3	581	artifact	工芸品／人工遺物	工芸品／人工遺物／出土品	0.392
lv3	582	barren	不毛な／不毛の	不毛な／不毛の／作物ができない	0.391
lv3	583	extravagant	法外な／浪費する	法外な／浪費する／金遣いの荒い	0.391
lv3	584	peril	危険／危機	危険／危機	0.391
lv3	585	inquire	尋ねる／～を尋ねる	尋ねる／～を尋ねる／調査する	0.388
lv3	586	stun	～を気絶させる／びっくりさせる	～を気絶させる／びっくりさせる／～をびっくりさせる	0.387
lv3	587	decorate	～を装飾する／装飾する	～を装飾する／装飾する	0.386
lv3	588	intrigue	～に興味を持たせる／陰謀を企てる	～に興味を持たせる／陰謀を企てる／～の興味をそそる	0.386
lv3	589	mischief	いたずら／いたずら〈不可算〉	いたずら／いたずら〈不可算〉／悪さ	0.386
lv3	590	souvenir	記念品／土産	記念品／土産／お土産	0.386
lv3	591	ingenious	独創的な／創意工夫に富んだ	独創的な／創意工夫に富んだ	0.384
lv3	592	inflict	与える／～を与える	与える／～を与える／（BにA）を与える	0.383
lv3	593	inhibit	～を抑制する／阻害する	～を抑制する／阻害する／～を妨げる	0.383
lv3	594	allocate	～を割り当てる／配分する	～を割り当てる／配分する／分配する	0.379
lv3	595	linger	残る／ぐずぐずする	残る／ぐずぐずする／長居する	0.379
lv3	596	enrich	～を豊かにする／豊かにする	～を豊かにする／豊かにする／～を濃縮化する	0.378
lv3	597	shrug	肩をすくめる／～をすくめる	肩をすくめる／～をすくめる	0.378
lv3	598	proficient	熟達した／堪能な	熟達した／堪能な	0.377
lv3	599	recite	～を暗唱する／暗唱する	～を暗唱する／暗唱する／～を詳述する	0.375
lv3	600	flatter	おだてる／お世辞を言う	おだてる／お世辞を言う／～にお世辞を言う	0.374
lv3	601	proclaim	～を宣言する／宣言する	～を宣言する／宣言する	0.374
lv3	602	equator	赤道	赤道	0.373
lv3	603	emit	排出する／～を出す	排出する／～を出す／～を排出する	0.371
lv3	604	lament	嘆く／悲しみ嘆く	嘆く／悲しみ嘆く／～を深く悲しむ	0.371
lv3	605	pesticide	殺虫剤／除草剤	殺虫剤／除草剤／駆除剤	0.371
lv3	606	timid	臆病な／内気な	臆病な／内気な	0.371
lv3	607	ascend	上がる／上る	上がる／上る	0.370
lv3	608	diligent	勤勉な／入念な	勤勉な／入念な	0.369
lv3	609	discern	識別する／～を見分ける	識別する／～を見分ける	0.369
lv3	610	aristocracy	貴族階級／貴族	貴族階級／貴族／貴族社会	0.366
lv3	611	eloquent	雄弁な／説得力のある	雄弁な／説得力のある	0.458
lv3	612	entail	～を伴う／引き起こす	～を伴う／引き起こす／必要とする	0.366
lv3	613	prolong	～を長引かせる／延ばす	～を長引かせる／延ばす／～を延長する	0.458
lv3	614	superstition	迷信	迷信	0.458
lv3	615	deforestation	森林伐採／森林破壊	森林伐採／森林破壊	0.457
lv3	616	germ	細菌／ばい菌	細菌／ばい菌／病原菌	0.457
lv3	617	amaze	～をびっくりさせる／～を驚かせる	～をびっくりさせる／～を驚かせる／～を驚嘆させる	0.455
lv3	618	sneeze	くしゃみをする	くしゃみをする	0.364
lv3	619	soothe	～をなだめる／なだめる	～をなだめる／なだめる／和らげる	0.454
lv3	620	embody	～を具体化する／具現する	～を具体化する／具現する／～を具現する	0.453
lv3	621	anthropologist	人類学者	人類学者	0.360
lv3	622	infer	～を推論する／～を推測する	～を推論する／～を推測する／～を推察する	0.360
lv3	623	neuron	ニューロン／神経単位	ニューロン／神経単位／神経細胞	0.360
lv3	624	chore	雑用／家事	雑用／家事／いやな仕事	0.359
lv3	625	deteriorate	悪化する／～が悪化する	悪化する／～が悪化する	0.450
lv3	626	overwhelm	～を圧倒する／まいらせる	～を圧倒する／まいらせる／打ちのめす	0.359
lv3	627	cram	～を詰め込む／詰め込み勉強をする	～を詰め込む／詰め込み勉強をする／塾	0.449
lv3	628	primate	霊長類／霊長目の動物	霊長類／霊長目の動物／霊長類の動物	0.449
lv3	629	scorn	軽蔑／侮蔑	軽蔑／侮蔑	0.448
lv3	630	archaeologist	考古学者	考古学者	0.355
lv3	631	oblige	～に義務づける／～に恩恵を施す	～に義務づける／～に恩恵を施す／～に強いる	0.444
lv3	632	apprehension	不安／懸念	不安／懸念／逮捕	0.443
lv3	633	distort	～を歪める／歪曲する	～を歪める／歪曲する／歪む	0.441
lv3	634	humiliate	屈辱を与える／恥をかかせる	屈辱を与える／恥をかかせる／～に恥をかかせる	0.350
lv3	635	omit	省く／～を省く	省く／～を省く／～を省略する	0.440
lv3	636	worsen	～を悪化させる／悪化する	～を悪化させる／悪化する	0.347
lv3	637	tremble	震える／震動する	震える／震動する	0.436
lv3	638	wither	しおれる／しぼむ	しおれる／しぼむ／弱まる	0.434
lv3	639	deduce	～を推測する／～を推定する	～を推測する／～を推定する／～を導き出す	0.335
lv3	640	displace	～に取って代わる／～とってかわる	～に取って代わる／～とってかわる／～を追い出す	0.335
lv3	641	erupt	噴火する／勃発する	噴火する／勃発する	0.335
lv3	642	yearn	切望する／熱望する	切望する／熱望する／～を切望する	0.335
lv3	643	monotonous	単調な	単調な	0.425
lv3	644	impair	損なう／～を損なう	損なう／～を損なう／～を弱める	0.422
lv3	645	murmur	つぶやく	つぶやく	0.329
lv3	646	nourish	～に栄養を与える／養う	～に栄養を与える／養う／～を抱く	0.418
lv3	647	oppress	虐げる／圧迫する	虐げる／圧迫する／しいたげる	0.416
lv3	648	contaminate	～を汚染する／～を堕落させる	～を汚染する／～を堕落させる	0.409
lv3	649	punctual	時間を守る／時間に正確な	時間を守る／時間に正確な／時間をきっちり守る	0.409
lv3	650	startle	～をびっくりさせる／驚かせる	～をびっくりさせる／驚かせる／～を驚かせる	0.391
lv3	651	microbe	微生物／細菌	微生物／細菌	0.383
lv3	652	fascinate	～を魅了する／～を夢中にさせる	～を魅了する／～を夢中にさせる／～にとても興味をもたせる	0.460
lv3	653	astonish	驚かせる／～を驚かす	驚かせる／～を驚かす／～を驚かせる	0.458
lv4	1	acceptable	受け入れられる／容認できる	受け入れられる／容認できる	0.319
lv4	2	concentration	濃度／集中	濃度／集中／専念	0.319
lv4	3	copper	銅	銅	0.319
lv4	4	pit	穴／くぼみ	穴／くぼみ	0.319
lv4	5	utility	公共事業／公共料金	公共事業／公共料金／実用性	0.319
lv4	6	clip	～を切り抜く／～を切り取る	～を切り抜く／～を切り取る／～をクリップで留める	0.318
lv4	7	conspiracy	陰謀	陰謀	0.318
lv4	8	equality	平等	平等	0.318
lv4	9	intervention	介入	介入	0.318
lv4	10	panic	パニック／狼狽	パニック／狼狽	0.318
lv4	11	requirement	必要条件／必需品	必要条件／必需品	0.318
lv4	12	terror	恐怖	恐怖	0.318
lv4	13	arrangement	準備／配置	準備／配置／取り決め	0.317
lv4	14	considerable	かなりの	かなりの	0.317
lv4	15	racism	人種差別	人種差別	0.317
lv4	16	accuracy	正確さ／的確さ	正確さ／的確さ	0.315
lv4	17	dirt	汚れ／泥	汚れ／泥／ほこり	0.315
lv4	18	diverse	多様な	多様な	0.315
lv4	19	exclusively	もっぱら／～専用で	もっぱら／～専用で	0.315
lv4	20	municipal	市の／地方自治の	市の／地方自治の	0.315
lv4	21	warrant	～を保証する／正当化する	～を保証する／正当化する	0.315
lv4	22	coalition	連立／合同	連立／合同	0.314
lv4	23	dominant	支配的な／より優位にたつ	支配的な／より優位にたつ	0.314
lv4	24	graphic	図／挿絵	図／挿絵	0.314
lv4	25	instantly	すぐに	すぐに	0.314
lv4	26	invasion	侵害／侵入	侵害／侵入	0.314
lv4	27	palm	手のひら	手のひら	0.314
lv4	28	rubber	ゴム／ゴム製品	ゴム／ゴム製品	0.314
lv4	29	serial	連続した	連続した	0.314
lv4	30	subsequently	その後／続いて	その後／続いて	0.314
lv4	31	accidentally	偶然	偶然	0.313
lv4	32	affordable	手頃な／安価な	手頃な／安価な	0.313
lv4	33	amateur	アマチュア／素人	アマチュア／素人	0.313
lv4	34	briefly	少しの間に／簡潔に	少しの間に／簡潔に	0.313
lv4	35	completion	完了／完成	完了／完成	0.313
lv4	36	custody	親権／保護	親権／保護／管理	0.313
lv4	37	dig	～を掘る	～を掘る	0.313
lv4	38	integrity	誠実	誠実	0.313
lv4	39	outfit	衣装一式／装備一式	衣装一式／装備一式／組織	0.313
lv4	40	tension	緊張	緊張	0.313
lv4	41	unemployment	失業／失業率	失業／失業率／失業者数	0.313
lv4	42	unity	結束／統一	結束／統一	0.313
lv4	43	clinic	診療所／クリニック	診療所／クリニック／～科	0.312
lv4	44	criteria	基準	基準	0.312
lv4	45	disability	障害	障害	0.312
lv4	46	identical	同一の／うり二つの	同一の／うり二つの	0.312
lv4	47	legally	法的に／合法的に	法的に／合法的に	0.312
lv4	48	nonsense	ばかげた物／無意味な言葉	ばかげた物／無意味な言葉	0.312
lv4	49	slavery	奴隷制度／苦役	奴隷制度／苦役	0.312
lv4	50	developer	宅地造成業者／開発者	宅地造成業者／開発者	0.310
lv4	51	flip	～を裏返す／～を軽くはじく	～を裏返す／～を軽くはじく	0.310
lv4	52	precisely	正確に／まさに	正確に／まさに／ちょうど	0.310
lv4	53	prisoner	囚人	囚人	0.310
lv4	54	wireless	無線の／ラジオの	無線の／ラジオの	0.310
lv4	55	wrap	～を包む	～を包む	0.310
lv4	56	Christianity	キリスト教	キリスト教	0.309
lv4	57	blade	刃／羽根	刃／羽根／葉	0.309
lv4	58	coastal	沿岸の	沿岸の	0.309
lv4	59	ethics	倫理	倫理	0.309
lv4	60	exploration	探検／調査	探検／調査	0.309
lv4	61	overnight	一晩	一晩	0.309
lv4	62	respective	それぞれの	それぞれの	0.309
lv4	63	sustainable	持続できる／維持できる	持続できる／維持できる	0.309
lv4	64	assignment	任務／宿題	任務／宿題／割り当て	0.308
lv4	65	basement	地階／地下室	地階／地下室	0.308
lv4	66	consecutive	連続した	連続した	0.308
lv4	67	floating	浮かぶ	浮かぶ	0.308
lv4	68	grid	供給網／格子	供給網／格子／碁盤目	0.308
lv4	69	heating	暖房	暖房	0.308
lv4	70	lap	ひざ	ひざ	0.308
lv4	71	mixture	混合	混合	0.308
lv4	72	perception	認識／知覚	認識／知覚	0.308
lv4	73	significance	重要性	重要性	0.308
lv4	74	spray	～を吹きかける／～に吹きつける	～を吹きかける／～に吹きつける	0.308
lv4	75	artistic	芸術的な	芸術的な	0.306
lv4	76	attendance	出席者数／出席	出席者数／出席	0.306
lv4	77	barrel	バレル／たる	バレル／たる	0.306
lv4	78	genre	ジャンル／酒類	ジャンル／酒類	0.306
lv4	79	gentle	優しい	優しい	0.306
lv4	80	grammar	文法	文法	0.306
lv4	81	jam	渋滞	渋滞	0.306
lv4	82	magnetic	磁気の／磁石の	磁気の／磁石の／人を引きつける	0.306
lv4	83	scandal	スキャンダル／不正行為	スキャンダル／不正行為	0.306
lv4	84	shine	輝く	輝く	0.306
lv4	85	surveillance	監視／見張り	監視／見張り	0.306
lv4	86	tweet	ツイートする／つぶやく	ツイートする／つぶやく	0.306
lv4	87	acceptance	受諾／受け取り	受諾／受け取り	0.305
lv4	88	ash	灰	灰	0.305
lv4	89	deadly	致命的な／命にかかわる	致命的な／命にかかわる	0.305
lv4	90	marvel	驚く／驚き	驚く／驚き	0.305
lv4	91	realistic	現実的な／実際的な	現実的な／実際的な	0.305
lv4	92	satisfaction	満足	満足	0.305
lv4	93	strictly	厳格に／厳しく	厳格に／厳しく	0.305
lv4	94	medication	薬／医薬品	薬／医薬品／薬物治療	0.304
lv4	95	productivity	生産性	生産性	0.304
lv4	96	addiction	依存	依存	0.303
lv4	97	binding	拘束力のある／義務を負わせる	拘束力のある／義務を負わせる	0.303
lv4	98	encouraging	勇気づける／望みを持たせる	勇気づける／望みを持たせる	0.303
lv4	99	hurry	急ぐ	急ぐ	0.303
lv4	100	inflation	インフレ／高騰	インフレ／高騰	0.303
lv4	101	inspection	検査／点検	検査／点検	0.303
lv4	102	logical	論理的な	論理的な	0.303
lv4	103	meaningful	意味のある	意味のある	0.303
lv4	104	plug	～のプラグを電源に差し込む	～のプラグを電源に差し込む／～をふさぐ	0.303
lv4	105	activist	活動家	活動家	0.301
lv4	106	availability	可能性／有用性	可能性／有用性	0.301
lv4	107	cage	檻／かご	檻／かご	0.301
lv4	108	mud	ぬかるみ／泥	ぬかるみ／泥	0.301
lv4	109	protective	保護する／守ろうとする	保護する／守ろうとする	0.301
lv4	110	reportedly	報じられるところでは	報じられるところでは	0.301
lv4	111	surgeon	外科医	外科医	0.301
lv4	112	future-oriented	未来志向の	未来志向の	0.300
lv4	113	jewelry	宝石	宝石	0.300
lv4	114	journalism	ジャーナリズム／報道	ジャーナリズム／報道	0.300
lv4	115	oriented	志向の	志向の	0.300
lv4	116	reminder	思い出させるもの／記念物	思い出させるもの／記念物	0.300
lv4	117	closure	閉鎖	閉鎖	0.299
lv4	118	diplomatic	外交の	外交の	0.299
lv4	119	minimal	最小の	最小の	0.299
lv4	120	preference	他より好むこと／好み	他より好むこと／好み	0.299
lv4	121	promising	前途有望な	前途有望な	0.299
lv4	122	citizenship	市民権／公民権	市民権／公民権／市民であること	0.297
lv4	123	cliff	崖／絶壁	崖／絶壁	0.297
lv4	124	fatal	致命的な／破滅的な	致命的な／破滅的な	0.297
lv4	125	laughter	笑い	笑い	0.297
lv4	126	technically	厳密に／専門的に	厳密に／専門的に	0.297
lv4	127	disappear	姿を消す	姿を消す	0.296
lv4	128	drill	訓練／練習	訓練／練習／ドリル	0.296
lv4	129	invisible	見えない	見えない	0.296
lv4	130	lawsuit	訴訟	訴訟	0.296
lv4	131	servant	使用人／召使	使用人／召使	0.296
lv4	132	thoroughly	徹底的に	徹底的に	0.296
lv4	133	architect	建築家／設計者	建築家／設計者	0.295
lv4	134	basin	流域／盆地	流域／盆地／海盆	0.295
lv4	135	beneficial	有益な／有利な	有益な／有利な	0.295
lv4	136	comparable	匹敵する／同様の	匹敵する／同様の	0.295
lv4	137	fabulous	～とても素敵な／莫大な	～とても素敵な／莫大な	0.295
lv4	138	fairy	妖精の	妖精の	0.295
lv4	139	gently	優しく／静かに	優しく／静かに	0.295
lv4	140	lodge	～を申し出る／～を預ける	～を申し出る／～を預ける／～を泊める	0.295
lv4	141	permanently	永遠に／いつも	永遠に／いつも	0.295
lv4	142	tragic	悲惨な／悲劇的な	悲惨な／悲劇的な	0.295
lv4	143	allied	連合の／同盟を組んだ	連合の／同盟を組んだ	0.294
lv4	144	assumption	仮定／想定	仮定／想定／思い込み	0.294
lv4	145	beard	あごひげ	あごひげ	0.294
lv4	146	ethical	倫理の／道徳の	倫理の／道徳の	0.294
lv4	147	nest	巣	巣	0.294
lv4	148	petty	低級の／心の狭い	低級の／心の狭い／取るに足らない	0.294
lv4	149	testament	あかし／証拠	あかし／証拠	0.294
lv4	150	toe	足の指／つま先	足の指／つま先	0.294
lv4	151	accommodation	宿泊施設	宿泊施設	0.292
lv4	152	allegedly	伝えられるところによると	伝えられるところによると	0.292
lv4	153	ballot	投票／投票用紙	投票／投票用紙／投票総数	0.292
lv4	154	blessing	ありがたいもの／恵み	ありがたいもの／恵み	0.292
lv4	155	fiber	繊維／本質	繊維／本質／精神力	0.292
lv4	156	intensive	集中的な／徹底的な	集中的な／徹底的な	0.292
lv4	157	presumably	おそらく／たぶん	おそらく／たぶん	0.292
lv4	158	subscription	予約購読／寄付	予約購読／寄付	0.292
lv4	159	apology	謝罪	謝罪	0.291
lv4	160	buzz	ざわつく／どよめく	ざわつく／どよめく	0.291
lv4	161	exceptional	例外的に優れた／まれな	例外的に優れた／まれな	0.291
lv4	162	stack	～を積む／積み重ねる	～を積む／積み重ねる／渋滞する	0.291
lv4	163	stance	立場／対処の姿勢	立場／対処の姿勢	0.291
lv4	164	tablet	タブレット／錠剤	タブレット／錠剤／平板	0.291
lv4	165	aging	高齢化が進む／老朽化している	高齢化が進む／老朽化している	0.290
lv4	166	meantime	その間	その間	0.290
lv4	167	placement	斡旋／配置	斡旋／配置	0.290
lv4	168	sponsor	～に資金を提供する／～を後援する	～に資金を提供する／～を後援する	0.290
lv4	169	workplace	職場	職場	0.290
lv4	170	ladder	はしご	はしご	0.288
lv4	171	navigation	航海	航海	0.288
lv4	172	peninsula	半島	半島	0.288
lv4	173	profitable	利益になる／有益な	利益になる／有益な	0.288
lv4	174	ranch	牧場	牧場	0.288
lv4	175	threshold	始まり	始まり	0.288
lv4	176	trunk	幹／鼻	幹／鼻	0.288
lv4	177	algorithm	アルゴリズム／問題解決の手順	アルゴリズム／問題解決の手順	0.287
lv4	178	axis	軸	軸	0.287
lv4	179	equation	方程式	方程式	0.287
lv4	180	fusion	融合／連立	融合／連立	0.287
lv4	181	gauge	～を判断する／評価する	～を判断する／評価する	0.287
lv4	182	gut	腸／消化管	腸／消化管／内臓	0.287
lv4	183	isolation	孤立／分離	孤立／分離／孤独感	0.287
lv4	184	machinery	機械類	機械類	0.287
lv4	185	shelf	棚	棚	0.287
lv4	186	utterly	まったく	まったく	0.287
lv4	187	workout	運動／練習	運動／練習	0.287
lv4	188	creativity	創造性／独創性	創造性／独創性	0.286
lv4	189	harassment	嫌がらせ／ハラスメント	嫌がらせ／ハラスメント	0.286
lv4	190	notably	～とりわけ	～とりわけ	0.286
lv4	191	vitamin	ビタミン	ビタミン	0.286
lv4	192	wrist	手首	手首	0.286
lv4	193	clerk	〈米〉店員／事務員	〈米〉店員／事務員／社員	0.285
lv4	194	drone	ドローン／無人機	ドローン／無人機	0.285
lv4	195	escort	～を護衛する／～に付き添う	～を護衛する／～に付き添う	0.285
lv4	196	prescription	処方箋／処方	処方箋／処方	0.285
lv4	197	Mediterranean	地中海の	地中海の	0.283
lv4	198	affiliate	～を提携させる／～を合併する	～を提携させる／～を合併する	0.283
lv4	199	asylum	亡命	亡命	0.283
lv4	200	barn	家畜小屋／納屋	家畜小屋／納屋	0.283
lv4	201	clause	条項／節	条項／節	0.283
lv4	202	dock	埠頭／波止場	埠頭／波止場／ドック	0.283
lv4	203	facilitate	～を促進する／～を容易にする	～を促進する／～を容易にする	0.283
lv4	204	inappropriate	ふさわしくない／不適当な	ふさわしくない／不適当な	0.283
lv4	205	sneak	こっそり動く	こっそり動く	0.283
lv4	206	spark	～を引き起こす／～を刺激する	～を引き起こす／～を刺激する／スパークする	0.283
lv4	207	successor	後継者／相続人	後継者／相続人	0.283
lv4	208	uncertain	はっきり分からない／確信がない	はっきり分からない／確信がない	0.283
lv4	209	whatsoever	全く／少しでも	全く／少しでも	0.283
lv4	210	irrelevant	無関係の／見当違いの	無関係の／見当違いの	0.282
lv4	211	jaw	あご	あご	0.282
lv4	212	lawn	芝生	芝生	0.282
lv4	213	needle	針／縫い針	針／縫い針／編み針	0.282
lv4	214	sequel	続編／結果	続編／結果	0.282
lv4	215	bachelor	独身の男性／学士	独身の男性／学士	0.281
lv4	216	bullying	いじめ	いじめ	0.281
lv4	217	continuously	連続して／継続して	連続して／継続して	0.281
lv4	218	memorable	忘れられない／記憶すべき	忘れられない／記憶すべき	0.281
lv4	219	robbery	強盗	強盗	0.281
lv4	220	canyon	峡谷	峡谷	0.279
lv4	221	cheek	頬	頬	0.279
lv4	222	coincidence	偶然の一致	偶然の一致	0.279
lv4	223	countless	無数の	無数の	0.279
lv4	224	detention	拘置／留置	拘置／留置	0.279
lv4	225	flu	インフルエンザ	インフルエンザ	0.279
lv4	226	oath	誓い／誓約	誓い／誓約	0.279
lv4	227	polar	極地の／電極の	極地の／電極の	0.279
lv4	228	superb	すばらしい／見事な	すばらしい／見事な	0.279
lv4	229	viable	実行可能な	実行可能な	0.279
lv4	230	ambitious	野心的な／大志を抱いた	野心的な／大志を抱いた	0.278
lv4	231	blend	～を混ぜる／～を調和させる	～を混ぜる／～を調和させる／溶け込む	0.278
lv4	232	critic	批判する人／批評家	批判する人／批評家	0.278
lv4	233	herald	～の先触れをする	～の先触れをする	0.278
lv4	234	mainland	本土	本土	0.278
lv4	235	purse	財布	財布	0.278
lv4	236	reservation	予約／慎重な姿勢	予約／慎重な姿勢	0.278
lv4	237	salvation	救済	救済	0.278
lv4	238	synthetic	合成の	合成の	0.278
lv4	239	automobile	自動車	自動車	0.277
lv4	240	consequently	その結果／従って	その結果／従って	0.277
lv4	241	refund	返金／払い戻し	返金／払い戻し	0.277
lv4	242	robust	～がっしりした／活発な	～がっしりした／活発な	0.277
lv4	243	thrilled	～とてもうれしい	～とてもうれしい	0.277
lv4	244	bundle	束／包み	束／包み	0.276
lv4	245	costly	費用のかかる／高価な	費用のかかる／高価な／犠牲の大きな	0.276
lv4	246	inability	無能／無力	無能／無力	0.276
lv4	247	jar	びん／つぼ	びん／つぼ	0.276
lv4	248	mentor	～を指導する／指導者	～を指導する／指導者	0.276
lv4	249	merchandise	商品	商品	0.276
lv4	250	monk	修道士／僧	修道士／僧	0.276
lv4	251	gratitude	感謝	感謝	0.274
lv4	252	velocity	速度	速度	0.274
lv4	253	alcoholic	アルコールの	アルコールの	0.273
lv4	254	charitable	慈善の／慈悲深い	慈善の／慈悲深い	0.273
lv4	255	coordinator	コーディネーター／取りまとめ役	コーディネーター／取りまとめ役／責任者	0.273
lv4	256	fountain	噴水／源泉	噴水／源泉／湧き水	0.273
lv4	257	fury	怒り	怒り	0.273
lv4	258	genocide	大量虐殺	大量虐殺	0.273
lv4	259	hay	干し草	干し草	0.273
lv4	260	likelihood	可能性／見込み	可能性／見込み	0.273
lv4	261	observer	監視員／観察者	監視員／観察者	0.273
lv4	262	burial	埋葬	埋葬	0.272
lv4	263	fog	霧	霧	0.272
lv4	264	obsession	取りつかれること／妄想	取りつかれること／妄想／強迫観念	0.272
lv4	265	opt	選ぶ	選ぶ	0.272
lv4	266	persistent	執拗な／固執する	執拗な／固執する／持続する	0.272
lv4	267	slope	坂／斜面	坂／斜面	0.272
lv4	268	dislike	～を嫌う	～を嫌う	0.270
lv4	269	fist	握りこぶし	握りこぶし	0.270
lv4	270	midst	まっただ中	まっただ中	0.270
lv4	271	nursery	託児所／苗床	託児所／苗床	0.270
lv4	272	sharply	急速に	急速に	0.270
lv4	273	attachment	添付ファイル／添付書類	添付ファイル／添付書類	0.269
lv4	274	clutch	～をぐっとつかむ	～をぐっとつかむ	0.269
lv4	275	corridor	廊下	廊下	0.269
lv4	276	gossip	うわさ話をする	うわさ話をする	0.269
lv4	277	proximity	近いこと	近いこと	0.269
lv4	278	socialism	社会主義	社会主義	0.269
lv4	279	whistle	笛	笛	0.269
lv4	280	Renaissance	ルネサンス	ルネサンス	0.268
lv4	281	economist	経済学者	経済学者	0.268
lv4	282	haunted	つきまとわれる	つきまとわれる	0.268
lv4	283	informal	形式ばらない／略式の	形式ばらない／略式の／くだけた	0.268
lv4	284	owl	フクロウ	フクロウ	0.268
lv4	285	problematic	問題のある／疑わしい	問題のある／疑わしい	0.268
lv4	286	psychiatric	精神医学の	精神医学の	0.268
lv4	287	unaware	気づかないで／知らないで	気づかないで／知らないで	0.268
lv4	288	behavioral	行動の	行動の	0.267
lv4	289	coral	サンゴの	サンゴの	0.267
lv4	290	endangered	絶滅の危機にある	絶滅の危機にある	0.267
lv4	291	fictional	架空の／フィクションの	架空の／フィクションの	0.267
lv4	292	relay	～を伝達する／～を取り次ぐ	～を伝達する／～を取り次ぐ／～を中継で送る	0.267
lv4	293	surf	～を見て回る／サーフィンをする	～を見て回る／サーフィンをする	0.267
lv4	294	wheelchair	車椅子	車椅子	0.267
lv4	295	allowance	こづかい	こづかい	0.265
lv4	296	bait	誘惑物／餌	誘惑物／餌	0.265
lv4	297	censorship	検閲	検閲	0.265
lv4	298	correspondence	通信／一致	通信／一致	0.265
lv4	299	desirable	望ましい	望ましい	0.265
lv4	300	diagram	図	図	0.265
lv4	301	favorable	好意的な／好ましい	好意的な／好ましい	0.265
lv4	302	lengthy	長い／長時間の	長い／長時間の	0.265
lv4	303	advertisement	広告	広告	0.264
lv4	304	creep	這う／こっそり進む	這う／こっそり進む	0.264
lv4	305	elbow	ひじ	ひじ	0.264
lv4	306	enthusiastic	熱意がある／熱心な	熱意がある／熱心な	0.264
lv4	307	heel	かかと	かかと	0.264
lv4	308	paperwork	書類／書類事務	書類／書類事務	0.264
lv4	309	slaughter	～を虐殺する／殺す	～を虐殺する／殺す	0.264
lv4	310	afterward(s)	その後／～の後	その後／～の後	0.263
lv4	311	applause	拍手〈不可算〉	拍手〈不可算〉	0.263
lv4	312	boil	沸かす	沸かす	0.263
lv4	313	merry	陽気な	陽気な	0.263
lv4	314	nationalism	国家主義	国家主義	0.263
lv4	315	overly	あまりに／過度に	あまりに／過度に	0.263
lv4	316	prototype	原型／試作品	原型／試作品／典型	0.263
lv4	317	refreshing	さわやかな	さわやかな	0.263
lv4	318	refusal	拒否／拒絶	拒否／拒絶	0.263
lv4	319	sinking	沈む	沈む	0.263
lv4	320	toddler	幼児	幼児	0.263
lv4	321	vicious	悪意のある／乱暴な	悪意のある／乱暴な	0.263
lv4	322	wholly	完全に／全く	完全に／全く	0.263
lv4	323	assassination	暗殺	暗殺	0.261
lv4	324	athletics	スポーツ／運動競技	スポーツ／運動競技	0.261
lv4	325	certainty	確実性／確信	確実性／確信	0.261
lv4	326	inadequate	不十分な／不適当な	不十分な／不適当な	0.261
lv4	327	intentionally	故意に／意図的に	故意に／意図的に	0.261
lv4	328	methodology	方法論／研究方法	方法論／研究方法	0.261
lv4	329	pardon	～を許す	～を許す	0.261
lv4	330	Protestant	プロテスタントの／新教徒	プロテスタントの／新教徒	0.260
lv4	331	dioxide	二酸化物	二酸化物	0.260
lv4	332	awe	畏敬／畏怖	畏敬／畏怖／畏怖させる	0.259
lv4	333	coffin	棺桶	棺桶	0.259
lv4	334	communism	共産主義	共産主義	0.259
lv4	335	decisive	決定的な／断固たる	決定的な／断固たる	0.259
lv4	336	filthy	汚い／不潔な	汚い／不潔な	0.259
lv4	337	ironic	皮肉な／反語的な	皮肉な／反語的な	0.259
lv4	338	predominantly	主に	主に	0.259
lv4	339	rivalry	ライバル意識／競争	ライバル意識／競争	0.259
lv4	340	sticky	ねばねばの／粘着性の	ねばねばの／粘着性の	0.259
lv4	341	unrelated	無関係の／血縁関係がない	無関係の／血縁関係がない	0.259
lv4	342	detached	切り離された	切り離された	0.258
lv4	343	harmless	害のない	害のない	0.258
lv4	344	kindergarten	幼稚園	幼稚園	0.258
lv4	345	loudly	大声で／騒々しく	大声で／騒々しく	0.258
lv4	346	oppression	抑圧／虐待	抑圧／虐待	0.258
lv4	347	stall	露店／エンスト	露店／エンスト／失速	0.258
lv4	348	vendor	物売り／行商人	物売り／行商人／自動販売機	0.258
lv4	349	aboriginal	アボリジニの／原生の	アボリジニの／原生の／先住の	0.256
lv4	350	cosmic	宇宙の	宇宙の	0.256
lv4	351	definite	明確な	明確な	0.256
lv4	352	ecosystem	生態系	生態系	0.256
lv4	353	invalid	無効な	無効な	0.256
lv4	354	prevalent	蔓延している／広く行き渡っている	蔓延している／広く行き渡っている	0.256
lv4	355	questionable	疑わしい	疑わしい	0.256
lv4	356	specify	～を特定する	～を特定する	0.256
lv4	357	visibility	視界／視野	視界／視野／目に見えること	0.256
lv4	358	conquest	征服／克服	征服／克服	0.255
lv4	359	doomed	運命にある	運命にある	0.255
lv4	360	insufficient	不十分な／不適当な	不十分な／不適当な	0.255
lv4	361	pathway	小道／細道	小道／細道	0.255
lv4	362	vegetation	植生	植生	0.255
lv4	363	worm	虫	虫	0.255
lv4	364	biased	偏った／偏見を持った	偏った／偏見を持った	0.254
lv4	365	corpse	死体	死体	0.254
lv4	366	geology	地質学	地質学	0.254
lv4	367	reckon	～を推定する／～と考える	～を推定する／～と考える	0.254
lv4	368	awaiting	待つ	待つ	0.252
lv4	369	finite	有限の／限られた	有限の／限られた	0.252
lv4	370	forthcoming	来るべき	来るべき	0.252
lv4	371	infamous	悪名高い／評判が悪い	悪名高い／評判が悪い	0.252
lv4	372	noticeable	著しい／目立つ	著しい／目立つ	0.252
lv4	373	perfume	香り／香水	香り／香水	0.252
lv4	374	telescope	望遠鏡	望遠鏡	0.252
lv4	375	baggage	手荷物	手荷物	0.251
lv4	376	clergy	聖職者	聖職者	0.251
lv4	377	initiate	～を新たに始める	～を新たに始める	0.251
lv4	378	ironically	皮肉なことに	皮肉なことに	0.251
lv4	379	rewarding	満足感が得られる／報われる	満足感が得られる／報われる	0.251
lv4	380	singular	単数の／比類なき	単数の／比類なき／奇妙な	0.251
lv4	381	millionaire	百万長者	百万長者	0.250
lv4	382	notify	～に知らせる	～に知らせる	0.250
lv4	383	owing	～のために	～のために	0.250
lv4	384	regain	～を取り戻す	～を取り戻す	0.250
lv4	385	revolt	暴動を起こす／～をむかむかさせる	暴動を起こす／～をむかむかさせる	0.250
lv4	386	rightly	正当に／当然のことながら	正当に／当然のことながら	0.250
lv4	387	shrine	神社	神社	0.250
lv4	388	thigh	大股	大股	0.250
lv4	389	bilateral	二国間の／双方の	二国間の／双方の	0.249
lv4	390	cholesterol	コレステロール	コレステロール	0.249
lv4	391	feasible	実現可能な	実現可能な	0.249
lv4	392	knot	結び目／結び方	結び目／結び方	0.249
lv4	393	verb	動詞	動詞	0.249
lv4	394	voluntarily	自発的に	自発的に	0.249
lv4	395	diplomacy	外交	外交	0.247
lv4	396	energetic	活発な	活発な	0.247
lv4	397	respectable	ちゃんとした	ちゃんとした	0.247
lv4	398	slack	たるんだ／不活発な	たるんだ／不活発な	0.247
lv4	399	apprentice	見習い／初心者	見習い／初心者	0.246
lv4	400	contaminated	汚染された	汚染された	0.246
lv4	401	crust	地殻／パンの耳	地殻／パンの耳／甲殻	0.246
lv4	402	daring	大胆な／勇敢な	大胆な／勇敢な	0.246
lv4	403	delegate	～を委譲する	～を委譲する／～を代表として派遣する	0.246
lv4	404	fracture	骨折／割れ目	骨折／割れ目／裂け目	0.246
lv4	405	genome	ゲノム	ゲノム	0.246
lv4	406	irregular	不規則な	不規則な	0.246
lv4	407	pottery	陶器類／焼き物類	陶器類／焼き物類	0.246
lv4	408	prairie	大草原	大草原	0.246
lv4	409	premature	早過ぎる／早まった	早過ぎる／早まった	0.246
lv4	410	rot	腐る／腐敗する	腐る／腐敗する	0.246
lv4	411	blaze	炎／強いか輝き	炎／強いか輝き	0.245
lv4	412	grim	厳しい	厳しい	0.245
lv4	413	helpless	無力な	無力な	0.245
lv4	414	moist	湿った	湿った	0.245
lv4	415	sophomore	二年生	二年生	0.245
lv4	416	stigma	汚名	汚名	0.245
lv4	417	clone	クローン／～のクローンを作る	クローン／～のクローンを作る	0.243
lv4	418	ignition	点火装置／点火	点火装置／点火	0.243
lv4	419	impaired	～に障害のある／弱った	～に障害のある／弱った／損なわれた	0.243
lv4	420	ransom	身代金／解放	身代金／解放	0.243
lv4	421	rehearsal	リハーサル／下げいこ	リハーサル／下げいこ	0.243
lv4	422	scenery	景色／背景	景色／背景	0.243
lv4	423	smoothly	順調に／滑らかに	順調に／滑らかに	0.243
lv4	424	unpredictable	変わりやすい／予測できない	変わりやすい／予測できない	0.243
lv4	425	coward	臆病者	臆病者	0.242
lv4	426	enlightenment	啓蒙／啓発	啓蒙／啓発	0.242
lv4	427	harness	～を利用する	～を利用する	0.242
lv4	428	irresponsible	無責任な	無責任な	0.242
lv4	429	malicious	悪意的な	悪意的な	0.242
lv4	430	monarchy	君主政治	君主政治	0.242
lv4	431	rash	早まった／軽率な	早まった／軽率な	0.242
lv4	432	scenic	景色の良い	景色の良い	0.242
lv4	433	sip	～を一口飲む	～を一口飲む	0.242
lv4	434	tutor	家庭教師／個人電話	家庭教師／個人電話／～を教える	0.242
lv4	435	unsafe	安全でない／危険な	安全でない／危険な	0.242
lv4	436	bulb	電球／球根	電球／球根	0.241
lv4	437	dictator	独裁者／専制君主	独裁者／専制君主	0.241
lv4	438	evacuated	避難した	避難した	0.241
lv4	439	imperative	必須の／急務の	必須の／急務の	0.241
lv4	440	novelty	目新しさ	目新しさ	0.241
lv4	441	outdated	時代遅れの／旧式の	時代遅れの／旧式の	0.241
lv4	442	repay	～を返済する	～を返済する	0.241
lv4	443	wed	～と結婚する／～を結婚させる	～と結婚する／～を結婚させる	0.241
lv4	444	artery	動脈	動脈	0.240
lv4	445	discomfort	不快／不便	不快／不便	0.240
lv4	446	drastically	劇的に	劇的に	0.240
lv4	447	exemption	免除	免除	0.240
lv4	448	hypocrisy	偽善	偽善	0.240
lv4	449	inaccurate	不正確な／誤りのある	不正確な／誤りのある	0.240
lv4	450	kin	血縁／親族	血縁／親族	0.240
lv4	451	maze	迷路／複雑に込み入ったもの	迷路／複雑に込み入ったもの	0.240
lv4	452	refresh	～をさわやかにする	～をさわやかにする／～を新たにする／～を最新のものにする	0.240
lv4	453	ruthless	情け容赦のない／冷酷な	情け容赦のない／冷酷な	0.240
lv4	454	standpoint	立場／観点	立場／観点	0.240
lv4	455	sway	揺れる／動揺する	揺れる／動揺する	0.240
lv4	456	vocational	職業の／職業訓練の	職業の／職業訓練の	0.240
lv4	457	applicant	応募者／志願者	応募者／志願者	0.238
lv4	458	approximate	おおよその	おおよその	0.238
lv4	459	breakup	解消／別れ	解消／別れ	0.238
lv4	460	camel	ラクダ／黄褐色	ラクダ／黄褐色	0.238
lv4	461	comet	彗星	彗星	0.238
lv4	462	compartment	区画	区画	0.238
lv4	463	cove	入江／小湾	入江／小湾	0.238
lv4	464	incidence	発生	発生	0.238
lv4	465	kitten	子ネコ	子ネコ	0.238
lv4	466	pillar	柱／支柱	柱／支柱	0.238
lv4	467	precipitation	降水／〈化学〉沈殿	降水／〈化学〉沈殿	0.238
lv4	468	Buddhism	仏教	仏教	0.237
lv4	469	align	～を一直線に並べる	～を一直線に並べる	0.237
lv4	470	await	～を待つ	～を待つ	0.237
lv4	471	condo	分譲マンション	分譲マンション	0.237
lv4	472	inactive	不活発な／停止中の	不活発な／停止中の	0.237
lv4	473	maximize	～を最大限にする	～を最大限にする	0.237
lv4	474	aquatic	水生の／水の	水生の／水の	0.236
lv4	475	beforehand	前もって／あらかじめ	前もって／あらかじめ	0.236
lv4	476	faulty	欠陥のある	欠陥のある	0.236
lv4	477	humane	思いやりのある／人道的な	思いやりのある／人道的な	0.236
lv4	478	rectangular	長方形の	長方形の	0.236
lv4	479	wrecked	難破した	難破した	0.236
lv4	480	courthouse	裁判所	裁判所	0.234
lv4	481	exquisite	精緻な／素晴らしい	精緻な／素晴らしい	0.234
lv4	482	informative	有益な／情報を提供する	有益な／情報を提供する	0.234
lv4	483	mosquito	蚊	蚊	0.234
lv4	484	overthrow	～を打倒する	～を打倒する	0.234
lv4	485	tailor	～を合わせて作る	～を合わせて作る	0.234
lv4	486	unrest	混乱／不安	混乱／不安／動揺	0.234
lv4	487	poke	突く	突く	0.233
lv4	488	proportional	釣り合った／比例した	釣り合った／比例した	0.233
lv4	489	sinister	邪悪な／不吉な	邪悪な／不吉な	0.233
lv4	490	commence	始まる／～を開始する	始まる／～を開始する／し始める仕事を始める	0.232
lv4	491	conditional	～しだいの／条件付きの	～しだいの／条件付きの	0.232
lv4	492	economical	経済的な／安上がりな	経済的な／安上がりな	0.232
lv4	493	gracious	親切な／丁寧な	親切な／丁寧な	0.232
lv4	494	librarian	司書／図書館員	司書／図書館員	0.232
lv4	495	multitude	多数	多数	0.232
lv4	496	overhaul	～を総点検する／～を分解修理する	～を総点検する／～を分解修理する	0.232
lv4	497	patriotism	愛国主義	愛国主義	0.232
lv4	498	periodically	定期的に／周期的に	定期的に／周期的に／時折	0.232
lv4	499	redundant	不要な／余分な	不要な／余分な／冗長な	0.232
lv4	500	slender	すらりとした	すらりとした	0.232
lv4	501	competence	能力／資格	能力／資格	0.231
lv4	502	improper	不適切な／無作法な	不適切な／無作法な	0.231
lv4	503	influx	殺到／流入	殺到／流入	0.231
lv4	504	tolerant	寛容な／包容力のある	寛容な／包容力のある	0.231
lv4	505	affirmative	肯定の／積極的な	肯定の／積極的な	0.229
lv4	506	autopsy	検死	検死	0.229
lv4	507	blockade	封鎖／経済封鎖	封鎖／経済封鎖	0.229
lv4	508	metropolis	大都市	大都市	0.229
lv4	509	mummy	ミイラ／ママ	ミイラ／ママ／お母さん	0.229
lv4	510	organizer	主催者／まとめ役	主催者／まとめ役／幹事	0.229
lv4	511	outraged	憤慨している	憤慨している	0.229
lv4	512	procession	行列／行進	行列／行進	0.229
lv4	513	unauthorized	権限のない／認可されていない	権限のない／認可されていない	0.229
lv4	514	victorious	勝利を得た／勝ち誇った	勝利を得た／勝ち誇った	0.229
lv4	515	Antarctic	南極	南極	0.228
lv4	516	complementary	相補的な	相補的な	0.228
lv4	517	convict	～に有罪を宣告する	～に有罪を宣告する／～に有罪判決を下す／有罪判決を受けた者	0.320
lv4	518	irrational	不合理な	不合理な	0.228
lv4	519	psychiatry	精神科／精神医学	精神科／精神医学	0.228
lv4	520	repetitive	繰り返しの	繰り返しの	0.228
lv4	521	rhyme	押韻詩／韻	押韻詩／韻／詩歌	0.228
lv4	522	vapor	蒸気／気体	蒸気／気体	0.320
lv4	523	witty	機知に富んだ	機知に富んだ	0.228
lv4	524	bureaucracy	官僚／官僚主義	官僚／官僚主義／官僚制度	0.318
lv4	525	cumulative	累積する／しだいに増加する	累積する／しだいに増加する	0.227
lv4	526	detrimental	有害な	有害な	0.227
lv4	527	educator	教育者／教師	教育者／教師	0.227
lv4	528	intricate	複雑な／込み入った	複雑な／込み入った	0.318
lv4	529	meteor	流星／隕石	流星／隕石	0.227
lv4	530	outsider	部外者／門外漢	部外者／門外漢	0.227
lv4	531	plural	複数の／2つ以上の	複数の／2つ以上の／複数形の	0.227
lv4	532	rag	ぼろ／ぼろ切れ	ぼろ／ぼろ切れ	0.318
lv4	533	replicate	～を繰り返す／～を複製する	～を繰り返す／～を複製する	0.227
lv4	534	slang	俗語	俗語	0.318
lv4	535	uneven	でこぼこな／平でない	でこぼこな／平でない	0.227
lv4	536	administer	～を管理する／運営する	～を管理する／運営する／～を経営する	0.317
lv4	537	articulate	～を言う／～をはっきり述べる	～を言う／～をはっきり述べる／発音する	0.317
lv4	538	clap	～を叩く／～をたたく	～を叩く／～をたたく	0.317
lv4	539	downfall	破滅／転落	破滅／転落／大降り	0.225
lv4	540	inmate	収容者／入院患者	収容者／入院患者	0.225
lv4	541	invaluable	極めて貴重なな	極めて貴重なな	0.225
lv4	542	lest	～しないように	～しないように	0.225
lv4	543	mitigate	～を緩和する	～を緩和する	0.225
lv4	544	physiological	生理的な	生理的な	0.317
lv4	545	uniquely	比類なく／独特に	比類なく／独特に	0.225
lv4	546	waterfall	滝	滝	0.225
lv4	547	celestial	天体の	天体の	0.224
lv4	548	conversely	逆に	逆に	0.224
lv4	549	evacuate	～を避難させる／から立ち退く	～を避難させる／から立ち退く	0.316
lv4	550	fragrance	芳香	芳香	0.224
lv4	551	knowledgeable	よく知っている／物知りの	よく知っている／物知りの	0.224
lv4	552	marvelous	驚くべき／素晴らしい	驚くべき／素晴らしい	0.316
lv4	553	numb	麻痺した／麻痺している	麻痺した／麻痺している／無感覚な	0.316
lv4	554	quota	ノルマ／割当量	ノルマ／割当量／割り当て	0.316
lv4	555	reap	手に入れる／～を収穫する	手に入れる／～を収穫する／～を手に入れる	0.316
lv4	556	rebound	跳ね返る	跳ね返る	0.224
lv4	557	redeem	～を補う／～を埋め合わせる	～を補う／～を埋め合わせる	0.224
lv4	558	vomit	吐く／もどす	吐く／もどす／～を吐く	0.316
lv4	559	vulgar	下品な／品がない	下品な／品がない／卑わいな	0.316
lv4	560	alleviate	～を軽減する／～を軽くする	～を軽減する／～を軽くする／軽減する	0.314
lv4	561	anarchy	無秩序／無政府状態	無秩序／無政府状態	0.223
lv4	562	bilingual	二言語使用の／バイリンガルの	二言語使用の／バイリンガルの／2言語を話す	0.314
lv4	563	chuckle	くすくす笑う／くすくす笑うこと	くすくす笑う／くすくす笑うこと	0.223
lv4	564	dependency	依存／従属	依存／従属	0.223
lv4	565	doubtful	疑わしい／疑わしく思う	疑わしい／疑わしく思う	0.223
lv4	566	eruption	噴火／勃発	噴火／勃発	0.314
lv4	567	subscriber	加入者	加入者	0.223
lv4	568	turmoil	混乱	混乱	0.223
lv4	569	uphold	～を支持する／～を確認する	～を支持する／～を確認する／～を維持する	0.223
lv4	570	acquainted	知り合いである	知り合いである	0.222
lv4	571	auditorium	講堂／公会堂	講堂／公会堂	0.222
lv4	572	benign	良性の／害のない	良性の／害のない／有益な	0.222
lv4	573	collaborate	共同して働く／協力する	共同して働く／協力する	0.313
lv4	574	cosmos	宇宙	宇宙	0.313
lv4	575	discriminate	差別する／区別する	差別する／区別する	0.222
lv4	576	excerpt	抜粋／引用	抜粋／引用	0.222
lv4	577	foe	敵	敵	0.222
lv4	578	nutrient	栄養分／栄養になるもの	栄養分／栄養になるもの	0.222
lv4	579	parasite	寄生虫／寄生生物	寄生虫／寄生生物	0.313
lv4	580	relentless	執拗な／情け容赦のない	執拗な／情け容赦のない	0.222
lv4	581	spectator	観客／観客〈可算〉	観客／観客〈可算〉	0.313
lv4	582	symmetry	対称／左右対称	対称／左右対称／調和	0.313
lv4	583	tighten	～を固く締める／～を強化する	～を固く締める／～を強化する	0.222
lv4	584	hive	ミツバチの巣／人の集まる所	ミツバチの巣／人の集まる所	0.220
lv4	585	overdue	支払期限を過ぎた／遅れた	支払期限を過ぎた／遅れた	0.220
lv4	586	pivotal	極めて重要な	極めて重要な	0.220
lv4	587	tedious	退屈な	退屈な	0.312
lv4	588	autograph	サイン	サイン	0.219
lv4	589	botanical	植物の／植物学の	植物の／植物学の	0.219
lv4	590	disadvantaged	恵まれない	恵まれない	0.219
lv4	591	enlightened	進んだ考えの	進んだ考えの	0.219
lv4	592	expectancy	期待／見込み	期待／見込み	0.219
lv4	593	fingerprint	指紋	指紋	0.219
lv4	594	flap	パタパタ動く／羽ばたく	パタパタ動く／羽ばたく／～をパタパタ動かす	0.219
lv4	595	intellect	知性／知識人	知性／知識人	0.311
lv4	596	lapse	経過／誤り	経過／誤り	0.219
lv4	597	mimic	～をまねる	～をまねる	0.219
lv4	598	tariff	関税	関税	0.219
lv4	599	unconditional	無条件の／絶対的な	無条件の／絶対的な	0.219
lv4	600	weaken	～を弱める	～を弱める	0.219
lv4	601	admirable	賞賛に値する／素晴らしい	賞賛に値する／素晴らしい	0.218
lv4	602	commencement	開始／〈米〉卒業式	開始／〈米〉卒業式／学位授与式	0.218
lv4	603	converse	正反対／会話をする	正反対／会話をする／正反対の	0.309
lv4	604	deter	抑止する	抑止する	0.218
lv4	605	kidnap	～を誘拐する	～を誘拐する	0.309
lv4	606	notwithstanding	それにもかかわらず	それにもかかわらず	0.218
lv4	607	paralysis	麻痺	麻痺	0.218
lv4	608	placebo	偽薬／プラシーボ	偽薬／プラシーボ／気休め	0.309
lv4	609	aspire	熱望する	熱望する	0.308
lv4	610	crave	切望する	切望する	0.216
lv4	611	inconvenient	不便な／不都合な	不便な／不都合な	0.216
lv4	612	irresistible	抵抗できない／非常に魅力的な	抵抗できない／非常に魅力的な	0.216
lv4	613	pollen	花粉	花粉	0.308
lv4	614	voucher	クーポン券／商品券	クーポン券／商品券	0.216
lv4	615	appalling	ぞっとするような	ぞっとするような	0.215
lv4	616	applaud	拍手する／～に拍手する	拍手する／～に拍手する／～を賞賛する	0.307
lv4	617	digestive	消化の	消化の	0.215
lv4	618	disconnect	～のインターネットへの接続を切る	～のインターネットへの接続を切る／～の接続を断つ	0.215
lv4	619	game-changer	革命的なこと	革命的なこと	0.215
lv4	620	globalization	国際化	国際化	0.215
lv4	621	imbalance	不均衡／アンバランス	不均衡／アンバランス	0.215
lv4	622	plight	窮状／状態	窮状／状態／苦境	0.307
lv4	623	rejoice	喜ぶ	喜ぶ	0.307
lv4	624	simplify	～を簡単にする	～を簡単にする	0.215
lv4	625	stalk	忍び寄る	忍び寄る	0.215
lv4	626	statesman	政治家	政治家	0.215
lv4	627	audible	聞こえる	聞こえる	0.214
lv4	628	gadget	機械器具	機械器具	0.214
lv4	629	heed	～に注意する	～に注意する	0.214
lv4	630	imaginative	想像力豊かな	想像力豊かな	0.214
lv4	631	implicit	暗黙の／内在する	暗黙の／内在する	0.214
lv4	632	mistakenly	間違って	間違って	0.214
lv4	633	prosper	栄える／繁栄する	栄える／繁栄する／成功する	0.305
lv4	634	tentative	仮の／試験的な	仮の／試験的な	0.214
lv4	635	cafeteria	社員食堂／学食	社員食堂／学食	0.213
lv4	636	inject	～に注射する／～を注入する	～に注射する／～を注入する／～を導入する	0.304
lv4	637	orient	～を慣らす／向いている	～を慣らす／向いている	0.213
lv4	638	paralyzed	麻痺している	麻痺している	0.213
lv4	639	relocate	～を移転させる	～を移転させる	0.213
lv4	640	simulate	～を模擬実験する／～を装う	～を模擬実験する／～を装う／～をまねる	0.213
lv4	641	sniff	くんくん嗅ぐ／～のにおいを嗅ぐ	くんくん嗅ぐ／～のにおいを嗅ぐ	0.213
lv4	642	soaring	急上昇する	急上昇する	0.213
lv4	643	sturdy	頑丈な／たくましい	頑丈な／たくましい／不屈の	0.213
lv4	644	swarm	大群	大群	0.213
lv4	645	antiquity	古代／古物	古代／古物	0.211
lv4	646	discreet	慎重な	慎重な	0.211
lv4	647	offending	怒らせる	怒らせる	0.211
lv4	648	posterior	後の	後の	0.211
lv4	649	proficiency	検定	検定	0.211
lv4	650	stale	堅くなった／鮮度の落ちた	堅くなった／鮮度の落ちた／陳腐な	0.211
lv4	651	stride	ひとまたぎ／進歩	ひとまたぎ／進歩／大股で歩く	0.211
lv4	652	upbringing	養育／しつけ	養育／しつけ	0.211
lv4	653	brute	獣／動物	獣／動物	0.210
lv4	654	cowardly	卑怯な／臆病な	卑怯な／臆病な	0.210
lv4	655	devoid	欠いている／欠けている	欠いている／欠けている	0.302
lv4	656	disparity	相違／不均衡	相違／不均衡	0.210
lv4	657	livelihood	生計／生活手段	生計／生活手段	0.210
lv4	658	prehistoric	有史以前の／旧式な	有史以前の／旧式な	0.210
lv4	659	solitude	孤独／ひとりでいること	孤独／ひとりでいること	0.302
lv4	660	standby	頼りになるもの／交替要因	頼りになるもの／交替要因	0.210
lv4	661	ubiquitous	至る所にある／偏在している	至る所にある／偏在している	0.302
lv4	662	coarse	粗い／粗野な	粗い／粗野な	0.209
lv4	663	compute	計算する／コンピューターを使う	計算する／コンピューターを使う	0.209
lv4	664	diagnose	診断する／～を診断する	診断する／～を診断する	0.300
lv4	665	dormant	休止状態の／眠っている	休止状態の／眠っている	0.209
lv4	666	endowed	恵まれる	恵まれる	0.209
lv4	667	hesitant	ためらいがちな	ためらいがちな	0.209
lv4	668	immersed	浸る	浸る	0.209
lv4	669	indefinite	限定されない／不定の	限定されない／不定の／はっきりしない	0.209
lv4	670	persuasive	説得力のある	説得力のある	0.209
lv4	671	prudent	慎重な	慎重な	0.209
lv4	672	solemn	厳粛な／荘厳な	厳粛な／荘厳な／真面目な	0.209
lv4	673	spacious	広々とした	広々とした	0.209
lv4	674	tumble	転倒／暴落	転倒／暴落	0.209
lv4	675	unleash	～を爆発させる／～の束縛を解く	～を爆発させる／～の束縛を解く	0.209
lv4	676	culprit	犯人／元凶	犯人／元凶	0.207
lv4	677	leftover	残りもの	残りもの	0.207
lv4	678	ominous	不吉な	不吉な	0.207
lv4	679	precaution	用心／予防策	用心／予防策	0.299
lv4	680	scrape	～をこすり取る／～の表面をこする	～をこすり取る／～の表面をこする	0.207
lv4	681	counterfeit	偽造の／偽の	偽造の／偽の	0.206
lv4	682	evade	～を逃れる／～を避ける	～を逃れる／～を避ける／回避する	0.298
lv4	683	futile	無駄な	無駄な	0.206
lv4	684	maxim	格言／原理	格言／原理	0.206
lv4	685	melancholy	憂うつ／ふさぎ込み	憂うつ／ふさぎ込み	0.298
lv4	686	pervasive	隅々に広がった／広く行き渡った	隅々に広がった／広く行き渡った／浸透する	0.298
lv4	687	scramble	急いで動く	急いで動く	0.206
lv4	688	abrupt	突然の	突然の	0.205
lv4	689	astrology	占星術	占星術	0.205
lv4	690	biographical	伝記の	伝記の	0.205
lv4	691	botany	植物学	植物学	0.205
lv4	692	chatter	くだらないおしゃべり	くだらないおしゃべり	0.205
lv4	693	pilgrim	巡礼者	巡礼者	0.296
lv4	694	sow	～をまく	～をまく	0.205
lv4	695	brochure	パンフレット／小冊子	パンフレット／小冊子	0.295
lv4	696	conserve	～を保存する／守る	～を保存する／守る	0.204
lv4	697	discontent	不満	不満	0.204
lv4	698	enlist	入隊する／参加する	入隊する／参加する／～を得る	0.204
lv4	699	eyebrow	眉毛	眉毛	0.204
lv4	700	haste	急ぐこと／急ぐこと〈不可算〉	急ぐこと／急ぐこと〈不可算〉	0.295
lv4	701	inclination	意向／願望	意向／願望／好み	0.204
lv4	702	interpersonal	人間関係の	人間関係の	0.204
lv4	703	lessen	～を減らす	～を減らす	0.295
lv4	704	originate	由来する／生じる	由来する／生じる／始まる	0.204
lv4	705	setback	妨げ／支障	妨げ／支障	0.204
lv4	706	undone	元に戻る	元に戻る	0.204
lv4	707	vending	販売	販売	0.204
lv4	708	weep	泣く／しくしく泣く	泣く／しくしく泣く	0.295
lv4	709	feudal	封建制の	封建制の	0.294
lv4	710	modernization	近代化／現代化	近代化／現代化／最新式化	0.202
lv4	711	pertinent	関連のある／適切な	関連のある／適切な	0.202
lv4	712	plentiful	豊富な／十分な	豊富な／十分な	0.202
lv4	713	supplementary	補足の／追加の	補足の／追加の	0.202
lv4	714	temperament	気質	気質	0.202
lv4	715	torment	苦痛／～を苦しめる	苦痛／～を苦しめる	0.202
lv4	716	unfairly	不当に／不公平に	不当に／不公平に	0.202
lv4	717	awaken	～を目覚めさせる／覚める	～を目覚めさせる／覚める	0.201
lv4	718	biologist	生物学者	生物学者	0.201
lv4	719	complimentary	無料の／賞賛する	無料の／賞賛する	0.201
lv4	720	conjecture	～を推測する	～を推測する	0.201
lv4	721	landfill	ごみ埋め立て地	ごみ埋め立て地／埋め立て〈不可算〉／埋め立て地〈可算〉	0.293
lv4	722	ponder	～を熟考する／～をじっくり考える	～を熟考する／～をじっくり考える	0.293
lv4	723	rattle	ガタガタ鳴る／～がたがた鳴らす	ガタガタ鳴る／～がたがた鳴らす／～を鳴らす	0.293
lv4	724	adjective	形容詞	形容詞	0.200
lv4	725	burglar	強盗／泥棒	強盗／泥棒	0.291
lv4	726	cognition	認識	認識	0.200
lv4	727	deceptive	人を惑わすような	人を惑わすような	0.200
lv4	728	deem	(Ｏ Ｃ)ＯをＣだと思う	(Ｏ Ｃ)ＯをＣだと思う	0.200
lv4	729	sincerity	誠実	誠実	0.200
lv4	730	adept	熟練した	熟練した	0.198
lv4	731	deterrent	抑止するもの	抑止するもの	0.198
lv4	732	excursion	小旅行／遠足	小旅行／遠足	0.198
lv4	733	exponential	指数関数的な／急激な	指数関数的な／急激な	0.198
lv4	734	frantic	大急ぎの／気が狂いそうな	大急ぎの／気が狂いそうな	0.198
lv4	735	glide	滑らかに動く／音もなく移動する	滑らかに動く／音もなく移動する	0.198
lv4	736	hectic	やたらと忙しい	やたらと忙しい	0.198
lv4	737	holistic	全体論の／全体的な	全体論の／全体的な／ホリスティックの	0.290
lv4	738	inhabit	～に住んでいる／～に生息している	～に住んでいる／～に生息している／ある	0.290
lv4	739	mend	～を修繕する	～を修繕する	0.198
lv4	740	scarcely	ほとんど～ない	ほとんど～ない	0.198
lv4	741	temperate	適度の／節度のある	適度の／節度のある／穏やかな	0.198
lv4	742	ultraviolet	紫外	紫外	0.198
lv4	743	vowel	母音	母音	0.198
lv4	744	mellow	円熟した／柔らかくて豊かな	円熟した／柔らかくて豊かな	0.197
lv4	745	ornament	飾り／装飾	飾り／装飾／置物	0.289
lv4	746	perish	消滅する／死ぬ	消滅する／死ぬ	0.197
lv4	747	supervise	～を監視する／指揮する	～を監視する／指揮する	0.197
lv4	748	dehydration	脱水	脱水	0.287
lv4	749	instruct	Aに～するように指示する	Aに～するように指示する	0.196
lv4	750	aspiration	熱望	熱望	0.286
lv4	751	attentive	注意深い	注意深い	0.195
lv4	752	broaden	～を広げる／広がる	～を広げる／広がる	0.195
lv4	753	bulky	かさばった／扱いにくいほど大きい	かさばった／扱いにくいほど大きい	0.195
lv4	754	considerate	思いやりのある	思いやりのある	0.195
lv4	755	descendant	子孫	子孫	0.195
lv4	756	disperse	～を散らす	～を散らす	0.195
lv4	757	unequal	不平等な	不平等な	0.195
lv4	758	collide	衝突する	衝突する	0.193
lv4	759	coworker	同僚／仕事仲間	同僚／仕事仲間	0.193
lv4	760	eradicate	～を根絶する	～を根絶する	0.193
lv4	761	flourishing	栄えている	栄えている	0.193
lv4	762	hasty	急ぎの／早まった	急ぎの／早まった	0.193
lv4	763	retrospect	追想／回想	追想／回想	0.193
lv4	764	constraint	制約	制約	0.284
lv4	765	degrade	悪化させる／～の面目を失わせる	悪化させる／～の面目を失わせる／～の質を低下させる	0.284
lv4	766	diffuse	～をまき散らす／分散する	～をまき散らす／分散する／拡散する	0.192
lv4	767	harass	～を絶えず悩ます／～を苦しめる	～を絶えず悩ます／～を苦しめる	0.192
lv4	768	impractical	実用的ではない／非現実的な	実用的ではない／非現実的な	0.192
lv4	769	recollection	記憶	記憶	0.192
lv4	770	shabby	みすぼらしい／おんぼろの	みすぼらしい／おんぼろの	0.192
lv4	771	blurry	ぼやけた／不鮮明な	ぼやけた／不鮮明な	0.191
lv4	772	dogma	教義／定説	教義／定説／独断	0.191
lv4	773	encompass	～を含む	～を含む	0.191
lv4	774	invoice	明細請求書／納品書	明細請求書／納品書	0.191
lv4	775	literate	読み書きができる／教養のある	読み書きができる／教養のある	0.191
lv4	776	monologue	独白	独白	0.191
lv4	777	outweigh	～に勝る／より価値がある	～に勝る／より価値がある／より重い	0.282
lv4	778	serene	穏やかな／平静な	穏やかな／平静な	0.191
lv4	779	simmer	こことこ煮える	こことこ煮える	0.191
lv4	780	sob	すすり泣く	すすり泣く	0.191
lv4	781	youngster	子供	子供	0.191
lv4	782	complicate	～を複雑にする	～を複雑にする	0.281
lv4	783	dismay	～を狼狽させる／～を動揺させる	～を狼狽させる／～を動揺させる／狼狽	0.281
lv4	784	hamper	～を妨げる／邪魔をする	～を妨げる／邪魔をする	0.281
lv4	785	hover	空中に止まる／空中にとどまる	空中に止まる／空中にとどまる／うろつく	0.281
lv4	786	longitude	経度	経度	0.189
lv4	787	meditate	瞑想する／深く考える	瞑想する／深く考える	0.189
lv4	788	preoccupied	夢中になった／頭がいっぱいだ	夢中になった／頭がいっぱいだ／頭がいっぱいで	0.281
lv4	789	fictitious	架空の／偽りの	架空の／偽りの	0.188
lv4	790	guideline	指針／ガイドライン	指針／ガイドライン／指導基準	0.188
lv4	791	inhale	～を吸い込む	～を吸い込む	0.188
lv4	792	reptile	爬虫類	爬虫類	0.188
lv4	793	liberate	～を解放する	～を解放する	0.187
lv4	794	loophole	抜け穴	抜け穴	0.187
lv4	795	malnutrition	栄養失調	栄養失調	0.187
lv4	796	recurrent	繰り返される／再発する	繰り返される／再発する	0.187
lv4	797	shun	～を避ける	～を避ける	0.187
lv4	798	converge	集まる／集中する	集まる／集中する	0.186
lv4	799	formulate	～をまとめる／～を明確に述べる	～をまとめる／～を明確に述べる	0.186
lv4	800	itinerary	旅程／旅行の日程	旅程／旅行の日程／旅行計画	0.277
lv4	801	puncture	～をパンクさせる／～に穴をあける	～をパンクさせる／～に穴をあける	0.186
lv4	802	bathe	～を入浴させる	～を入浴させる	0.184
lv4	803	calamity	災害	災害	0.184
lv4	804	enlighten	～を啓蒙する／～を啓蒙・啓発する	～を啓蒙する／～を啓蒙・啓発する／～に知らせる	0.276
lv4	805	homogeneous	均質の／同種の	均質の／同種の	0.184
lv4	806	memorize	～を暗記する	～を暗記する	0.184
lv4	807	mislead	～を誤解させる	～を誤解させる／～に誤った考えを持たせる／欺く	0.276
lv4	808	reconstruct	～を再建する／～を改変する	～を再建する／～を改変する	0.184
lv4	809	shatter	粉々にする	粉々にする	0.184
lv4	810	thermometer	温度計	温度計	0.184
lv4	811	detain	拘留する／～を勾留する	拘留する／～を勾留する／～を引き留める	0.275
lv4	812	drawback	欠点／不利な点	欠点／不利な点	0.183
lv4	813	fallacy	誤びゅう／誤った考え	誤びゅう／誤った考え／誤信	0.275
lv4	814	feeble	弱々しい／病弱な	弱々しい／病弱な	0.275
lv4	815	mingle	付き合う／仲間に入る	付き合う／仲間に入る／混ざる	0.183
lv4	816	pave	～を舗装する	～を舗装する	0.183
lv4	817	plow	鍬／すき	鍬／すき／～を耕す	0.275
lv4	818	affirm	断言する	断言する	0.182
lv4	819	anecdote	逸話／秘話	逸話／秘話	0.182
lv4	820	climatic	気候の／風土の	気候の／風土の	0.182
lv4	821	detour	回り道／迂回	回り道／迂回	0.273
lv4	822	janitor	用務員／管理人	用務員／管理人	0.182
lv4	823	repel	～を追い払う／退ける	～を追い払う／退ける	0.182
lv4	824	skyscraper	高層ビル／超高層ビル	高層ビル／超高層ビル	0.273
lv4	825	vocation	天職	天職	0.182
lv4	826	confer	～を授与する／相談する	～を授与する／相談する	0.180
lv4	827	devise	考案する／～を考案する	考案する／～を考案する	0.272
lv4	828	downturn	下降	下降	0.180
lv4	829	epoch	新時代／時代の幕開け	新時代／時代の幕開け	0.180
lv4	830	glossary	用語小辞典／用語集	用語小辞典／用語集	0.180
lv4	831	veterinarian	獣医	獣医	0.180
lv4	832	allege	～を主張する	～を主張する	0.271
lv4	833	bruise	あざ／打撲傷	あざ／打撲傷／～に打撲を負わせる	0.179
lv4	834	demolish	～を取り壊す	～を取り壊す	0.179
lv4	835	foresee	予知する／～を予知する	予知する／～を予知する	0.271
lv4	836	nutritious	栄養になる	栄養になる	0.179
lv4	837	perilous	～とても危険な	～とても危険な	0.179
lv4	838	streamline	～を合理化する	～を合理化する	0.179
lv4	839	thaw	解凍される／溶ける	解凍される／溶ける	0.179
lv4	840	circulate	循環する／～を循環させる	循環する／～を循環させる／流通させる	0.269
lv4	841	deflect	～をそらす／～の方向を変えさせる	～をそらす／～の方向を変えさせる	0.178
lv4	842	divergence	逸脱／相違	逸脱／相違／《数学》発散	0.178
lv4	843	prefecture	県／府	県／府	0.269
lv4	844	pronoun	代名詞	代名詞	0.178
lv4	845	ration	割当	割当	0.178
lv4	846	propel	～を進ませる／～を駆り立てる	～を進ませる／～を駆り立てる	0.177
lv4	847	socialize	交際する	交際する	0.177
lv4	848	uproar	大騒ぎ／騒動	大騒ぎ／騒動	0.177
lv4	849	contemplation	熟考／沈思	熟考／沈思	0.175
lv4	850	incline	～を傾ける／気持ちにさせる	～を傾ける／気持ちにさせる	0.175
lv4	851	misunderstand	誤解する／～を誤解している	誤解する／～を誤解している	0.267
lv4	852	outburst	～の爆発	～の爆発	0.175
lv4	853	proponent	支持者	支持者	0.175
lv4	854	animate	～を活気づける／～をアニメ化する	～を活気づける／～をアニメ化する／～に生命を与える	0.266
lv4	855	furnish	～に備えつける／～に備え付ける	～に備えつける／～に備え付ける	0.266
lv4	856	refute	～を論駁する／～に反論する	～を論駁する／～に反論する	0.174
lv4	857	superstitious	迷信深い／迷信の	迷信深い／迷信の	0.174
lv4	858	lenient	寛大な	寛大な	0.173
lv4	859	mediate	調停する／仲裁する	調停する／仲裁する	0.173
lv4	860	upheaval	大変動	大変動	0.173
lv4	861	delinquent	非行の	非行の	0.263
lv4	862	dormitory	寮	寮	0.171
lv4	863	inferred	推量する	推量する	0.171
lv4	864	wrinkle	しわを寄せる／～にしわを作る	しわを寄せる／～にしわを作る	0.171
lv4	865	backfire	裏目に出る	裏目に出る	0.170
lv4	866	exhale	～を吐き出す	～を吐き出す	0.170
lv4	867	smuggle	～を密輸する	～を密輸する	0.170
lv4	868	trespass	侵入する／侵害する	侵入する／侵害する	0.170
lv4	869	cordial	心温まる／心からの	心温まる／心からの	0.169
lv4	870	jeopardize	～を危険にさらす	～を危険にさらす	0.169
lv4	871	subtract	引く	引く	0.169
lv4	872	transcend	～を超える／～を越える	～を超える／～を越える／超越する	0.260
lv4	873	deduct	～を控除する／～を減じる	～を控除する／～を減じる	0.168
lv4	874	illogical	筋の通らない／不合理な	筋の通らない／不合理な	0.168
lv4	875	impart	～を与える／伝える	～を与える／伝える	0.168
lv4	876	obstruct	～をふさぐ／～を妨害する	～をふさぐ／～を妨害する	0.168
lv4	877	outcast	見捨てられた人／浮浪者	見捨てられた人／浮浪者	0.168
lv4	878	respondent	回答者	回答者	0.168
lv4	879	dreary	退屈な／ものわびしい	退屈な／ものわびしい	0.166
lv4	880	tiresome	退屈な／うんざりする	退屈な／うんざりする	0.166
lv4	881	commendable	賞賛されるべき／立派な	賞賛されるべき／立派な	0.165
lv4	882	compress	～を要約する／～を短縮する	～を要約する／～を短縮する／～を圧縮して詰め込む	0.165
lv4	883	unify	～を統合する／～を統一する	～を統合する／～を統一する／統一される	0.257
lv4	884	subdue	～を征服する／支配する	～を征服する／支配する／抑える	0.164
lv4	885	sympathize	同情する	同情する	0.164
lv4	886	assimilate	～を同化する／～を吸収する	～を同化する／～を吸収する／消化・吸収する	0.254
lv4	887	errand	使い／使い走り	使い／使い走り／用件	0.254
lv4	888	insistent	強く主張する／執拗な	強く主張する／執拗な	0.162
lv4	889	renovate	～を改修する	～を改修する	0.162
lv4	890	secondhand	間接／中古の	間接／中古の／間接的な	0.254
lv4	891	shiver	震える	震える	0.162
lv4	892	boundless	無限の	無限の	0.161
lv4	893	extinguish	消す／～を消す	消す／～を消す／～を絶滅させる	0.253
lv4	894	grassland	牧草地／草原	牧草地／草原	0.161
lv4	895	strangle	～を抑圧する／～を窒息させる	～を抑圧する／～を窒息させる	0.161
lv4	896	atrocity	残虐行為	残虐行為	0.160
lv4	897	erode	腐食する／～を腐食する	腐食する／～を腐食する／侵食する	0.160
lv4	898	innumerable	無数の	無数の	0.251
lv4	899	toil	骨折って働く／骨の折れる仕事	骨折って働く／骨の折れる仕事	0.160
lv4	900	vigor	活力	活力	0.160
lv4	901	bystander	傍観者	傍観者	0.159
lv4	902	decode	～を解読する	～を解読する	0.159
lv4	903	graze	牧草を食べる	牧草を食べる	0.159
lv4	904	improvise	～を即興で作る	～を即興で作る	0.159
lv4	905	abridged	簡約された	簡約された	0.157
lv4	906	ambivalent	矛盾する／相反する	矛盾する／相反する／どちらか決めかねて	0.157
lv4	907	cheery	陽気な／元気な	陽気な／元気な	0.157
lv4	908	evaporate	蒸発する	蒸発する	0.157
lv4	909	eyelid	まぶた	まぶた	0.157
lv4	910	legislate	法律を制定する	法律を制定する	0.157
lv4	911	blister	水ぶくれ	水ぶくれ	0.156
lv4	912	handout	配布物／プリント	配布物／プリント	0.156
lv4	913	instill	～を教える／～を植え付ける	～を教える／～を植え付ける	0.156
lv4	914	detach	～を切り離す／～を分離する	～を切り離す／～を分離する／～を取り外す	0.246
lv4	915	eject	～を取り出す／～を追い出す	～を取り出す／～を追い出す	0.155
lv4	916	fluctuate	変動する	変動する	0.155
lv4	917	sprawl	不規則に広がる	不規則に広がる／だらしなく手足を伸ばす	0.155
lv4	918	zealous	熱心な／熱狂的な	熱心な／熱狂的な	0.246
lv4	919	bustle	喧噪	喧噪	0.153
lv4	920	fasten	～を固定する／～をしっかり留める	～を固定する／～をしっかり留める／～をかける	0.245
lv4	921	outnumber	より数で勝る	より数で勝る	0.153
lv4	922	talkative	おしゃべりの	おしゃべりの	0.152
lv4	923	vertebrate	脊椎動物／脊椎動物の	脊椎動物／脊椎動物の	0.152
lv4	924	persevere	ねばる	ねばる	0.151
lv4	925	altruism	利他主義	利他主義	0.148
lv4	926	antioxidant	抗酸化物質／酸化防止剤	抗酸化物質／酸化防止剤	0.148
lv4	927	connotation	言外の意味／含意	言外の意味／含意／含蓄	0.240
lv4	928	embed	埋め込まれる／～を埋め込む	埋め込まれる／～を埋め込む／はめ込まれる	0.240
lv4	929	immerse	～を浸す／～を没頭させる	～を浸す／～を没頭させる／没頭させる	0.240
lv4	930	sufferer	苦しむ人／被災者	苦しむ人／被災者／病人	0.148
lv4	931	synthesize	～を総合する／合成する	～を総合する／合成する／合成して作り出す	0.148
lv4	932	disprove	～の誤りを証明する	～の誤りを証明する／～の反証を挙げる	0.147
lv4	933	subsidize	～に補助金を支給する	～に補助金を支給する	0.147
lv4	934	trifle	ささいな事／くだらない事	ささいな事／くだらない事	0.147
lv4	935	outsource	～を外注する／～を業務委託する	～を外注する／～を業務委託する	0.146
lv4	936	remodel	～を改装する／～を改造する	～を改装する／～を改造する	0.146
lv4	937	reschedule	～の日時を変更する	～の日時を変更する	0.146
lv4	938	mumble	つぶやく	つぶやく	0.144
lv4	939	cardiologist	心臓専門医	心臓専門医	0.143
lv4	940	botanist	植物学者	植物学者	0.142
lv4	941	emigrate	移住する	移住する	0.142
lv4	942	fabricate	～をでっち上げる／～を組み立てる	～をでっち上げる／～を組み立てる	0.142
lv4	943	asymmetry	非対称／不釣り合い	非対称／不釣り合い	0.141
lv4	944	checkup	健康診断／検査	健康診断／検査	0.141
lv4	945	entrust	AにBを任せる	AにBを任せる	0.139
lv4	946	populate	～に住む／～の住民である	～に住む／～の住民である／～に人を住まわせる	0.231
lv4	947	depress	～を憂鬱にさせる	～を憂鬱にさせる／～を憂うつにさせる／落ち込ませる	0.230
lv4	948	pollute	～を汚染する	～を汚染する	0.230
lv4	949	suffocate	～を窒息させる	～を窒息させる	0.138
lv4	950	immeasurable	計り知れない／果てしない	計り知れない／果てしない／広大な	0.137
lv4	951	nosy	詮索好きな／おせっかいな	詮索好きな／おせっかいな	0.137
lv4	952	sprain	～をくじく／～を捻挫する	～をくじく／～を捻挫する	0.137
lv4	953	bureaucrat	官僚	官僚	0.135
lv4	954	eyelash	まつげ	まつげ	0.135
lv4	955	heighten	～を高める／～を増大させる	～を高める／～を増大させる	0.135
lv4	956	justly	正当に／当然のことながら	正当に／当然のことながら	0.135
lv4	957	overdo	～を使い過ぎる／～をやり過ぎる	～を使い過ぎる／～をやり過ぎる	0.135
lv4	958	overestimate	～を過大評価する	～を過大評価する	0.134
lv4	959	wane	衰える／欠ける	衰える／欠ける	0.134
lv4	960	constrain	～に強いる／～を抑える	～に強いる／～を抑える	0.133
lv4	961	exclaim	叫ぶ／～と叫ぶ	叫ぶ／～と叫ぶ	0.316
lv4	962	conspire	陰謀を企てる／共謀する	陰謀を企てる／共謀する	0.132
lv4	963	intrude	立ち入る／侵入する	立ち入る／侵入する	0.315
lv4	964	scold	しかる／～を叱る	しかる／～を叱る／～をしかる	0.315
lv4	965	grumble	不満を言う／不平を述べる	不満を言う／不平を述べる	0.222
lv4	966	perishable	腐りやすい	腐りやすい	0.130
lv4	967	terrify	～を怖がらせる／～を脅かす	～を怖がらせる／～を脅かす	0.130
lv4	968	colonize	～を植民地化する／～を入植させる	～を植民地化する／～を入植させる	0.128
lv4	969	termite	シロアリ	シロアリ	0.128
lv4	970	dejected	落胆した／元気のない	落胆した／元気のない	0.126
lv4	971	dweller	居住者	居住者	0.126
lv4	972	intelligible	理解できる／理解可能な	理解できる／理解可能な／判読可能な	0.310
lv4	973	magnify	～を拡大する／～を誇張する	～を拡大する／～を誇張する	0.126
lv4	974	mutter	つぶやく	つぶやく	0.126
lv4	975	inhabitant	住民／居住者	住民／居住者	0.308
lv4	976	scrutinize	～を詳細に調べる	～を詳細に調べる／～を綿密に調べる／精査する	0.217
lv4	977	shriek	悲鳴をあげる／金切り声を上げる	悲鳴をあげる／金切り声を上げる／叫ぶ	0.217
lv4	978	snore	いびきをかく	いびきをかく	0.125
lv4	979	ascribe	～の原因を帰す	～の原因を帰す／～の原因はと主張する	0.215
lv4	980	waver	揺れ動く／迷う	揺れ動く／迷う	0.124
lv4	981	impassable	通行できない／克服できない	通行できない／克服できない	0.123
lv4	982	obstinate	頑固な／強情な	頑固な／強情な	0.213
lv4	983	entitle	～に資格／～に権利を与える	～に資格／～に権利を与える／権利を与える	0.210
lv4	984	overshadow	～の影を薄くさせる	～の影を薄くさせる	0.119
lv4	985	recede	後退する／退く	後退する／退く	0.210
lv4	986	reintroduce	～をかつての分布域に再導入する	～をかつての分布域に再導入する／～を復活させる	0.119
lv4	987	sneer	あざ笑う／鼻で笑う	あざ笑う／鼻で笑う	0.117
lv4	988	proliferate	急増する／繁殖する	急増する／繁殖する	0.116
lv4	989	recollect	思い出す	思い出す	0.116
lv4	990	carnivore	肉食動物〈可算〉	肉食動物〈可算〉	0.115
lv4	991	underlie	～の根底にある	～の根底にある	0.115
lv4	992	ecologist	生態学者／環境保護論者	生態学者／環境保護論者	0.114
lv4	993	transact	～を処理する／行う	～を処理する／行う	0.114
lv4	994	excavate	～を発掘する	～を発掘する	0.112
lv4	995	overhear	～を偶然耳にする	～を偶然耳にする	0.111
lv4	996	paralyze	～麻痺させる／～を麻痺させる	～麻痺させる／～を麻痺させる	0.203
lv4	997	devastate	打ちのめす／壊滅させる	打ちのめす／壊滅させる／～を壊滅させる	0.290
lv4	998	overwork	働きすぎる／～を働かせすぎる	働きすぎる／～を働かせすぎる／酷使する	0.107
lv4	999	deflate	しぼむ／～をしぼませる	しぼむ／～をしぼませる	0.106
lv4	1000	grimace	しかめ面をする／しかめ面	しかめ面をする／しかめ面	0.106
lv4	1001	immigrate	移住する	移住する	0.106
lv4	1002	enchant	魔法をかける／魅了する	魔法をかける／魅了する	0.101
lv4	1003	extrovert	外向的な／外交的な人	外向的な／外交的な人／社交的な	0.192
lv4	1004	heredity	遺伝	遺伝	0.284
lv4	1005	shortcoming	欠点	欠点	0.101
lv4	1006	claustrophobia	閉所恐怖症	閉所恐怖症	0.099
lv4	1007	sweatshop	搾取工場	搾取工場	0.099
lv4	1008	falsify	～を偽造する	～を偽造する	0.098
lv4	1009	pitfall	落とし穴／隠れた危険	落とし穴／隠れた危険	0.096
lv4	1010	landmine	地雷	地雷	0.092
lv4	1011	afflict	～を苦しめる	～を苦しめる	0.092
lv4	1012	deplore	～を嘆く	～を嘆く	0.092
lv4	1013	endow	～を授ける／～に与える	～を授ける／～に与える／授ける	0.183
lv4	1014	astound	～をびっくりさせる	～をびっくりさせる	0.092
lv4	1015	demote	～を降格する	～を降格する	0.092
lv4	1016	birthrate	出生率	出生率	0.092
lv4	1017	gratify	喜ばせる／～を喜ばせる	喜ばせる／～を喜ばせる／～を満足させる	0.183
lv4	1018	entangle	～に絡まる	～に絡まる	0.092
lv4	1019	horrify	～を怖がらせる	～を怖がらせる	0.092
lv4	1020	stomachache	腹痛	腹痛	0.092
lv4	1021	accustom	慣れさせる／～を慣れさせる	慣れさせる／～を慣れさせる	0.183
lv4	1022	perspire	汗をかく	汗をかく	0.092
lv4	1023	overrate	過大評価される	過大評価される	0.092
lv4	1024	ingenuous	純真な／無邪気な	純真な／無邪気な	0.092
lv4	1025	perplex	～を困惑させる／～を当惑させる	～を困惑させる／～を当惑させる	0.183
lv4	1026	preoccupy	～の心を奪う／～を夢中にさせる	～の心を奪う／～を夢中にさせる	0.092
lv4	1027	bewilder	～を当惑させる／当惑する	～を当惑させる／当惑する	0.275
lv4	1028	appall	～をぎょっとさせる	～をぎょっとさせる	0.092
ilv1	1	on and on	どんどん／引き続き	どんどん／引き続き	0.861
ilv1	2	That is that	それでおしまいだ／それだけのこと	それでおしまいだ／それだけのこと	0.821
ilv1	3	in that ～	～の点で	～の点で／～という点において ...だから	1.183
ilv1	4	that of ～	～のそれ	～のそれ	0.821
ilv1	5	it is ～ that ～	することは～である	することは～である	0.817
ilv1	6	this and that	あれこれ／様々なこと	あれこれ／様々なこと	0.817
ilv1	7	be to do	することになっている	することになっている／すべきである	1.000
ilv1	8	as for ～	～について言えば／～に関する限り	～について言えば／～に関する限り	1.000
ilv1	9	as it is	実際のところは／あるがままの	実際のところは／あるがままの	0.817
ilv1	10	as of ～	～現在で／～の時点で	～現在で／～の時点で	1.000
ilv1	11	as to ～	～に関して／～について	～に関して／～について	1.000
ilv1	12	but for ～	～を除いて／～がなければ	～を除いて／～がなければ	1.000
ilv1	13	all but ～	ほとんど／～も同然	ほとんど／～も同然	1.183
ilv1	14	all in all	概して／全般的に見て	概して／全般的に見て	1.183
ilv1	15	at all	まったく／一体	まったく／一体	1.000
ilv1	16	for all ～	～にもかかわらず／～を考慮しても	～にもかかわらず／～を考慮しても	1.183
ilv1	17	in all	全部で／合計で	全部で／合計で	1.000
ilv1	18	not all that ～	それほど～ではない	それほど～ではない	0.817
ilv1	19	not all ～	すべての～が...であるわけではない	すべての～が...であるわけではない	0.817
ilv1	20	so as to do	するために	するために	0.817
ilv1	21	so ～ that ～	～それで... ～その結果	～それで... ～その結果／大変～なので... ...であるほど～	1.367
ilv1	22	with all ～	～にもかかわらず／～ばかりなので	～にもかかわらず／～ばかりなので	1.000
ilv1	23	～ and so on	～など	～など	0.817
ilv1	24	if ～ at all	いやしくも...したなら	いやしくも...したなら	0.817
ilv1	25	as ～ as one can	できるだけ～	できるだけ～	0.766
ilv1	26	so that ～ can do	～が…できるように	～が…できるように	0.817
ilv1	27	at will	思いのままに／随意に	思いのままに／随意に	1.000
ilv1	28	～ will do	～は役に立つ	～は役に立つ	0.817
ilv1	29	(Just) As ～, so ～	ちょうど～であるように…だ	ちょうど～であるように…だ	0.817
ilv1	30	be about to do	しようとしている	しようとしている／今にも～しそうである	1.183
ilv1	31	just about	ほぼ／かろうじて	ほぼ／かろうじて	0.817
ilv1	32	up to ～	～まで／～次第である	～まで／～次第である	1.183
ilv1	33	What if ～?	したらどうなるだろうか	したらどうなるだろうか	0.817
ilv1	34	What ～ for?	何のために...？	何のために...？／どうして～か何の目的で～か	1.000
ilv1	35	What ～ like?	～はどんなものか	～はどんなものか	0.758
ilv1	36	be out to do	しようと狙っている	しようと狙っている	0.817
ilv1	37	what to do	何を...すべきか	何を...すべきか	0.817
ilv1	38	what ～ is	現在の～	現在の～	0.817
ilv1	39	All one has to do is (to) do	はただ…すればよい	はただ…すればよい	0.817
ilv1	40	when ～	時／～そしてその時	時／～そしてその時	1.000
ilv1	41	what is more	さらに／そのうえ	さらに／そのうえ	1.000
ilv1	42	If it were not for ～	もし～がないなら	もし～がないなら／もし～がなければ	1.183
ilv1	43	Who is it that ～?	するのはいったい誰か	するのはいったい誰か	0.817
ilv1	44	as it were	いわば	いわば	1.000
ilv1	45	were it not for ～	もし～がなければ	もし～がなければ	0.754
ilv1	46	There is no doing	することはできない	することはできない	0.751
ilv1	47	～, which ～	～そしてそれは	～そしてそれは	0.817
ilv1	48	all the time	いつも／その間ずっと	いつも／その間ずっと	1.000
ilv1	49	at a time	一度に／同時に	一度に／同時に	1.000
ilv1	50	by the time ～	までには／までに	までには／までに	1.000
ilv1	51	from time to time	～ときどき／時々	～ときどき／時々	1.000
ilv1	52	in no time	すぐに／まもなく	すぐに／まもなく	0.817
ilv1	53	in time	間に合って／やがて	間に合って／やがて	0.749
ilv1	54	in time (for ～)	間に合って	間に合って	0.817
ilv1	55	it is (about) time ～.	そろそろ...してもよい頃だ	そろそろ...してもよい頃だ	0.749
ilv1	56	on time	時間通りに	時間通りに	1.000
ilv1	57	the time ～ when ～	する時	する時	0.817
ilv1	58	get at	～をほのめかす／～を言おうとする	～をほのめかす／～を言おうとする	0.817
ilv1	59	get by	何とか生活する／何とかやっていく	何とか生活する／何とかやっていく	1.000
ilv1	60	get in on ～	～に加わる／～に参加する	～に加わる／～に参加する	0.817
ilv1	61	get on with ～	～を続ける／～をどんどん進める	～を続ける／～をどんどん進める	1.000
ilv1	62	get on ～	～に乗る／仲良くやっていく	～に乗る／仲良くやっていく	0.817
ilv1	63	get to ～	～に到着する／～できる	～に到着する／～できる	1.000
ilv1	64	How about ～?	～はどうか	～はどうか	0.817
ilv1	65	do with ～	～があればありがたい	～があればありがたい／～をすませた	0.817
ilv1	66	by now	今はもう／今頃は	今はもう／今頃は	0.817
ilv1	67	for now	今のところは／当分は	今のところは／当分は	0.817
ilv1	68	now that ～	である以上／今はもう…なので	である以上／今はもう…なので	0.817
ilv1	69	now ～	今や...なので ...であるからには	今や...なので ...であるからには	0.817
ilv1	70	one ～, the other ～	一方は～／もう一方は	一方は～／もう一方は	0.817
ilv1	71	no more than ～	たった～ ほんの～	たった～ ほんの～	0.817
ilv1	72	If only ～	でありさえすればよい〔よかった」のに	でありさえすればよい〔よかった」のに／でありさえすれば	1.000
ilv1	73	as good as ～	～も同然／ほとんど～	～も同然／ほとんど～	1.183
ilv1	74	be good at ～	～が得意である	～が得意である	0.817
ilv1	75	do ～ good	～のためになる／～にとってよい	～のためになる／～にとってよい	0.817
ilv1	76	do ～ good/do good to ～	～にとってよい／～のためになる	～にとってよい／～のためになる	0.732
ilv1	77	for good	永久に／これっきり	永久に／これっきり	1.183
ilv1	78	for the good of	～のために／利益となるように	～のために／利益となるように	0.817
ilv1	79	have only to do	しさえすればよい	しさえすればよい	0.817
ilv1	80	only to do	するだけだ	するだけだ	0.817
ilv1	81	after all	結局／やっぱり	結局／やっぱり	0.817
ilv1	82	at first	最初は	最初は	1.000
ilv1	83	first of all	第一に／まず	第一に／まず	1.000
ilv1	84	for the first time	初めて	初めて	1.000
ilv1	85	get into ～	～に夢中になる／～に興味をもつ	～に夢中になる／～に興味をもつ	0.817
ilv1	86	the first time ～	初めて...する時	初めて...する時	0.817
ilv1	87	for all I know	よくは知らないが／たぶん	よくは知らないが／たぶん	0.817
ilv1	88	see (to it) that ～	するよう取り計らう	するよう取り計らう／するように取り計らう	1.000
ilv1	89	see about doing	～する手配をする	～する手配をする	0.730
ilv1	90	see about ～	～を検討する／～を手配する	～を検討する／～を手配する	0.730
ilv1	91	see to	～に対処する／～の世話をする	～に対処する／～の世話をする	0.817
ilv1	92	all over ～	至る所に／一面に	至る所に／一面に	0.817
ilv1	93	get over ～	～を克服する／から回復する	～を克服する／から回復する	1.000
ilv1	94	make do with ～	～で間に合わせる／～で済ませる	～で間に合わせる／～で済ませる	1.367
ilv1	95	make for ～	～に役立つ／～を生み出す	～に役立つ／～を生み出す	1.183
ilv1	96	make good	成功する／(～を）果たす	成功する／(～を）果たす	1.000
ilv1	97	make it	間に合う／成功する	間に合う／成功する	1.367
ilv1	98	make out ～	～を理解する／～を見分ける	～を理解する／～を見分ける	1.183
ilv1	99	make over ～	～を作り変える／作り直す	～を作り変える／作り直す	0.817
ilv1	100	make up for ～	～を補う／～の埋め合わせをする	～を補う／～の埋め合わせをする	0.817
ilv1	101	make up ～	～を構成する／～を作り上げる	～を構成する／～を作り上げる	1.183
ilv1	102	make ～ of A	Aを～と評価する／判断する	Aを～と評価する／判断する	0.817
ilv1	103	over ～	～をめぐって／～を食べながら	～をめぐって／～を食べながら	0.817
ilv1	104	think about ～	～を思いつく／～のことを考える	～を思いつく／～のことを考える	0.817
ilv1	105	think of ～	～をしようかなと思う	～をしようかなと思う／～のことを考える	0.817
ilv1	106	think over ～	～をよく考える	～をよく考える	1.000
ilv1	107	as ～ as any	何にも劣らず～／誰にも劣らず～	何にも劣らず～／誰にも劣らず～	1.000
ilv1	108	if any	もしあれば／たとえあるにせよ	もしあれば／たとえあるにせよ	1.000
ilv1	109	now and then	時々	時々	0.727
ilv1	110	back on ～	～を当てにする	～を当てにする	0.724
ilv1	111	back up ～	～を裏付ける／～を支持する	～を裏付ける／～を支持する	0.817
ilv1	112	for want of ～	～がないので／～の不足のため	～がないので／～の不足のため	1.000
ilv1	113	want for ～	～を欠いている／～がない	～を欠いている／～がない	0.817
ilv1	114	as ～ go	一般の～と比べると／～としては	一般の～と比べると／～としては	0.817
ilv1	115	because of ～	～のために	～のために	0.817
ilv1	116	go about ～	～に取り組む／～に取りかかる	～に取り組む／～に取りかかる	1.000
ilv1	117	go at	～に取り組む	～に取り組む	0.723
ilv1	118	go back on ～	～を破る	～を破る	0.817
ilv1	119	go back to ～	～へ戻る／～にさかのぼる	～へ戻る／～にさかのぼる	0.817
ilv1	120	go by ～	通り過ぎる／たつ	通り過ぎる／たつ	1.000
ilv1	121	go for ～	～を選ぶ／～を手に入れようとする	～を選ぶ／～を手に入れようとする	0.817
ilv1	122	go in for ～	～をし始める	～をし始める	0.817
ilv1	123	go on (with ～)	～を続ける／続く	～を続ける／続く	0.817
ilv1	124	go on to do	次に...する／続けて...する	次に...する／続けて...する	1.000
ilv1	125	go on ～	続く／過ぎる	続く／過ぎる	0.723
ilv1	126	go out	消える／出かける	消える／出かける	1.000
ilv1	127	go over ～	～を調べる／～を繰り返す	～を調べる／～を繰り返す	1.000
ilv1	128	go with ～	～と付き合う／～と一緒に行く	～と付き合う／～と一緒に行く	1.183
ilv1	129	on the go	活動中で	活動中で	0.817
ilv1	130	～ as well	～もまた／同様に～ ～もまた	～もまた／同様に～ ～もまた	0.817
ilv1	131	～ to go	あと～／残りの～	あと～／残りの～	0.817
ilv1	132	all the way	ずっと／はるばる	ずっと／はるばる	1.000
ilv1	133	by the way	～ところで	～ところで	1.000
ilv1	134	by way of ～	～経由で／～として	～経由で／～として	1.183
ilv1	135	go out of one's way to do	わざわざ...する	わざわざ...する／わざわざ～する	1.000
ilv1	136	have a way of doing	～する癖がある／傾向がある	～する癖がある／傾向がある	0.817
ilv1	137	in a way	ある意味では／ある点で	ある意味では／ある点で	0.817
ilv1	138	in the way	邪魔になって／から判断すると	邪魔になって／から判断すると	1.367
ilv1	139	it is said that ～	～と言われている	～と言われている	0.817
ilv1	140	make one's way	前進する	前進する	0.817
ilv1	141	make way	道をあける	道をあける	0.817
ilv1	142	on one's way (to ～)	途中で	途中で	0.817
ilv1	143	on the way (to ～)	途中で	途中で	0.721
ilv1	144	out of the way	道を外れて／邪魔にならないように	道を外れて／邪魔にならないように	0.817
ilv1	145	at (the) most	せいぜい／多くても	せいぜい／多くても	1.000
ilv1	146	make much of ～	～を重要視する／～を理解する	～を重要視する／～を理解する	1.000
ilv1	147	make the most of ～	～を最大限に利用する	～を最大限に利用する／～を最大限利用する	1.183
ilv1	148	most of ～	～のほとんど	～のほとんど	0.720
ilv1	149	not so much as do	さえしない	さえしない	0.817
ilv1	150	see much of ～	～によく会う	～によく会う	0.817
ilv1	151	think much of ～	～を高く評価する／～を重んじる	～を高く評価する／～を重んじる	1.000
ilv1	152	where to do	どこで...すべきか	どこで...すべきか	0.817
ilv1	153	～ where ～	する～／～そしてそこで	する～／～そしてそこで	1.183
ilv1	154	even as ～	まさに…するときに	まさに…するときに	0.815
ilv1	155	even if ～	たとえ...であっても	たとえ...であっても	0.815
ilv1	156	even up ～	～を等しくする／～を均等にする	～を等しくする／～を均等にする	0.719
ilv1	157	get/be even with ～	～に仕返しをする	～に仕返しをする	0.815
ilv1	158	may as well do	する方がよい／するのも同じだ	する方がよい／するのも同じだ	0.814
ilv1	159	may as well ～ as ～	するくらいなら～する方がましだ	するくらいなら～する方がましだ	0.718
ilv1	160	may want to do	～するとよいでしょう	～するとよいでしょう	0.814
ilv1	161	may well do	おそらく…するだろう	おそらく…するだろう／するのはもっともだ	0.997
ilv1	162	Here we are.	さあ着いた	さあ着いた	0.813
ilv1	163	in need	必要として	必要として	0.813
ilv1	164	in need of ～	～を必要として	～を必要として	0.813
ilv1	165	at work	仕事中で／職業で	仕事中で／職業で	0.995
ilv1	166	right now	現在／今すぐ	現在／今すぐ	0.812
ilv1	167	work on ～	～に取り組む／～に影響を与える	～に取り組む／～に影響を与える	1.178
ilv1	168	work out ～	うまくいく／～を解決する	うまくいく／～を解決する	1.178
ilv1	169	all too ～	あまりにも／～とても	あまりにも／～とても	0.994
ilv1	170	for the time being	当分の間／差し当たり	当分の間／差し当たり	1.360
ilv1	171	only too ～	～とても... 残念ながら	～とても... 残念ながら／～とても	0.994
ilv1	172	too ～ (for A) to do	するには～すぎる	するには～すぎる	0.810
ilv1	173	That is why ～	そういうわけで	そういうわけで	0.808
ilv1	174	back off	手を引く／撤回する	手を引く／撤回する	0.713
ilv1	175	be well off	裕福である	裕福である	0.808
ilv1	176	go off	爆発する／去る	爆発する／去る	1.174
ilv1	177	make off with	～を持ち去る／盗む	～を持ち去る／盗む	0.713
ilv1	178	see A off	Aを見送る	Aを見送る	0.713
ilv1	179	see off ～	～を見送る	～を見送る	0.991
ilv1	180	well off	裕福な／暮らし向きがいい	裕福な／暮らし向きがいい	0.713
ilv1	181	be made of ～	～でできている	～でできている	0.990
ilv1	182	have/take ～ off	～を休みとしてとる	～を休みとしてとる	0.806
ilv1	183	take after ～	～に似ている／～を追跡する	～に似ている／～を追跡する	1.173
ilv1	184	take in ～	～を理解する／～を取り入れる	～を理解する／～を取り入れる	1.356
ilv1	185	take off ～	離陸する／～を脱ぐ	離陸する／～を脱ぐ	0.806
ilv1	186	take on ～	～を引き受ける／～を帯びる	～を引き受ける／～を帯びる	1.173
ilv1	187	take one's time	ゆっくりやる／自分のペースでやる	ゆっくりやる／自分のペースでやる	0.806
ilv1	188	take over ～	～を引き継ぐ／～を支配する	～を引き継ぐ／～を支配する	1.356
ilv1	189	take to ～	～を始める／～にふける	～を始める／～にふける	1.173
ilv1	190	take up ～	～を取り上げる／～を始める	～を取り上げる／～を始める	1.356
ilv1	191	as many as ～	～ほど多数の	～ほど多数の	0.805
ilv1	192	as many/much as ～	～もの数の／～と同数の	～もの数の／～と同数の	0.711
ilv1	193	many a ～	多くの～	多くの～	0.805
ilv1	194	many a/an ～	多くの～／あまたの～	多くの～／あまたの～	0.711
ilv1	195	those who ～	する人々	する人々	0.804
ilv1	196	have a say (in ～)	発言権を持つ	発言権を持つ	0.803
ilv1	197	it is not too much to say ～	～と言っても過言ではない	～と言っても過言ではない	0.803
ilv1	198	that is (to say)	つまり／すなわち	つまり／すなわち	1.169
ilv1	199	back down	撤回する／引き下がる	撤回する／引き下がる	0.801
ilv1	200	get down to ～	～をし始める	～をし始める／～に本腰を入れて取り掛かる	1.168
ilv1	201	take down ～	～を書き留める／～を取り壊す	～を書き留める／～を取り壊す	0.801
ilv1	202	up and down	行ったり来たり／上下に	行ったり来たり／上下に	0.801
ilv1	203	get through ～	～を乗り切る／～を切り抜ける	～を乗り切る／～を切り抜ける	0.800
ilv1	204	go through with	～を遂行する	～を遂行する	0.707
ilv1	205	go through ～	～を経験する／～を通過する	～を経験する／～を通過する	1.167
ilv1	206	see through	～を見抜く／～を最後までやり通す	～を見抜く／～を最後までやり通す	0.983
ilv1	207	If S had 過去分詞, S would have 過去分詞	もし～だったら／だっただろうに	もし～だったら／だっただろうに	0.799
ilv1	208	That's it	もう終わりだ／まさにそれだ	もう終わりだ／まさにそれだ	0.799
ilv1	209	What is S like?	Sはどのようなものか	Sはどのようなものか	0.799
ilv1	210	be S ～ (or ～)	Sが～であろうと	Sが～であろうと	0.799
ilv1	211	for a while	しばらくの間	しばらくの間	0.982
ilv1	212	if S should ～	万一...なら	万一...なら	0.799
ilv1	213	if S were to do	もし...することがあれば	もし...することがあれば	0.799
ilv1	214	so that S will ～	Sが...するために	Sが...するために	0.799
ilv1	215	the last ～ to do	決して...しない～ ...しそうにない～	決して...しない～ ...しそうにない～／最も…しそうにない～	0.982
ilv1	216	as such	そういうものとして／それ自体では	そういうものとして／それ自体では	0.979
ilv1	217	at best	よくても／せいぜい	よくても／せいぜい	0.979
ilv1	218	do one's best	最善を尽くす	最善を尽くす	0.796
ilv1	219	make the best of ～	～を最大限に利用する	～を最大限に利用する／～を最大限に活かす	1.163
ilv1	220	such as it is	大したものではないが	大したものではないが／こんな程度のものだが	0.796
ilv1	221	such as ～	たとえば～	たとえば～	0.796
ilv1	222	be in love with ～	～に恋している	～に恋している	0.794
ilv1	223	It is no use doing	しても無駄である	しても無駄である	0.701
ilv1	224	It is not long before ～	するのに長くはかからない	するのに長くはかからない／間もなく…する	0.792
ilv1	225	as long as ～	する限り ...でさえあれば	する限り ...でさえあれば	0.792
ilv1	226	as/so long as ～	である限り	である限り	0.701
ilv1	227	at home	家で／在宅して	家で／在宅して	0.792
ilv1	228	at home (with/in/on ～)	在宅して／くつろいで	在宅して／くつろいで	0.701
ilv1	229	be at home with ～	～に精通している	～に精通している／～をよく知っている	0.701
ilv1	230	be of no use	まったく役に立たない	まったく役に立たない	0.792
ilv1	231	be of use	役に立つ／有用な	役に立つ／有用な	0.792
ilv1	232	before long	間もなく	間もなく	0.792
ilv1	233	could use ～	～があればありがたい／～が欲しい	～があればありがたい／～が欲しい	0.792
ilv1	234	go a long way to do	～に大いに役立つ	～に大いに役立つ／するのに大いに役立つ	0.792
ilv1	235	go a long way to ～	～に大いに役立つ／効果がある	～に大いに役立つ／効果がある	0.701
ilv1	236	have a look at ～	見る／～を見る	見る／～を見る	0.792
ilv1	237	have/take a look (at ～)	見る	見る	0.701
ilv1	238	long for ～	～を切望する／～を待ち望む	～を切望する／～を待ち望む	0.976
ilv1	239	look after ～	～の世話をする／気を配る	～の世話をする／気を配る	0.976
ilv1	240	look at ～	～を見る	～を見る	0.792
ilv1	241	look down on ～	～を見下す／～を軽蔑する	～を見下す／～を軽蔑する	0.976
ilv1	242	look for ～	～を探す	～を探す	0.976
ilv1	243	look into ～	～を調べる／調べる	～を調べる／調べる	1.159
ilv1	244	look on	～をみなす	～をみなす	0.701
ilv1	245	look out (for～)	気をつける／～に気をつける	気をつける／～に気をつける	1.159
ilv1	246	look over ～	～を調べる／～にざっと目を通す	～を調べる／～にざっと目を通す	0.976
ilv1	247	look to ～	～の方を見る／～に気をつける	～の方を見る／～に気をつける	0.701
ilv1	248	look to ～ (for ～)	～を頼みにする	～を頼みにする	0.792
ilv1	249	look up	～を調べる／～を訪ねる	～を調べる／～を訪ねる	0.792
ilv1	250	look up to ～	～を尊敬する	～を尊敬する	0.976
ilv1	251	make use of ～	～を利用する／～を活かす	～を利用する／～を活かす	0.976
ilv1	252	use up ～	～を使い尽くす／～を使い果たす	～を使い尽くす／～を使い果たす	0.976
ilv1	253	(all/just) the same	それでもやはり	それでもやはり	0.791
ilv1	254	all the same	それでもやはり	それでもやはり／それにもかかわらず	0.791
ilv1	255	be used to doing	することに慣れている	することに慣れている	0.791
ilv1	256	the same ～ as ～	～と同じ～	～と同じ～	0.791
ilv1	257	used to do	いつも...したものだ	いつも...したものだ／以前は...だった	0.700
ilv1	258	used to do/be	～したものだった／昔は～あった	～したものだった／昔は～あった	0.791
ilv1	259	(every) now and then	時々	時々	0.790
ilv1	260	every other ～	１つおきの～／～おきに	１つおきの～／～おきに	0.790
ilv1	261	every time ～	するたびに	するたびに	0.790
ilv1	262	Come on.	おいおい／冗談だろ	おいおい／冗談だろ	0.788
ilv1	263	How come ～?	どうして...なのか	どうして...なのか	0.788
ilv1	264	come about	起こる／生じる	起こる／生じる	1.155
ilv1	265	come after ～	～の後をつける／～を追跡する	～の後をつける／～を追跡する	0.698
ilv1	266	come before ～	～に出る／で審議される	～に出る／で審議される	0.788
ilv1	267	come by ～	～を手に入れる／立ち寄る	～を手に入れる／立ち寄る	0.972
ilv1	268	come down to ～	～に帰着する	～に帰着する／要するに～ということになる	0.788
ilv1	269	come down with ～	～にかかる	～にかかる	1.155
ilv1	270	come home to ～	痛切に感じられる／～に理解される	痛切に感じられる／～に理解される	0.788
ilv1	271	come into being	生まれる／出現する	生まれる／出現する	0.972
ilv1	272	come into ～	～を相続する／～の状態になる	～を相続する／～の状態になる	0.788
ilv1	273	come off	思える／結局～になる	思える／結局～になる	0.788
ilv1	274	come out	現れる／表明する	現れる／表明する	0.972
ilv1	275	come through	提供する／要求に応える	提供する／要求に応える	0.788
ilv1	276	come to think of it	考えてみると／そういえば	考えてみると／そういえば	0.972
ilv1	277	come to ～	～に達する／～に来る	～に達する／～に来る	0.972
ilv1	278	come up with	～を思いつく／invent	～を思いつく／invent	1.155
ilv1	279	for the most part	大部分は／大体は	大部分は／大体は	0.972
ilv1	280	in part	一部には／幾分	一部には／幾分	0.788
ilv1	281	on one's part	～の側での／～としては	～の側での／～としては	0.788
ilv1	282	on the part of ～	～の方では	～の方では	0.788
ilv1	283	part with ～	～を手放す／～を売り渡す	～を手放す／～を売り渡す	1.155
ilv1	284	take part	参加する	参加する	0.788
ilv1	285	take part in ～	～に参加する	～に参加する	0.972
ilv1	286	～ to come	将来の～／来たるべき～	将来の～／来たるべき～	0.788
ilv1	287	between you and me	ここだけの話だが／内緒だが	ここだけの話だが／内緒だが	0.970
ilv1	288	get around to doing ～	～をする余裕ができる	～をする余裕ができる	0.697
ilv1	289	get around ～	歩き回る／あちこち動き回る	歩き回る／あちこち動き回る	0.787
ilv1	290	other way around	あべこべ／逆	あべこべ／逆	0.787
ilv1	291	the other way around	逆に	逆に	0.697
ilv1	292	be better off	より良い状態である ...した方がよい	より良い状態である ...した方がよい	0.786
ilv1	293	find one's way	たどり着く／入ってくる	たどり着く／入ってくる	0.696
ilv1	294	find one's way ((in)to ～)	やっとたどり着く	やっとたどり着く	0.696
ilv1	295	find one's way (to/into ～)	やっとたどり着く	やっとたどり着く	0.696
ilv1	296	find one's way to ～	～へたどり着く	～へたどり着く／～まで道を探しながら進む	0.696
ilv1	297	find oneself ～	～にいる	～にいる	0.786
ilv1	298	find out (about) ～	～についてわかる	～についてわかる／～に関して真相を知る	0.786
ilv1	299	find out ～	～を見つけ出す／～を知る	～を見つけ出す／～を知る	0.696
ilv1	300	get the better of	～に勝る／～に打ち勝つ	～に勝る／～に打ち勝つ	0.786
ilv1	301	get/have the better of ～	～に勝つ／～を出し抜く	～に勝つ／～を出し抜く	0.786
ilv1	302	had better do	したほうがいい／すべきだ	したほうがいい／すべきだ	0.969
ilv1	303	know better	～するほど馬鹿ではない	～するほど馬鹿ではない／もっと分別がある	0.696
ilv1	304	know better (than to do)	分別がある／ばかではない	分別がある／ばかではない	0.786
ilv1	305	not always ～	必ずしも～ではない	必ずしも～ではない／必ずしも...ない	0.969
ilv1	306	think better of	～を考え直す／見直す	～を考え直す／見直す	0.786
ilv1	307	It is (high) time ～	してよいころだ	してよいころだ	0.695
ilv1	308	help oneself to ～	～を自由にとって食べる	～を自由にとって食べる／～を自由に取る	0.968
ilv1	309	help ～ with ～	～の...を手伝う	～の...を手伝う	0.695
ilv1	310	it is (about/high) time ～	してもよい頃だ	してもよい頃だ	0.695
ilv1	311	see little of ～	～にあまり会わない	～にあまり会わない	0.785
ilv1	312	think little of ～	～を何とも思わない／～を軽んじる	～を何とも思わない／～を軽んじる	0.785
ilv1	313	(all) on one's own	自分1人で／独力で	自分1人で／独力で	0.783
ilv1	314	for one's (own) part	～としては／～に関する限りは	～としては／～に関する限りは	0.783
ilv1	315	have/got one's (own) way	思い通りにする	思い通りにする	0.783
ilv1	316	of one's (own) doing	が…した	が…した	0.783
ilv1	317	on one's own	1人で／独力で	1人で／独力で	0.694
ilv1	318	one (A) after another	次から次へと	次から次へと	0.783
ilv1	319	one after another	次々に	次々に	0.694
ilv1	320	one ～, another ～	1つは～／お互い	1つは～／お互い	0.967
ilv1	321	～ of one's own	自分自身の～	自分自身の～	0.783
ilv1	322	go under	倒産する／沈む	倒産する／沈む	0.693
ilv1	323	under way	進行中で	進行中で	1.149
ilv1	324	for one thing	一つには	一つには	0.692
ilv1	325	for one thing ～ (, for another ～)	1つには～	1つには～	0.781
ilv1	326	～ one thing, ～ another	～と...は別のことである	～と...は別のことである	0.692
ilv1	327	give in	屈服する／～に屈する	屈服する／～に屈する	0.779
ilv1	328	give in (to ～)	屈する／～に従う	屈する／～に従う	0.963
ilv1	329	give off ～	～を発する	～を発する	1.329
ilv1	330	give out （～）	尽きる／～を配布する	尽きる／～を配布する	0.963
ilv1	331	give over	～を任せる／委ねる	～を任せる／委ねる	0.691
ilv1	332	give up ～	～をあきらめる／～捨てる	～をあきらめる／～捨てる	0.963
ilv1	333	give way	～に屈する／取って代わられる	～に屈する／取って代わられる	0.691
ilv1	334	give way (to ～)	道を譲る／降参する	道を譲る／降参する	0.963
ilv1	335	in place	あるべき場所に／きちんと整って	あるべき場所に／きちんと整って	0.779
ilv1	336	in place of ～	～の代わりに	～の代わりに	0.963
ilv1	337	in the first place	まず／第一に	まず／第一に	0.963
ilv1	338	out of place	場違いな／間違った場所の	場違いな／間違った場所の	0.779
ilv1	339	take one's place	いつもの席に着く	いつもの席に着く／特定の地位を占める	0.779
ilv1	340	take place	起こる／行われる	起こる／行われる	1.146
ilv1	341	take the place of ～	～に取って代わる	～に取って代わる	0.779
ilv1	342	next to ～	ほとんど／～の次の	ほとんど／～の次の	0.961
ilv1	343	over and over (again)	何度も繰り返し	何度も繰り返し	0.778
ilv1	344	think again	考え直す／考えを変える	考え直す／考えを変える	0.778
ilv1	345	do without ～	～なしですます	～なしですます	0.960
ilv1	346	each other	お互い	お互い	0.777
ilv1	347	each time ～	するたびに	するたびに	0.689
ilv1	348	every/each time ～	するたびに	するたびに	0.689
ilv1	349	go without ～	～なしで済ませる／我慢する	～なしで済ませる／我慢する	0.777
ilv1	350	never do without ～	すれば必ず～する	すれば必ず～する	0.777
ilv1	351	come to an end	終わる	終わる	0.776
ilv1	352	end up	結局～になる／最後には～になる	結局～になる／最後には～になる	1.142
ilv1	353	in the end	結局は／最後には	結局は／最後には	0.959
ilv1	354	on end	続けて／連続して	続けて／連続して	1.142
ilv1	355	show off ～	見せびらかす／～を見せびらかす	見せびらかす／～を見せびらかす	1.326
ilv1	356	show up	現れる／目立つ	現れる／目立つ	1.326
ilv1	357	be sure of/about ～	～を確信している	～を確信している	0.774
ilv1	358	be sure to do	必ず...する	必ず...する	0.774
ilv1	359	feel for ～	～に同情する／～を思いやる	～に同情する／～を思いやる	0.958
ilv1	360	feel like doing	したい気がする	したい気がする	0.687
ilv1	361	feel out	～を探る／知ろうとする	～を探る／知ろうとする	0.687
ilv1	362	make sure ～	確かめる／確実に～をする	確かめる／確実に～をする	0.958
ilv1	363	to be sure	確かに／なるほど	確かに／なるほど	0.774
ilv1	364	as ～ as ever	相変わらず～	相変わらず～	0.773
ilv1	365	if ever	あるとしても	あるとしても／もし...だとしたら	0.773
ilv1	366	keep at ～	～を根気よく続ける	～を根気よく続ける	0.773
ilv1	367	keep back ～	～を隠す／～を制止する	～を隠す／～を制止する	0.773
ilv1	368	keep doing	し続ける	し続ける	0.686
ilv1	369	keep off ～	～を近づけない／～に近づかない	～を近づけない／～に近づかない	0.956
ilv1	370	keep to ～	～に沿って進む／～から離れない	～に沿って進む／～から離れない	0.956
ilv1	371	keep up	遅れずについていく	遅れずについていく／～をやり続ける	0.686
ilv1	372	keep up with ～	～に遅れずについていく	～に遅れずについていく／～についていく	1.323
ilv1	373	keep ～ to oneself	～を秘密にしておく	～を秘密にしておく	0.773
ilv1	374	might (just) as well do	するのも同じだ／～してもよい	するのも同じだ／～してもよい	0.686
ilv1	375	might as well ～ as ～	するくらいなら～する方がましだ	するくらいなら～する方がましだ	0.686
ilv1	376	put an end to	～を終わらせる	～を終わらせる	0.773
ilv1	377	put down ～	～を置く／～を鎮める	～を置く／～を鎮める	1.140
ilv1	378	put in ～	～を差し入れる／～を取り付ける	～を差し入れる／～を取り付ける	1.140
ilv1	379	put off ～	～を延期する／～を嫌にさせる	～を延期する／～を嫌にさせる	0.956
ilv1	380	put on ～	～をかけ／～を身につける	～をかけ／～を身につける	0.956
ilv1	381	put out ～	～を消す／～を出版する	～を消す／～を出版する	1.140
ilv1	382	put through	～をつなぐ	～をつなぐ	0.686
ilv1	383	put up with ～	～を我慢する／耐える	～を我慢する／耐える	1.140
ilv1	384	put up ～	～を掲げる／～を上げる	～を掲げる／～を上げる	0.773
ilv1	385	put ～ to use	～を利用する	～を利用する	0.956
ilv1	386	to put it another way	別の言い方をすれば	別の言い方をすれば	0.773
ilv1	387	to put it ～/put ～	言うと	言うと	0.773
ilv1	388	be free from ～	～を免れている／～がない	～を免れている／～がない	0.683
ilv1	389	be free from/of ～	～がない	～がない	0.769
ilv1	390	be free of ～	～を含まない／～が免除されている	～を含まない／～が免除されている	0.952
ilv1	391	be free to do	自由に...する	自由に...する／好きなように...できる	0.952
ilv1	392	feel free to do	自由に...する	自由に...する／遠慮なく...する	0.769
ilv1	393	for free	無料で／ただで	無料で／ただで	0.769
ilv1	394	free up ～	～を空ける／～を自由化する	～を空ける／～を自由化する	0.769
ilv1	395	a number of ～	いくつもの～／かなり多くの～	いくつもの～／かなり多くの～	0.951
ilv1	396	do away with ～	～を廃止する／～を取り除く	～を廃止する／～を取り除く	1.318
ilv1	397	get away with ～	～をうまくやる／～を持ち逃げする	～をうまくやる／～を持ち逃げする	1.318
ilv1	398	give away ～	～をばらす／～を漏らす	～をばらす／～を漏らす	1.318
ilv1	399	keep away from ～	～から離れている／～に近づかない	～から離れている／～に近づかない	0.768
ilv1	400	right away	今すぐ／直ちに	今すぐ／直ちに	0.768
ilv1	401	the number of ～ （複数形）	～の数	～の数	0.768
ilv1	402	a lot of ～	多数の～ 多量の～	多数の～ 多量の～	0.767
ilv1	403	it is not until ～ that ～	～して初めて...する	～して初めて...する／～になって初めて…する	0.950
ilv1	404	one of these days	そのうち／近いうちに	そのうち／近いうちに	0.950
ilv1	405	play a part in ～	役割を果たす	役割を果たす／～において役割を果たす	0.767
ilv1	406	play down ～	～を重要でないように見せようとする	～を重要でないように見せようとする	0.681
ilv1	407	play out ～	展開する／徐々に進展する	展開する／徐々に進展する	0.767
ilv1	408	play up ～	～を誇張する／～を強調する	～を誇張する／～を強調する	0.767
ilv1	409	these days	近頃は／この頃は	近頃は／この頃は	0.767
ilv1	410	in the company of ～	～と一緒に	～と一緒に	0.765
ilv1	411	keep company with ～	～と交際する	～と交際する	0.765
ilv1	412	keep ～ company	～と一緒にいる／～の相手をする	～と一緒にいる／～の相手をする	0.765
ilv1	413	let down ～	～を失望させる／～の期待を裏切る	～を失望させる／～の期待を裏切る	1.132
ilv1	414	let go of ～	～を手放す／～をあきらめる	～を手放す／～をあきらめる	1.132
ilv1	415	let off	～を罰さない／釈放する	～を罰さない／釈放する	0.680
ilv1	416	let out ～	～を外に出す／～を出す	～を外に出す／～を出す	0.765
ilv1	417	let up	手を緩める／気を緩める	手を緩める／気を緩める	0.765
ilv1	418	let ～ in	～を中に入れる	～を中に入れる	0.765
ilv1	419	be different from ～	～とは違っている／～と違っている	～とは違っている／～と違っている	0.947
ilv1	420	having said that	そうは言ったものの	そうは言ったものの	0.764
ilv1	421	on second thought	考え直して／考え直してみて	考え直して／考え直してみて	0.764
ilv1	422	on second thought(s)	考え直して／やっぱり	考え直して／やっぱり	0.764
ilv1	423	set about ～	～を始める／start	～を始める／start	0.947
ilv1	424	set down ～	書き留める／～を書き留める	書き留める／～を書き留める	0.764
ilv1	425	set in	始まる／長引く	始まる／長引く	1.131
ilv1	426	set off ～	出発する／～を点火させる	出発する／～を点火させる	1.131
ilv1	427	set out	出発する／し始める	出発する／し始める	1.131
ilv1	428	set out to do ～	～し始める／～することに着手する	～し始める／～することに着手する	0.764
ilv1	429	set up ～	～を立てる／～を設置する	～を立てる／～を設置する	1.131
ilv1	430	set ～ free	～を解放する	～を解放する	0.764
ilv1	431	what is called ～	いわゆる～	いわゆる～	0.679
ilv1	432	in public	人前で／公然と	人前で／公然と	0.945
ilv1	433	on top of ～	～に加えて	～に加えて	0.761
ilv1	434	at times	時々／～ときどき	時々／～ときどき	0.943
ilv1	435	care about ～	～に関心がある／～を気にかける	～に関心がある／～を気にかける	0.943
ilv1	436	care for ～	～の世話をする／～を好む	～の世話をする／～を好む	0.943
ilv1	437	take care of ～	～の世話をする／～に気をつける	～の世話をする／～に気をつける	0.943
ilv1	438	with care	注意して／気をつけて	注意して／気をつけて	0.760
ilv1	439	anything but ～	全然～ではない／～どころではない	全然～ではない／～どころではない	0.942
ilv1	440	do nothing but do	単に...するだけである	単に...するだけである	0.759
ilv1	441	for nothing	無駄に／無料で	無駄に／無料で	0.942
ilv1	442	if anything	どちらかと言えば	どちらかと言えば／もしあるとしても	0.942
ilv1	443	in any case	どんな場合でも／いずれにせよ	どんな場合でも／いずれにせよ	0.675
ilv1	444	in case ～	もし…ならば／するといけないから	もし…ならば／するといけないから	0.759
ilv1	445	in person	じかに／自ら	じかに／自ら	0.942
ilv1	446	nothing but ～	～にすぎない／ただ～だけ	～にすぎない／ただ～だけ	0.942
ilv1	447	nothing is as ～ as A	Aほど～なものはない	Aほど～なものはない	0.759
ilv1	448	there is nothing for it but to do	するより仕方がない	するより仕方がない	0.759
ilv1	449	to say nothing of ～	～は言うまでもない	～は言うまでもない／～は言うまでもなく	0.942
ilv1	450	（just） in case （～）	念のため／～の場合に備えて	念のため／～の場合に備えて	0.759
ilv1	451	(enough) ～ to go around	全員に行き渡るだけの～	全員に行き渡るだけの～	0.758
ilv1	452	a case in point	適例／通例	適例／通例	0.758
ilv1	453	and yet	それにも関わらず	それにも関わらず	0.758
ilv1	454	as yet	今のところ／現時点では	今のところ／現時点では	0.758
ilv1	455	be full of ～	～に満ちている	～に満ちている	0.758
ilv1	456	for a change	気分転換に／たまには	気分転換に／たまには	0.758
ilv1	457	have yet to do	まだ～していない	まだ～していない／まだ...しない	1.124
ilv1	458	live a life	生活をする	生活をする	0.674
ilv1	459	live down	～を忘れる	～を忘れる	0.674
ilv1	460	live for ～	～のために生きる	～のために生きる	0.758
ilv1	461	live on ～	～を常食にする／～で生計を立てる	～を常食にする／～で生計を立てる	1.308
ilv1	462	live up to ～	～に添う／～を果たす	～に添う／～を果たす	1.124
ilv1	463	make a point of doing	必ず…するよう努力する	必ず…するよう努力する／必ず～することにしている	0.758
ilv1	464	point out that ～	だと指摘する	だと指摘する	0.758
ilv1	465	point out ～	～を指摘する	～を指摘する	0.758
ilv1	466	point to ～	～を示す／～を指摘する	～を示す／～を指摘する	0.758
ilv1	467	read off ～	～を読み上げる	～を読み上げる	0.674
ilv1	468	to the point	要を得た／適切な	要を得た／適切な	0.941
ilv1	469	to the point of ～	～まで	～まで	0.758
ilv1	470	～ enough to do	するのに十分～ ...できるくらい～	するのに十分～ ...できるくらい～	0.758
ilv1	471	(every) once in a while	～ときどき	～ときどき／occasionally	0.756
ilv1	472	all at once	突然	突然	0.756
ilv1	473	at once	すぐに／同時に	すぐに／同時に	0.940
ilv1	474	for once	今回だけは／１回でいいから	今回だけは／１回でいいから	0.756
ilv1	475	go bad	腐る	腐る	0.756
ilv1	476	once (and) for all	きっぱりと／これを最後に	きっぱりと／これを最後に	1.123
ilv1	477	once in a while	時々／たまに	時々／たまに	0.756
ilv1	478	tell off	～を叱る／～にどなる	～を叱る／～にどなる	0.673
ilv1	479	tell on ～	～を言いつける	～を言いつける／～のことを告げ口する	0.756
ilv1	480	stop over	立ち寄る／一時滞在する	立ち寄る／一時滞在する	0.672
ilv1	481	stop up	～を詰まらせる／ふさぐ	～を詰まらせる／ふさぐ	0.672
ilv1	482	water down	～の内容を薄める	～の内容を薄める／～に手心を加える	0.672
ilv1	483	be based on ～	～に基づいている	～に基づいている	0.754
ilv1	484	believe in ～	～を信じる／～の正当性を信じる	～を信じる／～の正当性を信じる	0.937
ilv1	485	believe it or not	まさかと思うような話だが	まさかと思うような話だが	0.754
ilv1	486	call at ～	～にちょっと立ち寄る	～にちょっと立ち寄る	0.754
ilv1	487	call back ～	～に折り返し電話する	～に折り返し電話する／～に電話をかけ直す	0.754
ilv1	488	call for ～	～を必要とする／～を要求する	～を必要とする／～を要求する	1.304
ilv1	489	call it a day	その日の仕事を終える	その日の仕事を終える／今日はもう終わり	0.937
ilv1	490	call off ～	～を中止する／～とりやめる	～を中止する／～とりやめる	1.120
ilv1	491	call on ～	～を訪ねる／～に頼む	～を訪ねる／～に頼む	0.671
ilv1	492	call up ～	電話をかける／～を呼び起こす	電話をかける／～を呼び起こす	0.937
ilv1	493	give ～ a call	～に電話をかける	～に電話をかける	0.754
ilv1	494	head off to	～を阻止する／進む	～を阻止する／進む	0.671
ilv1	495	head off ～	～を阻止する／～を回避する	～を阻止する／～を回避する	0.671
ilv1	496	head out	出かける／出発する	出かける／出発する	0.754
ilv1	497	make believe	ふりをする／～のふりをする	ふりをする／～のふりをする	0.754
ilv1	498	make believe (that ～)	ふりをする	ふりをする	0.754
ilv1	499	what we call	いわゆる	いわゆる	0.754
ilv1	500	what we call/what is called ～	いわゆる～	いわゆる～	0.671
ilv1	501	as far as ～	まで ...する限りでは	まで ...する限りでは	0.752
ilv1	502	as if/though ～	まるで…するように	まるで…するように	0.752
ilv1	503	as though ～	まるで...かのように	まるで...かのように	0.752
ilv1	504	by far	ずっと／ずばぬけて	ずっと／ずばぬけて	0.936
ilv1	505	far from ～	～からほど遠い／～どころではない	～からほど遠い／～どころではない	0.936
ilv1	506	give ～ a try	～を試してみる／挑戦してみる	～を試してみる／挑戦してみる	0.936
ilv1	507	go so far as to do	しさえする／～までする	しさえする／～までする	1.119
ilv1	508	on the ～ side	～気味で	～気味で	0.752
ilv1	509	so far	これまでのところは／今のところ	これまでのところは／今のところ	1.119
ilv1	510	try on ～	～を試着する	～を試着する	0.936
ilv1	511	try out ～	～を試してみる／～をテストする	～を試してみる／～をテストする	0.752
ilv1	512	try to do	しようとする ...しようと試みる	しようとする ...しようと試みる	0.752
ilv1	513	in order	整頓されて／順調で	整頓されて／順調で	0.934
ilv1	514	in order that S may ～	するために	するために	0.751
ilv1	515	in order to do	するために	するために	0.751
ilv1	516	in order/so as to do	するために	するために	0.669
ilv1	517	in the long run	長い目で見れば／結局は	長い目で見れば／結局は	1.118
ilv1	518	later on	あとで／あとになって	あとで／あとになって	0.751
ilv1	519	more or less	多かれ少なかれ／程度の差はあれ	多かれ少なかれ／程度の差はあれ	0.934
ilv1	520	much less ～	まして～ない	まして～ない	0.751
ilv1	521	much/still less ～	まして～はない	まして～はない	0.669
ilv1	522	no less than ～	～も	～も	0.751
ilv1	523	not less than ～	少なくとも～	少なくとも～	0.751
ilv1	524	nothing less than ～	～にほかならない	～にほかならない	0.751
ilv1	525	out of order	故障して／順序がくるって	故障して／順序がくるって	0.934
ilv1	526	read between the line	行間を読む／真意をつかむ	行間を読む／真意をつかむ	0.669
ilv1	527	run against ～	～に不利になる	～に不利になる	0.669
ilv1	528	run down ～	～をひく／～をはねる	～をひく／～をはねる	0.751
ilv1	529	run for ～	～に立候補する／～に出馬する	～に立候補する／～に出馬する	0.934
ilv1	530	run into ～	～に偶然出会う／～を偶然見つける	～に偶然出会う／～を偶然見つける	0.934
ilv1	531	run out	使い果たす／尽きる	使い果たす／尽きる	0.751
ilv1	532	run out of ～	～を切らす／～がなくなる	～を切らす／～がなくなる	0.934
ilv1	533	run over ～	～をひく／～を考えてみる	～をひく／～を考えてみる	0.934
ilv1	534	run through ～	～をざっと調べる	～をざっと調べる／ざっと～を読み上げる	0.751
ilv1	535	in general	一般に／一般の	一般に／一般の	0.932
ilv1	536	as a whole	全体として	全体として	0.931
ilv1	537	get together ～	集まる／～を集める	集まる／～を集める	0.747
ilv1	538	on the whole	概して／全体的には	概して／全体的には	1.114
ilv1	539	put together ～	～を組み立てる／～をまとめる	～を組み立てる／～をまとめる	0.747
ilv1	540	face off	対決する	対決する	0.746
ilv1	541	in (the) face of ～	～に直面して／～にもかかわらず	～に直面して／～にもかかわらず	0.929
ilv1	542	kind of	いくぶん／ちょっと	いくぶん／ちょっと	0.746
ilv1	543	make a face	顔をしかめる	顔をしかめる	0.746
ilv1	544	on the face of it	見たところは／表面上は	見たところは／表面上は	0.929
ilv1	545	at least	少なくとも	少なくとも	0.928
ilv1	546	by all means	ぜひとも／必ず	ぜひとも／必ず	0.928
ilv1	547	by means of ～	～によって／～を用いて	～によって／～を用いて	1.111
ilv1	548	by no means	決して～ない／全然～ない	決して～ない／全然～ない	0.928
ilv1	549	hope for ～	～を望む	～を望む	0.745
ilv1	550	in the course of ～	～の間に／～の過程で	～の間に／～の過程で	0.745
ilv1	551	last but not least	最後になったが	最後になったが	0.745
ilv1	552	not ～ in the least	まったく～ない	まったく～ない	0.928
ilv1	553	to say the least	控えめに言っても	控えめに言っても	0.664
ilv1	554	to say the least (of it)	控えめに言っても	控えめに言っても	0.745
ilv1	555	early on	早い時期に／早くから	早い時期に／早くから	0.927
ilv1	556	make friends with ～	～と親しくなる／～と友達になる	～と親しくなる／～と友達になる	0.927
ilv1	557	thanks to ～	～のおかげで	～のおかげで	0.927
ilv1	558	talk A into doing ～	Aを説得して～させる	Aを説得して～させる／～するようにAを説得する	0.742
ilv1	559	talk down to A	Aを見下した調子で話す	Aを見下した調子で話す	0.662
ilv1	560	talk up ～	～を実際よりよいように説明する	～を実際よりよいように説明する／～を実際以上に興味深いもののように話す	0.742
ilv1	561	talk～into doing	～に説得する	～に説得する	0.662
ilv1	562	(at) first hand	じかに／直接に	じかに／直接に	0.924
ilv1	563	(on (the) one hand ～,) on the other hand ～	他方では	他方では	0.741
ilv1	564	as is often the case (with ～)	よくあることだが	よくあることだが	0.924
ilv1	565	as often as not	たいてい／しばしば	たいてい／しばしば	0.741
ilv1	566	at hand	すぐ近くに	すぐ近くに	0.661
ilv1	567	by hand	人の手で／手書きで	人の手で／手書きで	0.924
ilv1	568	give (人) a hand	～に手を貸す／～の手助けをする	～に手を貸す／～の手助けをする	0.741
ilv1	569	give ～ a hand	～に手を貸す	～に手を貸す	0.661
ilv1	570	given ～	～を考慮すれば／なので	～を考慮すれば／なので	0.741
ilv1	571	hand down ～	～を伝える／～を手渡す	～を伝える／～を手渡す	1.107
ilv1	572	hand in ～	～を提出する	～を提出する	0.661
ilv1	573	hand off ～	～を任せる／～を手渡す	～を任せる／～を手渡す	0.741
ilv1	574	hand over ～	～を引き渡す／～を手渡す	～を引き渡す／～を手渡す	0.741
ilv1	575	have ～ in mind	～のことを思っている	～のことを思っている	0.741
ilv1	576	have ～ on one's mind	～のことを気にかける	～のことを気にかける／～を心配している	0.924
ilv1	577	in fact	実は／実際には	実は／実際には	0.924
ilv1	578	keep ～ in mind	～のことを心に留めておく	～のことを心に留めておく	0.741
ilv1	579	level off	横ばいになる／成長が止まる	横ばいになる／成長が止まる	0.741
ilv1	580	make up one's mind	決心をする／決心する	決心をする／決心する	0.924
ilv1	581	more often than not	たいてい／しばしば	たいてい／しばしば	0.924
ilv1	582	on the other hand	他方では／これに反して	他方では／これに反して	0.924
ilv1	583	out of hand	手に負えない／即座に	手に負えない／即座に	0.741
ilv1	584	single out ～	～を選び出す／～を運び出す	～を選び出す／～を運び出す	1.107
ilv1	585	with ～ in mind	～を考慮して	～を考慮して	0.741
ilv1	586	would (often) do	したものだ	したものだ	0.741
ilv1	587	(It is) True ～, but ～	確かに～だが／だ	確かに～だが／だ	0.740
ilv1	588	be true of ～	～に当てはまる／～に当てはめる	～に当てはまる／～に当てはめる	0.923
ilv1	589	be true to ～	～に忠実である	～に忠実である	0.740
ilv1	590	become of ～	～に由来する／ ～はどうなるか	～に由来する／ ～はどうなるか	0.923
ilv1	591	come true	実現する	実現する	0.923
ilv1	592	out of (one's) control	制御できなくて	制御できなくて	0.740
ilv1	593	pay off ～	実を結ぶ／～を全部支払う	実を結ぶ／～を全部支払う	0.740
ilv1	594	take control of ～	～を制御する	～を制御する	0.740
ilv1	595	take office	就任する	就任する	0.740
ilv1	596	true for	～に当てはまる	～に当てはまる	0.740
ilv1	597	true to life	実物そっくり	実物そっくり	0.740
ilv1	598	under control	制御下に／管理下に	制御下に／管理下に	0.740
ilv1	599	～ to death	死ぬまで～／ひどく～	死ぬまで～／ひどく～	0.740
ilv1	600	Something is wrong with ～.	～はどこか調子がおかしい	～はどこか調子がおかしい	0.738
ilv1	601	at large	逃走中で／一般の	逃走中で／一般の	0.922
ilv1	602	be known for ～	～で知られている	～で知られている	0.738
ilv1	603	be known to ～	～に知られている	～に知られている	0.659
ilv1	604	by and large	概して／全般的に	概して／全般的に	1.105
ilv1	605	get lost	消える／迷う	消える／迷う	0.922
ilv1	606	go wrong (with ～)	うまくいかない	うまくいかない	0.738
ilv1	607	win over ～	～を説得する	～を説得する／～を説得して味方につける	0.738
ilv1	608	all along	最初からずっと	最初からずっと	0.920
ilv1	609	along with ～	～と一緒に／～に加えて	～と一緒に／～に加えて	0.737
ilv1	610	as a matter of course	当然のことながら	当然のことながら／当然のこととして	0.920
ilv1	611	as a matter of fact	実を言うと／実際は	実を言うと／実際は	1.104
ilv1	612	come along	はかどる／進展する	はかどる／進展する	0.658
ilv1	613	for that matter	さらに言えば	さらに言えば	0.737
ilv1	614	get along	暮らす／やっていく	暮らす／やっていく	0.658
ilv1	615	get along (with ～)	うまくやっていく／暮らしていく	うまくやっていく／暮らしていく	0.737
ilv1	616	go along with	～に同意する／賛同する	～に同意する／賛同する	0.658
ilv1	617	no matter how (S) may ～	どんなに...であろうと	どんなに...であろうと	0.737
ilv1	618	no matter what (may) ～	たとえ何が...しようと	たとえ何が...しようと	0.737
ilv1	619	remember doing	したのを覚えている	したのを覚えている	0.737
ilv1	620	remember to do	忘れずに…する	忘れずに…する	0.920
ilv1	621	air out ～	～を換気する／～を外気に当てる	～を換気する／～を外気に当てる	0.736
ilv1	622	hit it off (with～)	仲良くなる	仲良くなる	0.736
ilv1	623	hit on ～	～を思いつく	～を思いつく	0.657
ilv1	624	in the air	未決定で／空中で	未決定で／空中で	0.919
ilv1	625	on the air	放送されて／放送中の	放送されて／放送中の	0.919
ilv1	626	as ～ as possible	できるだけ～／できる限り～	できるだけ～／できる限り～	0.734
ilv1	627	as ～ as possible/one can	できる限り～	できる限り～	0.656
ilv1	628	close in	追ってくる／包囲する	追ってくる／包囲する	0.734
ilv1	629	come close to doing	もう少しで…しそうになる	もう少しで…しそうになる	0.656
ilv1	630	come to an end/a close	終わる	終わる	0.656
ilv1	631	have no idea	見当がつかない	見当がつかない	0.734
ilv1	632	when it comes to ～	～のこととなると	～のこととなると／～をする段になると	0.918
ilv1	633	A as well as B	BだけでなくAも	BだけでなくAも	0.916
ilv1	634	A is not ～ any more than B is ～	Bが...でないのと同様にAは～ない	Bが...でないのと同様にAは～ない	0.733
ilv1	635	A is one thing, and B is another	AとBとは別の物である	AとBとは別の物である	0.733
ilv1	636	A, and B at that	Aだ／その上Bでもある	Aだ／その上Bでもある	0.733
ilv1	637	Nothing is more A than B.	BほどAなものはない	BほどAなものはない	0.733
ilv1	638	be due to do	～のためである／～する予定である	～のためである／～する予定である	0.733
ilv1	639	both A and B	AもBも AとBの両方	AもBも AとBの両方	0.733
ilv1	640	due to ～	～のために／～のせいで	～のために／～のせいで	0.655
ilv1	641	give A over to B	AをBに預ける／AをBに引き渡す	AをBに預ける／AをBに引き渡す	0.655
ilv1	642	hand out A (to B)	Aを配る	Aを配る	0.655
ilv1	643	have A to do with B	ＢとＡの関係がある	ＢとＡの関係がある	0.733
ilv1	644	help A with B	AのBを手伝う／AをBで助ける	AのBを手伝う／AをBで助ける	0.733
ilv1	645	in question	問題になっている／当の	問題になっている／当の	0.655
ilv1	646	keep A from B	AにBをさせない／AをBから守る	AにBをさせない／AをBから守る	0.733
ilv1	647	look on A as B	AをBであるとみなす	AをBであるとみなす	0.733
ilv1	648	make A (out) of B	BでAを作る	BでAを作る	0.733
ilv1	649	make A from B	BからAを作る	BからAを作る	0.733
ilv1	650	name A after B	AをBにちなんで名づける	AをBにちなんで名づける	0.655
ilv1	651	not A but B	AではなくBである	AではなくBである	0.733
ilv1	652	not only A but (also) B	AだけでなくBも	AだけでなくBも	0.916
ilv1	653	not so much A as B	AというよりむしろB	AというよりむしろB	0.916
ilv1	654	on the move	移動中の／活躍中の	移動中の／活躍中の	0.916
ilv1	655	order A from B	BにAを注文する	BにAを注文する	0.733
ilv1	656	out of the question	問題外の／まったく不可能な	問題外の／まったく不可能な	1.100
ilv1	657	pay (A) for B	Bの代金を支払う	Bの代金を支払う	0.733
ilv1	658	put A through (to B)	Aの電話をつなぐ	Aの電話をつなぐ	0.655
ilv1	659	see A as B	AをBとみなす	AをBとみなす	0.733
ilv1	660	show A around B	AにBを案内して回る	AにBを案内して回る	0.733
ilv1	661	take A as B	AをBとみなす	AをBとみなす	0.733
ilv1	662	take A for B	AをBだと思う	AをBだと思う	0.733
ilv1	663	talk A into B	Aを説得してBをさせる	Aを説得してBをさせる	0.655
ilv1	664	tell A from B	AとBを区別する	AとBを区別する	0.916
ilv1	665	think of A as B	AをBと見なす	AをBと見なす	0.733
ilv1	666	what with A and (what with) B	AやらBやらで	AやらBやらで	0.733
ilv1	667	what with A and B	AやらBやらで	AやらBやらで	0.655
ilv1	668	ask A for B	AにBを求める	AにBを求める	0.732
ilv1	669	ask for ～	～を求める／～とのを求める	～を求める／～とのを求める	0.915
ilv1	670	be late for ～	～に遅れる	～に遅れる	0.732
ilv1	671	it won't be long before ～	すぐに...だろう	すぐに...だろう	0.732
ilv1	672	leave A (up) to B	AをBに任せる／AをBに残す	AをBに任せる／AをBに残す	0.732
ilv1	673	leave off ～	やめる／中断する	やめる／中断する	0.732
ilv1	674	leave out	～を省く／除外する	～を省く／除外する	0.732
ilv1	675	of late	最近／近ごろ	最近／近ごろ	0.732
ilv1	676	watch out (for ～)	気をつける／用心する	気をつける／用心する	0.915
ilv1	677	watch over ～	～を見守る／～の世話をする	～を見守る／～の世話をする	0.732
ilv1	678	A is to B what C is to D	AとBの関係はCとDの関係に等しい	AとBの関係はCとDの関係に等しい	0.914
ilv1	679	be here to stay	定着している	定着している	0.731
ilv1	680	come to light	明るみに出る／明らかになる	明るみに出る／明らかになる	0.914
ilv1	681	either A or B	AかBのどちらか AまたはB	AかBのどちらか AまたはB	0.731
ilv1	682	in (the) light of ～	～から見て／～を考慮して	～から見て／～を考慮して	0.731
ilv1	683	in short	手短に言うと／つまりは	手短に言うと／つまりは	1.097
ilv1	684	in the future	将来／今後	将来／今後	0.914
ilv1	685	name A (B) after C	CにちなんでAを名づける	CにちなんでAを名づける	0.731
ilv1	686	not ～ either	～も...ない	～も...ない	0.731
ilv1	687	nothing short of ～	～にほかならない／まさしく～	～にほかならない／まさしく～	0.914
ilv1	688	short of ～	～が不足している	～が不足している／～に達していない	0.914
ilv1	689	stay away from ～	～に近づかない／～を欠席する	～に近づかない／～を欠席する	0.731
ilv1	690	stay off ～	～を控える／～を食べない	～を控える／～を食べない	0.731
ilv1	691	stay up	寝ないでいる／夜更かしをする	寝ないでいる／夜更かしをする	0.914
ilv1	692	The reason is that ～	その理由は...だからだ	その理由は...だからだ	0.729
ilv1	693	a great deal	かなりたくさん	かなりたくさん	0.729
ilv1	694	a great/good deal	たくさん	たくさん	0.652
ilv1	695	as soon as ～	するやいなや	するやいなや	0.913
ilv1	696	buy out	～の事業を買い取る	～の事業を買い取る	0.652
ilv1	697	buy up	～を買い占める	～を買い占める	0.652
ilv1	698	come of age	成人に達する／大人になる	成人に達する／大人になる	0.913
ilv1	699	deal in ～	～に従事する／～を取り扱う	～に従事する／～を取り扱う	1.096
ilv1	700	deal out	～を分配する	～を分配する	0.652
ilv1	701	deal with ～	～を処理する／～に対処する	～を処理する／～に対処する	0.913
ilv1	702	in turn	徐々に／次に	徐々に／次に	1.096
ilv1	703	it doesn't matter whether ～	かどうかは問題〔重要」ではない	かどうかは問題〔重要」ではない	0.729
ilv1	704	turn A into B	ＡをＢに変える	ＡをＢに変える	0.729
ilv1	705	turn around ～	好転する／～を好転させる	好転する／～を好転させる	0.729
ilv1	706	turn away ～	～を追い払う／～を中に入れない	～を追い払う／～を中に入れない	0.729
ilv1	707	turn down ～	～を断る／～を却下する	～を断る／～を却下する	1.096
ilv1	708	turn in ～	～を提出する／寝る	～を提出する／寝る	1.096
ilv1	709	turn into ～	～に変わる／～になる	～に変わる／～になる	0.729
ilv1	710	turn off ～	～を消す／～を止める	～を消す／～を止める	0.913
ilv1	711	turn on ～	～をつける／～を出す	～をつける／～を出す	0.913
ilv1	712	turn out	～であることが分かる	～であることが分かる／であることがわかる	1.096
ilv1	713	turn over ～	～を引き渡す／～を譲る	～を引き渡す／～を譲る	0.729
ilv1	714	turn to ～	～に頼る／～の方へ向く	～に頼る／～の方へ向く	1.096
ilv1	715	turn up	現れる／起こる	現れる／起こる	1.096
ilv1	716	whether to do	すべきかどうか	すべきかどうか	0.729
ilv1	717	would rather do (than ～)	むしろ…したい	むしろ…したい	0.652
ilv1	718	would rather ～ than ～	するよりむしろ～したい	するよりむしろ～したい	0.652
ilv1	719	would/had rather do (than ～)	むしろ…したい	むしろ…したい	0.652
ilv1	720	at heart	心の底では／本当は	心の底では／本当は	0.911
ilv1	721	check off ～	～にチェックマークをつける	～にチェックマークをつける／～にチェック済みの印をつける	0.728
ilv1	722	check out ～	～を見てみる／～を調査する	～を見てみる／～を調査する	0.728
ilv1	723	check up on	～の行動を調べる／様子を見る	～の行動を調べる／様子を見る	0.651
ilv1	724	know ～ by heart	～をそらで覚えている	～をそらで覚えている／～を暗記している	0.728
ilv1	725	act on ～	～に基づいて行動する	～に基づいて行動する／～に作用する	0.910
ilv1	726	act out ～	～を演じてみせる	～を演じてみせる／～を身振りで実演する	0.727
ilv1	727	act up	再発する／不調である	再発する／不調である	0.650
ilv1	728	fire up ～	～始動させる／気合が入っている	～始動させる／気合が入っている	0.727
ilv1	729	major in ～	～を専攻する	～を専攻する	0.910
ilv1	730	make a living	収入を得る／生計を立てる	収入を得る／生計を立てる	0.650
ilv1	731	make fun of ～	～をからかう／からかう	～をからかう／からかう	1.093
ilv1	732	behind the times	時代遅れの	時代遅れの	0.909
ilv1	733	close/near at hand	すぐ近くに	すぐ近くに	0.725
ilv1	734	come close/near to doing	もう少しで…しそうになる	もう少しで…しそうになる	0.649
ilv1	735	in the works	準備中で	準備中で	0.725
ilv1	736	leave behind	～を置き忘れる／残していく	～を置き忘れる／残していく	0.725
ilv1	737	quite a few ～	かなりの数の～／かなり多くの	かなりの数の～／かなり多くの	0.909
ilv1	738	quite a little ～	かなり多量の～ かなりの～	かなり多量の～ かなりの～	0.725
ilv1	739	take it easy	気楽にやる／休養を取る	気楽にやる／休養を取る	1.092
ilv1	740	according to ～	～によれば／～に応じて	～によれば／～に応じて	1.091
ilv1	741	be ready for ～	～の準備ができている	～の準備ができている	0.724
ilv1	742	be ready to do	する用意ができている ...する覚悟がある	する用意ができている ...する覚悟がある	0.724
ilv1	743	get ready for ～	～の準備をする	～の準備をする	0.724
ilv1	744	bring A home to B	AをBに痛感させる	AをBに痛感させる／AをBに分からせる	1.089
ilv1	745	bring about ～	～を引き起こす／～をもたらす	～を引き起こす／～をもたらす	1.273
ilv1	746	bring down ～	～を倒す	～を倒す	0.647
ilv1	747	bring off ～	～をやってのける	～をやってのける／～をうまく成し遂げる	0.723
ilv1	748	bring on ～	～をもたらす	～をもたらす	0.647
ilv1	749	bring oneself to do	～する気になる／する気持ちになる	～する気になる／する気持ちになる	1.089
ilv1	750	bring out ～	～を引き出す／～を持ち出す	～を引き出す／～を持ち出す	0.723
ilv1	751	bring up ～	～を育てる／～を持ち出す	～を育てる／～を持ち出す	0.906
ilv1	752	bring ～ into being	～を生み出す／～を産む	～を生み出す／～を産む	0.723
ilv1	753	bring ～ to an end	～を終わらせる	～を終わらせる	0.723
ilv1	754	bring ～ to light	～を明るみに出す	～を明るみに出す	0.723
ilv1	755	meet with ～	～を受ける／～を経験する	～を受ける／～を経験する	0.723
ilv1	756	by any chance	もしかして	もしかして	0.722
ilv1	757	by chance	たまたま／偶然	たまたま／偶然	0.905
ilv1	758	in a word	要するに／一言で言えば	要するに／一言で言えば	0.905
ilv1	759	keep one's word	約束を守る	約束を守る	0.722
ilv1	760	take a chance	思い切ってやってみる	思い切ってやってみる	0.722
ilv1	761	take one's word for it	～の言うことを信じる	～の言うことを信じる	0.722
ilv1	762	clear out ～	～をきれいにする	～をきれいにする／～の中身を出してきれいに片付ける	0.720
ilv1	763	clear up ～	晴れる／～を解く	晴れる／～を解く	1.087
ilv1	764	come across	～に偶然出会う／～を偶然見つける	～に偶然出会う／～を偶然見つける	0.904
ilv1	765	get ～ across	～を伝える／分かってもらう	～を伝える／分かってもらう	0.720
ilv1	766	in other words	言い換えれば／すなわち	言い換えれば／すなわち	0.904
ilv1	767	run across ～	～を偶然見つける／～に偶然で会う	～を偶然見つける／～に偶然で会う	0.720
ilv1	768	at all cost(s)/any cost	ぜひとも	ぜひとも	0.644
ilv1	769	at all cost(s)/at any cost	どんな代償を払っても／ぜひとも	どんな代償を払っても／ぜひとも	0.644
ilv1	770	at the cost of ～	～を犠牲にして	～を犠牲にして	0.719
ilv1	771	at the moment	現在／現在は	現在／現在は	0.902
ilv1	772	be cut out for ～	～に向いている／～に適している	～に向いている／～に適している	0.719
ilv1	773	be cut out to be ～	～に向いている	～に向いている	0.644
ilv1	774	cut back	削減する	削減する	0.644
ilv1	775	cut back (on) ～	～を減らす／～を切り詰める	～を減らす／～を切り詰める	0.719
ilv1	776	cut down	減らす	減らす	0.644
ilv1	777	cut down on	～を減らす／削減する	～を減らす／削減する	0.644
ilv1	778	cut down/back (on) ～	～を減らす／～を切り詰める	～を減らす／～を切り詰める	0.644
ilv1	779	cut in	割り込む／口をはさむ	割り込む／口をはさむ	0.902
ilv1	780	down the road	やがては／将来は	やがては／将来は	0.719
ilv1	781	instead of ～	～の代わりに	～の代わりに	0.719
ilv1	782	it seems that ～	～のように見える	～のように見える	0.719
ilv1	783	on board ～	～に乗って／乗って	～に乗って／乗って	0.902
ilv1	784	the moment ～	するとすぐに ...した瞬間に	するとすぐに ...した瞬間に	0.719
ilv1	785	at issue	論争中の／懸案となっている	論争中の／懸案となっている	0.901
ilv1	786	force down ～	～を抑える／～を無理やり飲み込む	～を抑える／～を無理やり飲み込む	0.718
ilv1	787	hear from ～	～から便りがある	～から便りがある	0.901
ilv1	788	hear of ～	～のうわさを聞く	～のうわさを聞く	0.718
ilv1	789	rest on	～に基づく／～に頼る	～に基づく／～に頼る	0.718
ilv1	790	date back to ～	～にさかのぼる／～に始まる	～にさかのぼる／～に始まる	0.900
ilv1	791	date from ～	～から始まる／～にさかのぼる	～から始まる／～にさかのぼる	0.716
ilv1	792	it goes without saying that ～	は言うまでもない	は言うまでもない／なのは言うまでもない	0.900
ilv1	793	miss out	～を逃す／～を取り逃す	～を逃す／～を取り逃す	0.642
ilv1	794	miss out on ～	～を逃す／～を逸する	～を逃す／～を逸する	0.716
ilv1	795	out of date	時代遅れの	時代遅れの	0.900
ilv1	796	to date	現在まで	現在まで	0.716
ilv1	797	up to date	最新の／現代的な	最新の／現代的な	1.083
ilv1	798	account for ～	～を占める／～の説明となる	～を占める／～の説明となる	1.082
ilv1	799	be all eyes	一心に見る	一心に見る	0.715
ilv1	800	be similar to ～	～と似ている／～に似ている	～と似ている／～に似ている	0.898
ilv1	801	on account of ～	～のために	～のために	0.715
ilv1	802	take account of ～	～を考慮に入れる	～を考慮に入れる	0.715
ilv1	803	take ～ into account	～を考慮に入れる	～を考慮に入れる	0.898
ilv1	804	X times as ～ as ～	のX倍～	のX倍～	0.714
ilv1	805	above all (else)	～とりわけ／特に	～とりわけ／特に	0.897
ilv1	806	be likely to do	しそうである	しそうである	0.714
ilv1	807	have A in common (with B)	共通にAを持っている	共通にAを持っている	0.714
ilv1	808	have ～ in common (with ～)	共通の～を持つ／～を共有している	共通の～を持つ／～を共有している	0.640
ilv1	809	lead to ～	～を引き起こす／～へと通じる	～を引き起こす／～へと通じる	0.897
ilv1	810	live/lead a ～ life	～の生活をする	～の生活をする	0.714
ilv1	811	share A with B	AをBと共有する／分かち合う	AをBと共有する／分かち合う	0.714
ilv1	812	a couple of ～	2／3の	2／3の	0.896
ilv1	813	come into view	見えるようになる／目に入る	見えるようになる／目に入る	0.713
ilv1	814	from ～ point of view	～の視点から	～の視点から	0.713
ilv1	815	happen on	～を偶然見つける／～に出くわす	～を偶然見つける／～に出くわす	0.639
ilv1	816	happen to do	たまたま...する／偶然…する	たまたま...する／偶然…する	0.896
ilv1	817	hold A by the B	AのBをつかむ	AのBをつかむ	0.713
ilv1	818	hold back ～	～を隠す／～を抑える	～を隠す／～を抑える	1.079
ilv1	819	hold down	～を押さえつける／～を抑える	～を押さえつける／～を抑える	0.639
ilv1	820	hold off ～	すぐにしない／～を引き延ばす	すぐにしない／～を引き延ばす	0.713
ilv1	821	hold on	持ちこたえる／頑張る	持ちこたえる／頑張る	0.896
ilv1	822	hold on to ～	～を手離さないでいる／～がんばる	～を手離さないでいる／～がんばる	0.713
ilv1	823	hold out ～	～を差し出す／～を抱かせる	～を差し出す／～を抱かせる	0.896
ilv1	824	hold over ～	続映される／～を持ち越す	続映される／～を持ち越す	0.713
ilv1	825	hold true	当てはまる／適用できる	当てはまる／適用できる	1.079
ilv1	826	hold up ～	～を持ち上げる／～を支える	～を持ち上げる／～を支える	0.713
ilv1	827	hold/keep ～ in check	～を抑える	～を抑える	0.713
ilv1	828	in a sense	ある意味で／ある意味では	ある意味で／ある意味では	0.896
ilv1	829	in private	個人的に	個人的に	0.713
ilv1	830	in return	お返しに	お返しに	0.713
ilv1	831	in return for ～	～のお返しに	～のお返しに	0.713
ilv1	832	in the sense that ～	するという点で	するという点で	0.713
ilv1	833	in view of ～	～を考慮して	～を考慮して	0.713
ilv1	834	inside out	裏返して／ひっくり返して	裏返して／ひっくり返して	0.896
ilv1	835	make sense	道理にかなう／意味を成す	道理にかなう／意味を成す	0.896
ilv1	836	make sense of ～	～を理解する	～を理解する	0.713
ilv1	837	take hold of ^	～をつかむ／～を捕まえる	～をつかむ／～を捕まえる	0.713
ilv1	838	view A as B	AをBとみなす	AをBとみなす	0.713
ilv1	839	with a view to doing	する目的で	する目的で	0.639
ilv1	840	Give me a break.	よしてくれ	よしてくれ	0.711
ilv1	841	S wish ～	であればよいのに	であればよいのに	0.711
ilv1	842	as a result	結果として	結果として	0.895
ilv1	843	at present	現在は／目下	現在は／目下	1.078
ilv1	844	break away from ～	～を断つ／～を抜け出す	～を断つ／～を抜け出す	0.711
ilv1	845	break down ～	故障する／～を消化する	故障する／～を消化する	1.078
ilv1	846	break in on	～に口をはさむ／割り込む	～に口をはさむ／割り込む	0.638
ilv1	847	break in ～	押し入る／口を挟む	押し入る／口を挟む	0.895
ilv1	848	break into ～	～に侵入する／急に～をしだす	～に侵入する／急に～をしだす	0.895
ilv1	849	break off ～	～を急にやめる／～をもぎ取る	～を急にやめる／～をもぎ取る	1.078
ilv1	850	break out	起こる／出る	起こる／出る	1.078
ilv1	851	break up ～	～をばらばらにする／終わる	～をばらばらにする／終わる	0.895
ilv1	852	feel sorry for ～	～を気の毒に思う／～に同情する	～を気の毒に思う／～に同情する	0.711
ilv1	853	for the present	差し当たり／～とりあえず今は	差し当たり／～とりあえず今は	0.895
ilv1	854	in any case/event	～とにかく／いずれにしても	～とにかく／いずれにしても	0.711
ilv1	855	in any event	いずれにせよ／～とにかく	いずれにせよ／～とにかく	0.711
ilv1	856	in the event of ～	～の場合には	～の場合には	0.638
ilv1	857	it takes 時間 for 人 to do	～が...するのに～かかる	～が...するのに～かかる	0.711
ilv1	858	present A with B	AにBを見せる AにBを贈る	AにBを見せる AにBを贈る／AにBを贈る	0.895
ilv1	859	present oneself	出頭する／出席する	出頭する／出席する	0.638
ilv1	860	result from ～	～から生じる／～から起こる	～から生じる／～から起こる	0.895
ilv1	861	result in ～	～という結果になる	～という結果になる	0.711
ilv1	862	take a break	休憩する	休憩する	0.711
ilv1	863	answer for ～	～の責任を負う／～の責任を取る	～の責任を負う／～の責任を取る	0.710
ilv1	864	be of interest	興味深い	興味深い	0.710
ilv1	865	learn ～ by heart	～を暗記する	～を暗記する	0.710
ilv1	866	bank on	～を当てにする／～に頼る	～を当てにする／～に頼る	0.636
ilv1	867	be certain of ～	～を確信している	～を確信している	0.709
ilv1	868	be worth doing	する価値がある	する価値がある	0.636
ilv1	869	change hands	持ち主が変わる	持ち主が変わる	0.709
ilv1	870	for sure/certain	確かに	確かに	0.709
ilv1	871	leave ～ alone	～をそのままにしておく	～をそのままにしておく／～に干渉しない	0.892
ilv1	872	let alone ＝ still less	ましてや?ない	ましてや?ない	0.709
ilv1	873	let alone ～	～は言うまでもなく／ましてや～	～は言うまでもなく／ましてや～	1.075
ilv1	874	no longer ～	もはや...ない／もはや～ない	もはや...ない／もはや～ない	0.892
ilv1	875	on (the ) average	平均して／概して	平均して／概して	0.709
ilv1	876	on the/an average	平均して	平均して	0.709
ilv1	877	play a role/part (in ～)	役割を演じる	役割を演じる	0.636
ilv1	878	press for	～を強く求める／迫る	～を強く求める／迫る	0.636
ilv1	879	provide A with B	AにBを供給する	AにBを供給する	0.707
ilv1	880	provide B for A	AにBを供給する／提供する	AにBを供給する／提供する	0.707
ilv1	881	provide for ～	～に備える／～に与える	～に備える／～に与える	0.891
ilv1	882	at any rate	～とにかく／いずれにしても	～とにかく／いずれにしても	0.889
ilv1	883	follow through (on/with ～)	やり遂げる	やり遂げる	0.706
ilv1	884	follow up	追跡調査する／～のあとに行う	追跡調査する／～のあとに行う	0.634
ilv1	885	round off ～	～を締めくくる／～をうまく終える	～を締めくくる／～をうまく終える	0.634
ilv1	886	round out	～を締めくくる	～を締めくくる	0.634
ilv1	887	round up ～	～を寄せ集める／～を検挙する	～を寄せ集める／～を検挙する	0.889
ilv1	888	stand by ～	傍観する／待機する	傍観する／待機する	0.889
ilv1	889	stand down	職から身を引く	職から身を引く	0.634
ilv1	890	stand down (as ～)	～を辞任する	～を辞任する	0.634
ilv1	891	stand for ～	～の略である／～意味する	～の略である／～意味する	1.073
ilv1	892	stand out	目立つ／際立つ	目立つ／際立つ	0.889
ilv1	893	stand over	～を監視する	～を監視する	0.634
ilv1	894	stand to reason	もっともである／理屈に合う	もっともである／理屈に合う	0.706
ilv1	895	stand up	立ち上がる／立っている	立ち上がる／立っている	0.706
ilv1	896	stand up to ～	～に耐える／～に抵抗する	～に耐える／～に抵抗する	0.706
ilv1	897	the other way around/round/about	逆に／あべこべに	逆に／あべこべに	0.706
ilv1	898	whatever (may) ～	たとえ何が...しようと	たとえ何が...しようと	0.706
ilv1	899	amount to ～	～に達する／～に等しい	～に達する／～に等しい	0.888
ilv1	900	be no match for ～	～とても～にはかなわない	～とても～にはかなわない	0.705
ilv1	901	drive at ～	～のつもりである／～を意図する	～のつもりである／～を意図する	0.888
ilv1	902	drive off ～	～を追い払う	～を追い払う	0.705
ilv1	903	drive out	～を追い出す／駆逐する	～を追い出す／駆逐する	0.633
ilv1	904	drive up ～	～を押し上げる	～を押し上げる／～を急速に上昇させる	0.705
ilv1	905	eat up ～	～を食べ尽くす／～を使い果たす	～を食べ尽くす／～を使い果たす	0.705
ilv1	906	fall away	弱まる／減少する	弱まる／減少する	0.705
ilv1	907	fall back on ～	～に頼る／～を当てにする	～に頼る／～を当てにする	1.071
ilv1	908	fall behind （～）	後れをとる／遅れる	後れをとる／遅れる	0.888
ilv1	909	fall for ～	～に乗せられる／～にだまされる	～に乗せられる／～にだまされる	0.705
ilv1	910	fall in love with ～	～を大好きになる／～と恋に落ちる	～を大好きになる／～と恋に落ちる	0.888
ilv1	911	fall off	減少する／低下する	減少する／低下する	0.705
ilv1	912	fall on ～	～に降りかかる／～に当たる	～に降りかかる／～に当たる	0.633
ilv1	913	fall short of ～	～に達しない	～に達しない	0.705
ilv1	914	fall through	駄目になる／失敗に終わる	駄目になる／失敗に終わる	0.705
ilv1	915	fall under ～	～を受ける／～の分類に入る	～を受ける／～の分類に入る	0.705
ilv1	916	go for a drive	ドライブに出掛ける	ドライブに出掛ける	0.705
ilv1	917	size up	～を判断する／見極める	～を判断する／見極める	0.633
ilv1	918	step down	辞任する／辞職する	辞任する／辞職する	0.705
ilv1	919	step out	出る／降りる	出る／降りる	0.633
ilv1	920	step up ～	近づく／上がる	近づく／上がる	0.705
ilv1	921	watch one's step	足元に注意する／足元に気を付ける	足元に注意する／足元に気を付ける	0.888
ilv1	922	act on/upon ～	～に取り組む／～に作用する	～に取り組む／～に作用する	0.632
ilv1	923	be based on/upon ～	～に基づいている	～に基づいている	0.632
ilv1	924	call on/upon ～	～を訪問する／～に要求する	～を訪問する／～に要求する	0.704
ilv1	925	cause O to do	Ｏに...させる	Ｏに...させる	0.704
ilv1	926	fall on/upon ～	～に降りかかる／～に当たる	～に降りかかる／～に当たる	0.704
ilv1	927	get O to do	Ｏに...してもらう	Ｏに...してもらう	0.704
ilv1	928	help O (to) do	Ｏが...するのを助ける	Ｏが...するのを助ける	0.704
ilv1	929	hit on/upon ～	～を思いつく／～に出くわす	～を思いつく／～に出くわす	0.704
ilv1	930	it is ～ for O to do	Oが...するのは～	Oが...するのは～	0.704
ilv1	931	let O do	Ｏに...させる	Ｏに...させる	0.704
ilv1	932	look back on/upon/to ～	～を回顧する	～を回顧する	0.632
ilv1	933	look back upon ～	～を振り返る／～を回顧する	～を振り返る／～を回顧する	0.704
ilv1	934	look down on/upon ～	～を見下す	～を見下す	0.632
ilv1	935	look down upon ～	～を軽蔑する	～を軽蔑する	0.632
ilv1	936	look forward to ～	～を楽しみにする／～を期待する	～を楽しみにする／～を期待する	0.887
ilv1	937	look on/upon A as B	AをBと見なす	AをBと見なす	0.632
ilv1	938	once upon a time	昔々	昔々	0.887
ilv1	939	put forward	～を出す／提案する	～を出す／提案する	0.632
ilv1	940	rest on/upon	～に基づく／～に頼る	～に基づく／～に頼る	0.704
ilv1	941	tell on/upon ～	～に影響する／～にこたえる	～に影響する／～にこたえる	0.704
ilv1	942	cannot (help) but do	しないわけにはいかない	しないわけにはいかない／どうしても...してしまう	0.702
ilv1	943	cannot do too ～	いくら～してもしすぎることはない	いくら～してもしすぎることはない	0.631
ilv1	944	cannot help doing	せずにはいられない	せずにはいられない／せざるを得ない	0.631
ilv1	945	cannot ～ too ～	いくら～してもしすぎることはない	いくら～してもしすぎることはない	0.702
ilv1	946	out of character	性格に合わない／役に不向きな	性格に合わない／役に不向きな	0.702
ilv1	947	pay attention to ～	～に注意を払う	～に注意を払う	0.886
ilv1	948	send for ～	～を呼ぶ／～を取り寄せる	～を呼ぶ／～を取り寄せる	1.069
ilv1	949	send out for ～	～の出前を頼む	～の出前を頼む	0.702
ilv1	950	be involved in ～	～に熱中している	～に熱中している／～に携わっている	0.701
ilv1	951	be related to ～	～と関係がある	～と関係がある／～と婚姻関係がある	0.701
ilv1	952	come to terms with ～	～と折り合いがつく	～と折り合いがつく／～を受け入れる	0.884
ilv1	953	get involved in ～	～に巻き込まれる／関係する	～に巻き込まれる／関係する	0.701
ilv1	954	in itself	それ自体では／本来は	それ自体では／本来は	0.701
ilv1	955	in terms of ～	～の観点から／～に換算して	～の観点から／～に換算して	1.068
ilv1	956	on ～ terms with ～	と～の関係で	と～の関係で	0.701
ilv1	957	Couldn't be better.	最高です	最高です／これ以上良い状態はあり得ない	0.883
ilv1	958	add A to B	AをBに加える	AをBに加える	0.700
ilv1	959	add to ～	～を増やす	～を増やす	0.883
ilv1	960	add up to ～	結局～ということになる／～になる	結局～ということになる／～になる	0.700
ilv1	961	enjoy oneself	楽しい時を過ごす／楽しく過ごす	楽しい時を過ごす／楽しく過ごす	0.883
ilv1	962	cover for ～	～の代わりを務める	～の代わりを務める	0.698
ilv1	963	cover up ～	～を隠す／身を包む	～を隠す／身を包む	0.698
ilv1	964	go for a walk	散歩に出かける	散歩に出かける	0.698
ilv1	965	have no (other) choice but to do	するよりほかに仕方がない	するよりほかに仕方がない	0.698
ilv1	966	have no choice but to do	するより仕方がない	するより仕方がない	0.628
ilv1	967	lose (one's) face	面目を失う	面目を失う	0.698
ilv1	968	lose oneself in ～	～に没頭する／～に夢中になる	～に没頭する／～に夢中になる	0.698
ilv1	969	make a choice	選択する	選択する	0.698
ilv1	970	on the increase	増加して／増加中で	増加して／増加中で	0.882
ilv1	971	pick out ～	～を選ぶ	～を選ぶ	0.882
ilv1	972	pick over ～	～を丹念に選ぶ	～を丹念に選ぶ／～念入りに調べて選ぶ	0.698
ilv1	973	pick through ～	～を探す／～の中をくまなく探す	～を探す／～の中をくまなく探す	0.698
ilv1	974	pick up ～	～を取り上げる／～を受け取る	～を取り上げる／～を受け取る	1.065
ilv1	975	sign out	～を署名して借り出す	～を署名して借り出す	0.628
ilv1	976	sign up	登録する	登録する	0.698
ilv1	977	sign up for ～	～の届け出をする／～に加わる	～の届け出をする／～に加わる	0.882
ilv1	978	walk off with ～	～を盗む／～をあっさり手に入れる	～を盗む／～をあっさり手に入れる	0.628
ilv1	979	at a loss	途方に暮れて／困って	途方に暮れて／困って	0.880
ilv1	980	be popular with/among ～	～に人気がある	～に人気がある	0.697
ilv1	981	before one knows it	あっという間に	あっという間に	0.697
ilv1	982	die down	静まる／弱まる	静まる／弱まる	0.697
ilv1	983	die from ～	～で死ぬ	～で死ぬ	0.627
ilv1	984	die of/from ～	～で死ぬ	～で死ぬ	0.697
ilv1	985	die out	絶滅する	絶滅する	0.880
ilv1	986	figure on	～を想定する／見込む	～を想定する／見込む	0.627
ilv1	987	figure out ～	～を理解する／～を計算する	～を理解する／～を計算する	1.064
ilv1	988	forget to do	することを忘れる	することを忘れる	0.696
ilv1	989	in practice	実際に／実際上	実際に／実際上	0.879
ilv1	990	in some ways	ある意味で	ある意味で	0.696
ilv1	991	on earth	一体全体／世界中で	一体全体／世界中で	0.879
ilv1	992	put ～ into practice	～を実行に移す	～を実行に移す	0.626
ilv1	993	at risk	危険にさらされた／危険な状態で	危険にさらされた／危険な状態で	0.878
ilv1	994	have access to ～	～を入手できる	～を入手できる／～にアクセスできる	0.878
ilv1	995	mark down ～	～を値下げする／～を書き留める	～を値下げする／～を書き留める	0.695
ilv1	996	mark out ～	～を区切る／～を区画する	～を区切る／～を区画する	0.695
ilv1	997	pass A on (to B)	Aを伝える	Aを伝える	0.625
ilv1	998	pass away	死ぬ／亡くなる	死ぬ／亡くなる	1.061
ilv1	999	pass down	～を伝える	～を伝える	0.625
ilv1	1000	pass for	～として通る／通用する	～として通る／通用する	0.878
ilv1	1001	pass off	～をつかませる	～をつかませる	0.625
ilv1	1002	pass off A (as B)	Aを偽る	Aを偽る	0.625
ilv1	1003	pass on	～を手渡す／伝える	～を手渡す／伝える	0.878
ilv1	1004	pass out	気絶する／意識を失う	気絶する／意識を失う	1.061
ilv1	1005	pass over	外す	外す	0.625
ilv1	1006	pass up	～を逃す／見送る	～を逃す／見送る	0.625
ilv1	1007	to tell (you) the truth	実を言うと／実を言えば	実を言うと／実を言えば	0.878
ilv1	1008	a piece of ～	１つの～	１つの～	0.624
ilv1	1009	build up	～を発達させる／増やす	～を発達させる／増やす	0.624
ilv1	1010	pay a visit (to ～）	訪問する	訪問する	0.693
ilv1	1011	seeing ～	であるので	であるので	0.693
ilv1	1012	be married (to ～)	結婚している	結婚している	0.692
ilv1	1013	get married (to ～)	結婚する	結婚する	0.692
ilv1	1014	in response to ～	～に応じて／～に応えて	～に応じて／～に応えて	0.875
ilv1	1015	no matter how/what/when, etc ～	どんなに…でも	どんなに…でも	0.692
ilv1	1016	not to speak of ～	～は言うまでもなく	～は言うまでもなく	0.692
ilv1	1017	so to speak	いわば／言ってみれば	いわば／言ってみれば	0.875
ilv1	1018	speak for ～	～の意見を代弁する	～の意見を代弁する／～を代表して意見を述べる	0.692
ilv1	1019	speak of A as B	AのことをBと言う	AのことをBと言う	0.692
ilv1	1020	speak out	思い切って意見を述べる	思い切って意見を述べる	0.623
ilv1	1021	speak out/up	はっきり話す	はっきり話す	0.692
ilv1	1022	speak well of ～	～のことをよく言う／～をほめる	～のことをよく言う／～をほめる	0.692
ilv1	1023	with respect to ～	～に関して	～に関して	0.692
ilv1	1024	write back	返事を書く	返事を書く	0.623
ilv1	1025	write down ～	～を書き留める／～をメモする	～を書き留める／～をメモする	0.692
ilv1	1026	come into effect	発効する	発効する	0.691
ilv1	1027	except for ～	～を除けば	～を除けば	0.691
ilv1	1028	free of charge	無料で	無料で	0.691
ilv1	1029	go into effect	発効する／実施される	発効する／実施される	0.691
ilv1	1030	have an eye for ～	～に対する眼識がある	～に対する眼識がある／～を見る目がある	1.057
ilv1	1031	in charge of ～	～を担当して／～の責任者で	～を担当して／～の責任者で	1.057
ilv1	1032	in effect	実際は／事実上	実際は／事実上	0.874
ilv1	1033	in store for ～	用意して／～を待ち受けて	用意して／～を待ち受けて	1.057
ilv1	1034	keep an eye on ～	～を見張る／～から目を離さない	～を見張る／～から目を離さない	1.057
ilv1	1035	keep track of ～	～の跡をたどる／～を把握する	～の跡をたどる／～を把握する	1.057
ilv1	1036	look ～ in the eye	～の目をまっすぐ見る	～の目をまっすぐ見る／～を直視する	0.691
ilv1	1037	look ～ in the eye(s)	～の目を正視する	～の目を正視する	0.622
ilv1	1038	on a/the charge of ～	～の容疑で	～の容疑で	0.691
ilv1	1039	provided ～	もし...なら／もし…ならば	もし...なら／もし…ならば	0.874
ilv1	1040	take charge of ～	～を管理する／～を預かる	～を管理する／～を預かる	0.691
ilv1	1041	take effect	施行される／効く	施行される／効く	0.691
ilv1	1042	to the effect that ～	～という趣旨の	～という趣旨の	0.691
ilv1	1043	track down ～	～を追跡して捕らえる	～を追跡して捕らえる／～を追跡して捕まえる	0.691
ilv1	1044	ahead of ～	～より先に／～の前に	～より先に／～の前に	0.689
ilv1	1045	allow for ～	～を考慮に入れる／～を可能にする	～を考慮に入れる／～を可能にする	1.056
ilv1	1046	go ahead	どうぞ／先に行く	どうぞ／先に行く	1.056
ilv1	1047	in addition (to ～)	加えて／さらに	加えて／さらに	0.873
ilv1	1048	make a difference	重要である／違いが生じる	重要である／違いが生じる	1.056
ilv1	1049	be content with ～	～に満足している	～に満足している	0.688
ilv1	1050	be particular about ～	～にうるさい	～にうるさい	0.688
ilv1	1051	be particular about/over ～	～についてやかましい	～についてやかましい	0.620
ilv1	1052	cross out ～	～を消す／～を線を引いて消す	～を消す／～を線を引いて消す	0.688
ilv1	1053	focus on ～	～に集中する／～に焦点を合わせる	～に集中する／～に焦点を合わせる	0.871
ilv1	1054	give A credit for B	BをAの功績とする AのBを正しく評価する	BをAの功績とする AのBを正しく評価する	0.688
ilv1	1055	in particular	特に／particularly	特に／particularly	0.688
ilv1	1056	sort out ～	～を整理する／～を処理する	～を整理する／～を処理する	0.688
ilv1	1057	sort/kind of ～	ちょっと／なんとなく	ちょっと／なんとなく	0.688
ilv1	1058	drop back (to ～)	後退する／順位が下がる	後退する／順位が下がる	0.616
ilv1	1059	drop in	ちょっと立ち寄る	ちょっと立ち寄る	0.616
ilv1	1060	drop in (on 人 ; at 場所)	立ち寄る	立ち寄る	0.616
ilv1	1061	drop in (on 人； at 場所)	立ち寄る	立ち寄る	0.616
ilv1	1062	drop out	中途退学する／脱落する	中途退学する／脱落する	0.870
ilv1	1063	drop out of ～	～から手を引く／～から脱落する	～から手を引く／～から脱落する	0.616
ilv1	1064	get in contact with ～	～に連絡を取る／～と接触する	～に連絡を取る／～と接触する	0.687
ilv1	1065	to one's feet	立って／立った状態で	立って／立った状態で	0.687
ilv1	1066	beyond question	疑いの余地がない	疑いの余地がない	0.686
ilv1	1067	sell out	裏切る／信念を曲げる	裏切る／信念を曲げる	0.686
ilv1	1068	the moment/minute ～	するとすぐに	するとすぐに	0.686
ilv1	1069	agree to ～	～に同意する	～に同意する	0.684
ilv1	1070	agree with ～	～に同意する／～に合う	～に同意する／～に合う	0.868
ilv1	1071	clean out ～	～の中をきれいにする	～の中をきれいにする／～を空にする	0.684
ilv1	1072	make a scene	ひと騒ぎする／醜態を晒す	ひと騒ぎする／醜態を晒す	0.684
ilv1	1073	spend A on B	AをBに費やす	AをBに費やす	0.684
ilv1	1074	spend ～ (in) doing	してを過ごす	してを過ごす	0.608
ilv1	1075	under construction	工事中の／建築中で	工事中の／建築中で	0.868
ilv1	1076	It happens that ～	たまたま…だ／折良く…だ	たまたま…だ／折良く…だ	0.683
ilv1	1077	at all costs	どんな代償を払っても	どんな代償を払っても	0.604
ilv1	1078	be expected to do	することになっている	することになっている	0.683
ilv1	1079	be subject to ～	～を受けやすい	～を受けやすい／～に影響を受けやすい	1.050
ilv1	1080	in search of ～	～を求めて／～を探して	～を求めて／～を探して	0.866
ilv1	1081	it costs S ～ (金額) to do	Sが...するのにかかる	Sが...するのにかかる	0.683
ilv1	1082	search for ～	～を探す／～を捜し求める	～を探す／～を捜し求める	0.866
ilv1	1083	to the best of my knowledge	私の知る限りでは	私の知る限りでは	0.604
ilv1	1084	to the best of one's knowledge	～の知る限り	～の知る限り	0.683
ilv1	1085	fit into ～	～に溶け込む／～に収まる	～に溶け込む／～に収まる	0.600
ilv1	1086	for fear of ～	～を恐れて／～のないように	～を恐れて／～のないように	0.865
ilv1	1087	read between the lines	行間を読む／言外の意味を読み取る	行間を読む／言外の意味を読み取る	0.682
ilv1	1088	as a (general) rule	概して／普通は	概して／普通は	0.864
ilv1	1089	bar A from B	AにBを禁止する AをBから締め出す	AにBを禁止する AをBから締め出す	0.680
ilv1	1090	make it a rule to do	することにしている	することにしている	0.680
ilv1	1091	reach (out) for	～に手を伸ばす	～に手を伸ばす	0.680
ilv1	1092	rule out ～	～を除外する／～を排除する	～を除外する／～を排除する	1.230
ilv1	1093	(it is) no wonder ～	～というのも不思議ではない ...なのも当然だ	～というのも不思議ではない ...なのも当然だ／なのは当然だ	0.862
ilv1	1094	be independent of ～	～から独立している	～から独立している	0.679
ilv1	1095	none other than ～	ほかならぬ～／まさに～	ほかならぬ～／まさに～	0.679
ilv1	1096	second to none	右に出るものはいない	右に出るものはいない／誰にも負けない	1.046
ilv1	1097	(as) compared to ～	～と比べると	～と比べると	0.678
ilv1	1098	be senior to ～	～より年上である	～より年上である	0.678
ilv1	1099	have an impact on ～	～に影響を及ぼす	～に影響を及ぼす	0.678
ilv1	1100	in secret	ひそかに／内緒で	ひそかに／内緒で	0.678
ilv1	1101	make an effort	努力する	努力する	0.678
ilv1	1102	put into practice/operation	～を実行する	～を実行する	0.678
ilv1	1103	spring from ～	～から生じる／～の出である	～から生じる／～の出である	0.678
ilv1	1104	spring up	急に現れる／急に生まれる	急に現れる／急に生まれる	0.678
ilv1	1105	wear off	薄れる／しだいに弱まる	薄れる／しだいに弱まる	0.678
ilv1	1106	wear out ～	～をすり減らす／すり減らす	～をすり減らす／すり減らす	1.044
ilv1	1107	be supposed to do	することになっている	することになっている／～と考えられている	0.860
ilv1	1108	dream up ～	～を思いつく／～を考え出す	～を思いつく／～を考え出す	0.677
ilv1	1109	generally speaking	一般的に言って／一般的に言えば	一般的に言って／一般的に言えば	0.860
ilv1	1110	get in touch (with ～)	連絡を取る／～と連絡を取る	連絡を取る／～と連絡を取る	0.860
ilv1	1111	keep in touch with	～と連絡を取り合う	～と連絡を取り合う／～と連絡を取る	0.860
ilv1	1112	speaking of ～	～と言えば	～と言えば	0.677
ilv1	1113	touch up ～	～を手直しする	～を手直しする／～を手直しして改良する	0.677
ilv1	1114	at/on short notice	急に／即座に	急に／即座に	0.675
ilv1	1115	beyond doubt	疑いの余地なく／明らかに	疑いの余地なく／明らかに	0.675
ilv1	1116	grow into ～	成長して～になる	成長して～になる／～を着られるようになる	0.675
ilv1	1117	grow on ～	～の気にいるようになる	～の気にいるようになる／～の心を引くようになる	0.675
ilv1	1118	grow out of ～	から脱する／成長してがなくなる	から脱する／成長してがなくなる	0.675
ilv1	1119	grow up	大人になる／生じる	大人になる／生じる	0.675
ilv1	1120	grow up to do	成長して...になる	成長して...になる	0.675
ilv1	1121	no doubt	おそらく／たぶん	おそらく／たぶん	0.675
ilv1	1122	sit by	傍観する／黙って見ている	傍観する／黙って見ている	0.675
ilv1	1123	sit up	きちんと座る／起きている	きちんと座る／起きている	0.859
ilv1	1124	take notice of ～	注目する／～に注意を払う	注目する／～に注意を払う	1.042
ilv1	1125	carry away ～	夢中になる／無我夢中になる	夢中になる／無我夢中になる	0.674
ilv1	1126	carry on ～	続ける／occur	続ける／occur	0.857
ilv1	1127	carry out ～	～を実行する／～を果たす	～を実行する／～を果たす	0.857
ilv1	1128	carry through ～	実行する／～を成し遂げる	実行する／～を成し遂げる	0.674
ilv1	1129	in reality	実際には／現実に	実際には／現実に	0.674
ilv1	1130	on the spot	その場で／即座に	その場で／即座に	1.041
ilv1	1131	what is worse	さらに悪いことには	さらに悪いことには	0.674
ilv1	1132	worse still/yet	いっそう悪いことに	いっそう悪いことに	0.674
ilv1	1133	be responsible for ～	～に責任がある／～の原因である	～に責任がある／～の原因である	0.856
ilv1	1134	for the purpose of ～	～の目的で	～の目的で	0.673
ilv1	1135	in theory	理論上は	理論上は	0.673
ilv1	1136	on purpose	故意に／わざと	故意に／わざと	0.856
ilv1	1137	catch on （to ～)	～をつかむ／広まる	～をつかむ／広まる	0.671
ilv1	1138	catch up on ～	～の遅れを取り戻す／～を知る	～の遅れを取り戻す／～を知る	0.671
ilv1	1139	catch up with	追いつく／～に追いつく	追いつく／～に追いつく	0.671
ilv1	1140	catch up with/to ～	～に追いつく	～に追いつく	0.671
ilv1	1141	catch ～ doing	が…しているところを見つける	が…しているところを見つける	0.671
ilv1	1142	on (the) condition ～	～という条件で／ならば	～という条件で／ならば	0.853
ilv1	1143	accept A as B	AをBとして認める／受け入れる	AをBとして認める／受け入れる	0.669
ilv1	1144	at a distance	ある距離を置いて	ある距離を置いて	0.669
ilv1	1145	exchange A for B	AをBと交換する	AをBと交換する	0.852
ilv1	1146	give ～ a ride	～を車に乗せてあげる	～を車に乗せてあげる／～を車で送る	0.669
ilv1	1147	in exchange of ～	～と引き換えに／～の代わりに	～と引き換えに／～の代わりに	0.669
ilv1	1148	in the distance	遠方に	遠方に	0.669
ilv1	1149	prior to ～	～より前で／～より前に	～より前で／～より前に	0.852
ilv1	1150	serve ～ right	～にとって当然の報いである	～にとって当然の報いである	0.669
ilv1	1151	slow down ～	速度を落とす／ペースが落ちる	速度を落とす／ペースが落ちる	0.669
ilv1	1152	within walking distance of ～	～から歩いて行けるところに	～から歩いて行けるところに	0.669
ilv1	1153	be famous for ～	～で有名である	～で有名である	0.668
ilv1	1154	in demand	需要があって／必要とされて	需要があって／必要とされて	0.851
ilv1	1155	it appears (to ～) that ～	～のように見える	～のように見える	0.668
ilv1	1156	lie in ～	～にある／～に存在する	～にある／～に存在する	0.851
ilv1	1157	take notes on ～	～をメモする	～をメモする	0.668
ilv1	1158	the bottom line	要点／数字	要点／数字	0.668
ilv1	1159	think twice	よく考える	よく考える	0.668
ilv1	1160	to begin with	まず／第一に	まず／第一に	0.668
ilv1	1161	wind up ～	～を終わりにする／終わる	～を終わりにする／終わる	0.668
ilv1	1162	be forced to do	することを強いられる	することを強いられる／やむなく…する	0.850
ilv1	1163	count for ～	～の価値がある	～の価値がある／～ほどの重要性を持つ	1.033
ilv1	1164	count on ～	～を当てにする／～に頼る	～を当てにする／～に頼る	1.033
ilv1	1165	on a ～ scale	～な規模で	～な規模で	0.666
ilv1	1166	remain to be seen	未定である	未定である	0.666
ilv1	1167	remain to do	まだ～していない	まだ～していない	0.666
ilv1	1168	throw off ～	～をさっと脱ぐ／～を脱ぎ捨てる	～をさっと脱ぐ／～を脱ぎ捨てる	0.666
ilv1	1169	throw up ～	～を吐く／～をさっと上げる	～を吐く／～をさっと上げる	0.850
ilv1	1170	in fashion	流行して／流行の	流行して／流行の	0.848
ilv1	1171	out of fashion	すたれた／流行遅れの	すたれた／流行遅れの	0.665
ilv1	1172	pull back ～	～を後退させる／後退する	～を後退させる／後退する	0.665
ilv1	1173	pull in ～	駅に着く／～を引きつける	駅に着く／～を引きつける	0.665
ilv1	1174	pull off ～	～をやってのける	～をやってのける	0.848
ilv1	1175	pull through ～	～を切り抜ける／健康を回復する	～を切り抜ける／健康を回復する	0.665
ilv1	1176	pull up	～を止める／車をを止める	～を止める／車をを止める	1.032
ilv1	1177	push for ～	～を要求する／～を強く求める	～を要求する／～を強く求める	0.665
ilv1	1178	push one's way	押しのけて進む	押しのけて進む	0.665
ilv1	1179	seat oneself	座る／着席する	座る／着席する	0.665
ilv1	1180	take/have a seat	着席する	着席する	0.665
ilv1	1181	apply for ～	～を申し込む／～に申し込む	～を申し込む／～に申し込む	0.847
ilv1	1182	apply to ～	～に当てはまる／～に申し込む	～に当てはまる／～に申し込む	0.847
ilv1	1183	as follows	次の通り／次のとおり	次の通り／次のとおり	0.847
ilv1	1184	draw on ～	～に頼る／～を生かす	～に頼る／～を生かす	0.664
ilv1	1185	draw up ～	～を作成する／～を立てる	～を作成する／～を立てる	0.664
ilv1	1186	enter into ～	～を始める／～に取り掛かる	～を始める／～に取り掛かる	0.847
ilv1	1187	give rise to ～	～を引き起こす／～を生じる	～を引き起こす／～を生じる	1.214
ilv1	1188	it follows that ～	～ということになる	～ということになる	0.664
ilv1	1189	on a ～ basis	～の基準で／～の原則で	～の基準で／～の原則で	0.847
ilv1	1190	on the rise	上昇中で／増加中で	上昇中で／増加中で	0.664
ilv1	1191	supply A with B	AにBを供給する	AにBを供給する	0.847
ilv1	1192	in trouble	困った／窮地に陥った	困った／窮地に陥った	0.661
ilv1	1193	prevent A from B	AがBするのを妨げる	AがBするのを妨げる／AをBから防ぐ	0.661
ilv1	1194	take the trouble to do	わざわざ...する	わざわざ...する／労を惜しまずに...する	0.844
ilv1	1195	apart from ～	～のほかに／～を除いては	～のほかに／～を除いては	0.843
ilv1	1196	be aware of ～	～を知っている／～に気づいている	～を知っている／～に気づいている	0.660
ilv1	1197	be proud of ～	～を誇りにする	～を誇りにする	0.660
ilv1	1198	become aware of ～	～に気づく／～を認識する	～に気づく／～を認識する	0.660
ilv1	1199	decide on ～	～を選ぶ／～を決定する	～を選ぶ／～を決定する	0.660
ilv1	1200	fall apart	ばらばらに壊れる／崩壊する	ばらばらに壊れる／崩壊する	0.660
ilv1	1201	have an influence/effect on ～	～に影響を与える	～に影響を与える	0.660
ilv1	1202	in progress	進行中で	進行中で	0.660
ilv1	1203	make progress (in ～)	進歩する	進歩する	0.660
ilv1	1204	shut up ～	話をやめる／～を散らせる	話をやめる／～を散らせる	0.660
ilv1	1205	take advantage of ～	～を利用する／～につけ込む	～を利用する／～につけ込む	0.843
ilv1	1206	tell A apart (from B)	Aを区別する	Aを区別する	0.660
ilv1	1207	to one's advantage	～に都合がよい／～に有利な	～に都合がよい／～に有利な	0.660
ilv1	1208	a host of ～	たくさんの～ 多数の～／多数の～	たくさんの～ 多数の～／多数の～	0.842
ilv1	1209	at length	長々と／詳細に	長々と／詳細に	1.025
ilv1	1210	give birth to ～	～を産む／～を生む	～を産む／～を生む	1.025
ilv1	1211	neither A nor B	AもBも...ない	AもBも...ない	0.659
ilv1	1212	not possibly	どうしても...ない	どうしても...ない	0.659
ilv1	1213	in connection with ～	～に関連して／about	～に関連して／about	0.841
ilv1	1214	in the wake of ～	～の通過後に／～の結果として	～の通過後に／～の結果として	0.841
ilv1	1215	it turns out that ～	だということが判明する	だということが判明する	0.657
ilv1	1216	stick around/about	そこらで待つ	そこらで待つ	0.657
ilv1	1217	stick out	突き出る／目立つ	突き出る／目立つ	0.657
ilv1	1218	stick to ～	～にくっつく／～を堅持する	～にくっつく／～を堅持する	1.024
ilv1	1219	stick up for ～	～を支持する	～を支持する／～をあくまでも擁護する	0.657
ilv1	1220	stick with ～	～を変えない	～を変えない／～を最後までやり抜く	0.657
ilv1	1221	take turns	交替する／順番にやる	交替する／順番にやる	0.841
ilv1	1222	wake up ～	目が覚める／～の目を覚まさせる	目が覚める／～の目を覚まさせる	0.841
ilv1	1223	(just) around the corner	すぐ近くに／間近に来て	すぐ近くに／間近に来て	0.839
ilv1	1224	a variety of ～	いろいろな～／～の１種	いろいろな～／～の１種	0.656
ilv1	1225	be concerned about ～	～について懸念している	～について懸念している	0.656
ilv1	1226	be unique to ～	～に特有である／～に固有である	～に特有である／～に固有である	0.656
ilv1	1227	fix up ～	～を修理する／～を改装する	～を修理する／～を改装する	0.656
ilv1	1228	make (both) ends meet	収支を合わせる／やり繰りする	収支を合わせる／やり繰りする	1.023
ilv1	1229	roll in ～	～がたくさんある	～がたくさんある／大量にやって来る	0.656
ilv1	1230	roll out ～	～を製造する／～を転がして出す	～を製造する／～を転がして出す	0.656
ilv1	1231	roll up ～	～をまくる／～をくるくると巻く	～をまくる／～をくるくると巻く	0.656
ilv1	1232	take ～ by surprise	～を驚かす／～の不意を打つ	～を驚かす／～の不意を打つ	0.656
ilv1	1233	to be frank (with ～)	率直に言って	率直に言って	0.656
ilv1	1234	to one's surprise	～が驚いたことには	～が驚いたことには	0.656
ilv1	1235	treat A to B	AにBをおごる	AにBをおごる	0.656
ilv1	1236	iron out ～	～を解決	～を解決	0.655
ilv1	1237	beyond description	言葉では表現できないほどの	言葉では表現できないほどの／言葉で言い表せないほど	0.837
ilv1	1238	in the presence of ～	～の前で／～がいる前で	～の前で／～がいる前で	0.837
ilv1	1239	not to mention ～	～は言うまでもなく	～は言うまでもなく	0.837
ilv1	1240	on (one's) guard	警戒して	警戒して	0.653
ilv1	1241	to be honest (with you)	正直に言えば／正直なところ	正直に言えば／正直なところ	0.653
ilv1	1242	be willing to do	～するのをいとわない	～するのをいとわない／してもかまわない	0.835
ilv1	1243	in (good) shape	調子が良くて	調子が良くて	0.652
ilv1	1244	kick around ～	～をあれこれ検討する	～をあれこれ検討する／～についてあれこれ検討する	0.652
ilv1	1245	kick in	効き始める／効果が出始める	効き始める／効果が出始める	0.652
ilv1	1246	plenty of ～	多くの～ 十分な～／たくさんの～	多くの～ 十分な～／たくさんの～	0.835
ilv1	1247	take shape	形をとる	形をとる	0.652
ilv1	1248	to make matters/things worse	さらに悪いことに	さらに悪いことに	0.652
ilv1	1249	be tired from/with ～	～で疲れる	～で疲れる	0.651
ilv1	1250	be tired of ～	～に飽きる／～に飽きている	～に飽きる／～に飽きている	0.834
ilv1	1251	break one's promise	約束を破る	約束を破る	0.651
ilv1	1252	by accident	たまたま／偶然	たまたま／偶然	0.651
ilv1	1253	get tired from ～	～で疲れる／～で疲れている	～で疲れる／～で疲れている	0.651
ilv1	1254	on duty	当番で／勤務時間中で	当番で／勤務時間中で	0.834
ilv1	1255	right as rain	すっかり健康で	すっかり健康で	0.651
ilv1	1256	I'm afraid not.	残念ながらそうではないようです	残念ながらそうではないようです	0.650
ilv1	1257	be afraid of ～	～を恐れる／～を心配している	～を恐れる／～を心配している	0.833
ilv1	1258	be afraid to do	怖くて...できない	怖くて...できない	0.650
ilv1	1259	be filled with ～	～でいっぱいである	～でいっぱいである	0.650
ilv1	1260	follow suit	人のまねをする／先例になろう	人のまねをする／先例になろう	0.650
ilv1	1261	have (a) good command of ～	～を使いこなせる／～に堪能である	～を使いこなせる／～に堪能である	0.833
ilv1	1262	limit A to B	AをBに制限する AをB内にとどめる	AをBに制限する AをB内にとどめる	0.650
ilv1	1263	be native to ～	～の原産である／～になじみがある	～の原産である／～になじみがある	0.648
ilv1	1264	in honor of ～	～に敬意を表して／～を祝って	～に敬意を表して／～を祝って	0.832
ilv1	1265	jump at ～	～に飛びつく／～にすぐ飛びつく	～に飛びつく／～にすぐ飛びつく	0.648
ilv1	1266	be connected with ～	～とつながっている	～とつながっている／～と関係がある	0.647
ilv1	1267	play a joke on ～	～にいたずらをする	～にいたずらをする	0.647
ilv1	1268	appeal to A for B..	BのためにAに訴える	BのためにAに訴える	0.646
ilv1	1269	by mistake	間違って／誤って	間違って／誤って	0.829
ilv1	1270	feed on ～	～を常食にする／～を餌にする	～を常食にする／～を餌にする	0.829
ilv1	1271	make a mistake	間違える／失敗する	間違える／失敗する	0.829
ilv1	1272	mistake A for B	AをBと間違える	AをBと間違える	0.829
ilv1	1273	on schedule	予定通りで／定時に	予定通りで／定時に	0.829
ilv1	1274	get angry	怒る／腹を立てる	怒る／腹を立てる	0.644
ilv1	1275	pack up	持ち物をまとめる	持ち物をまとめる／～をかばんに詰める	0.644
ilv1	1276	pull one's leg	～をからかう	～をからかう	0.644
ilv1	1277	pull ～'s leg	～をからかう	～をからかう	0.644
ilv1	1278	strike A as B	AにBという感じを与える	AにBという感じを与える／AにBの印象を与える	0.828
ilv1	1279	be committed to ～	～に献身する／～と固く約束する	～に献身する／～と固く約束する	0.826
ilv1	1280	be equal to ～	～に等しい	～に等しい／～をこなすことができる	0.826
ilv1	1281	in advance	前もって	前もって	0.826
ilv1	1282	split up ～	別れる／分裂する	別れる／分裂する	0.643
ilv1	1283	fill in ～	～に書き込む／～を埋める	～に書き込む／～を埋める	0.642
ilv1	1284	fill out ～	～に記入する／記入する	～に記入する／記入する	1.008
ilv1	1285	find fault with ～	～にけちをつける／～を非難する	～にけちをつける／～を非難する	0.825
ilv1	1286	lay into ～	～を非難する／～を厳しく非難する	～を非難する／～を厳しく非難する	0.642
ilv1	1287	lay off ～	～を解雇する／～を一時解雇する	～を解雇する／～を一時解雇する	1.008
ilv1	1288	lay out ～	～を述べる／～の設計をする	～を述べる／～の設計をする	0.825
ilv1	1289	phase out ～	～を段階的に廃止する	～を段階的に廃止する／～を段階的に停止する	0.642
ilv1	1290	be to blame (for ～)	責めを負うべきである	責めを負うべきである	0.641
ilv1	1291	be worried about ～	～を心配する／～を気にする	～を心配する／～を気にする	0.641
ilv1	1292	blame A for B	BのことでAを非難する	BのことでAを非難する／BをAのせいにする	0.824
ilv1	1293	on display	陳列中で／展示して	陳列中で／展示して	0.641
ilv1	1294	as usual	いつものように	いつものように	0.639
ilv1	1295	be capable of ～	～ができる／～の可能性がある	～ができる／～の可能性がある	0.638
ilv1	1296	be essential to ～	～にとって不可欠である	～にとって不可欠である	0.821
ilv1	1297	be familiar to ～	～になじみがある	～になじみがある／～によく知られている	0.821
ilv1	1298	be familiar with ～	～をよく知っている	～をよく知っている	0.821
ilv1	1299	be guilty of ～	～について有罪である	～について有罪である／～を犯している	0.821
ilv1	1300	fail in ～	～に失敗する／～を怠る	～に失敗する／～を怠る	0.638
ilv1	1301	fail to do	できない ...しない	できない ...しない	0.638
ilv1	1302	never fail to do	必ず...する	必ず...する	0.638
ilv1	1303	take it for granted that ～	は当然だと思う	は当然だと思う	0.638
ilv1	1304	take ～ for granted	～を当然のことと思う	～を当然のことと思う／当然とみなす	0.821
ilv1	1305	without fail	必ず／間違いなく	必ず／間違いなく	0.821
ilv1	1306	hang around/about/round	ぶらつく／付き合う	ぶらつく／付き合う	0.637
ilv1	1307	hang on	待つ／～次第である	待つ／～次第である	0.637
ilv1	1308	hang up ～	切る／～を掛ける	切る／～を掛ける	0.820
ilv1	1309	in a row	連続して／一列に	連続して／一列に	1.187
ilv1	1310	aside from ～	～を除いては／～に加えて	～を除いては／～に加えて	0.819
ilv1	1311	blow up ～	爆発する／～を爆破する	爆発する／～を爆破する	1.002
ilv1	1312	for instance	例えば	例えば	0.819
ilv1	1313	in danger of ～	～の危険にさらされて	～の危険にさらされて／～の恐れがあって	0.819
ilv1	1314	put aside ～	～を蓄える／～をわきに置く	～を蓄える／～をわきに置く	0.635
ilv1	1315	set aside ～	～を取っておく／～をを無視する	～を取っておく／～をを無視する	1.002
ilv1	1316	admit to ～	～を認める	～を認める	0.817
ilv1	1317	at random	無作為に／雑然と	無作為に／雑然と	0.817
ilv1	1318	be dedicated to ～	～に打ち込んでいる	～に打ち込んでいる	0.634
ilv1	1319	branch off	変わる／枝分かれする	変わる／枝分かれする	0.634
ilv1	1320	in favor of ～	～に賛成して	～に賛成して／～の利益となるように	1.001
ilv1	1321	make oneself understood	自分の言うことを相手に分からせる	自分の言うことを相手に分からせる／自身を理解してもらう	0.817
ilv1	1322	My pleasure.	どういたしまして	どういたしまして	0.633
ilv1	1323	can afford to do	する余裕がある	する余裕がある	0.633
ilv1	1324	in detail	詳細に／詳しく	詳細に／詳しく	0.816
ilv1	1325	prefer A to B	BよりAを好む／ＢよりＡを好む	BよりAを好む／ＢよりＡを好む	0.816
ilv1	1326	tend to do	する傾向がある／しがちである	する傾向がある／しがちである	0.816
ilv1	1327	with pleasure	喜んで	喜んで	0.633
ilv1	1328	fall victim to ～	～の犠牲になる／～のえじきになる	～の犠牲になる／～のえじきになる	0.815
ilv1	1329	identify A with B	AとBを同一視する	AとBを同一視する／関連づけて考える	0.632
ilv1	1330	object to ～	～に反対する	～に反対する	0.815
ilv1	1331	of importance	重要な	重要な	0.815
ilv1	1332	all manner of ～	あらゆる種類の～	あらゆる種類の～	0.630
ilv1	1333	attend to ～	～の世話をする／～を処理する	～の世話をする／～を処理する	0.814
ilv1	1334	prepare for ～	～に備える／～の準備をする	～に備える／～の準備をする	0.814
ilv1	1335	tip over ～	倒れる／ひっくり返る	倒れる／ひっくり返る	0.630
ilv1	1336	at (the) sight of ～	～を見て	～を見て	0.812
ilv1	1337	at first sight	一見したところでは／ひと目で	一見したところでは／ひと目で	0.812
ilv1	1338	by degrees	徐々に／次第に	徐々に／次第に	0.812
ilv1	1339	calm down ～	～を落ち着かせる／落ち着く	～を落ち着かせる／落ち着く	0.812
ilv1	1340	catch sight of ～	～を見つける／～を見かける	～を見つける／～を見かける	0.812
ilv1	1341	in/within sight	見えて／視界に入って	見えて／視界に入って	0.629
ilv1	1342	know ～ by sight	～の顔を知っている	～の顔を知っている	0.629
ilv1	1343	lose sight of ～	～を見失う／～を見落とす	～を見失う／～を見落とす	0.629
ilv1	1344	manage to do	何とか...する／なんとか…する	何とか...する／なんとか…する	0.812
ilv1	1345	out of sight	見えなくて／視界から消えて	見えなくて／視界から消えて	0.812
ilv1	1346	burn down ～	～を全焼させる／全焼する	～を全焼させる／全焼する	0.811
ilv1	1347	burn out ～	燃え尽きる／～を疲れ果てさせる	燃え尽きる／～を疲れ果てさせる	0.628
ilv1	1348	hardly ～ when ～	～するとすぐ...する	～するとすぐ...する	0.628
ilv1	1349	be engaged in ～	～に従事している	～に従事している／忙しく～をしている	0.810
ilv1	1350	go blind	失明する	失明する	0.810
ilv1	1351	hold one's breath	息を止める／固唾を飲んで見守る	息を止める／固唾を飲んで見守る	0.810
ilv1	1352	in brief	要するに	要するに	0.626
ilv1	1353	out of breath	息切れして	息切れして	0.810
ilv1	1354	turn a blind eye to ～	～を見て見ぬふりをする	～を見て見ぬふりをする	0.626
ilv1	1355	(The) Chances are ～	ひょっとしたら…だろう	ひょっとしたら…だろう	0.625
ilv1	1356	aim at ～	～を目指す／～をねらう	～を目指す／～をねらう	0.808
ilv1	1357	as opposed to ～	～とは対照的に／～ではなく	～とは対照的に／～ではなく	0.808
ilv1	1358	be entitled to ～	～の資格がある	～の資格がある	0.625
ilv1	1359	be fed up with ～	～にうんざりしている	～にうんざりしている	0.808
ilv1	1360	be opposed to ～	～に反対である	～に反対である	0.625
ilv1	1361	in comparison with ～	～と比較すると	～と比較すると	0.625
ilv1	1362	suspect A of B	AをBであるようだと疑う	AをBであるようだと疑う／BについてAを疑う	0.808
ilv1	1363	the chances are that ～	おそらく...だろう	おそらく...だろう	0.625
ilv1	1364	tie up ～	～を固く縛る／～を拘束する	～を固く縛る／～を拘束する	0.808
ilv1	1365	at/behind the wheel	運転して	運転して	0.624
ilv1	1366	be equivalent to ～	～に等しい／～に相当する	～に等しい／～に相当する	0.807
ilv1	1367	get rid of ～	～を取り除く／処分する	～を取り除く／処分する	0.990
ilv1	1368	graduate from ～	～を卒業する	～を卒業する	0.624
ilv1	1369	lift off	離陸する／打ち上げられる	離陸する／打ち上げられる	0.624
ilv1	1370	be faced with ～	～に直面している	～に直面している	0.623
ilv1	1371	beat about the bush	遠回しに言う	遠回しに言う	0.623
ilv1	1372	pride oneself on ～	～を誇りに思う／～が自慢である	～を誇りに思う／～が自慢である	0.806
ilv1	1373	take pride in ～	～を誇りに思う／～に誇りを持つ	～を誇りに思う／～に誇りを持つ	0.806
ilv1	1374	be consistent with ～	～と一致する	～と一致する	0.621
ilv1	1375	make/earn a/one's living	生計を立てる	生計を立てる	0.621
ilv1	1376	not necessarily	必ずしも...ない	必ずしも...ない	0.621
ilv1	1377	play a trick on ～	～をからかう	～をからかう	0.621
ilv1	1378	regardless of ～	～に関係なく／～にかかわらず	～に関係なく／～にかかわらず	0.988
ilv1	1379	occur to ～	ふとの心に浮かぶ	ふとの心に浮かぶ	0.620
ilv1	1380	to some extent	ある程度	ある程度	0.620
ilv1	1381	to ～ extent/degree	～の程度に	～の程度に	0.620
ilv1	1382	be bound for ～	～行きである	～行きである	0.619
ilv1	1383	be bound to do	必ず...する ...する責任がある	必ず...する ...する責任がある／きっと…する	0.802
ilv1	1384	be sensitive to ～	～に敏感である	～に敏感である	0.802
ilv1	1385	be superior to ～	～より優れている	～より優れている	0.802
ilv1	1386	gear up ～	準備をする	準備をする	0.619
ilv1	1387	in contrast to/with ～	～とは対照的に／～と著しく違って	～とは対照的に／～と著しく違って	0.619
ilv1	1388	rain cats and dogs	土砂降りに降る	土砂降りに降る	0.619
ilv1	1389	wash away ～	～を洗い流す／～を押し流す	～を洗い流す／～を押し流す	0.619
ilv1	1390	wash down ～	～を洗い流す／～を流し込む	～を洗い流す／～を流し込む	0.619
ilv1	1391	be curious about ～	～を知りたがる／～に好奇心の強い	～を知りたがる／～に好奇心の強い	0.617
ilv1	1392	compare A with B	AをBと比較する AをBにたとえる	AをBと比較する AをBにたとえる	0.617
ilv1	1393	refer to ～	～に言及する／～を参照する	～に言及する／～を参照する	0.801
ilv1	1394	suffer from ～	～で苦しむ／～を患う	～で苦しむ／～を患う	0.801
ilv1	1395	Legend has it ～	伝説によると…ということだ	伝説によると…ということだ	0.616
ilv1	1396	be confident of/about ～	～を確信している	～を確信している	0.615
ilv1	1397	scores of ～	多数の～	多数の～	0.798
ilv1	1398	on behalf of ～	～を代表して／～に代わって	～を代表して／～に代わって	0.797
ilv1	1399	on/in behalf of ～	～を代表して／～のために	～を代表して／～のために	0.614
ilv1	1400	participate in ～	～に参加する	～に参加する	0.797
ilv1	1401	crack up	大笑いする／神経が参る	大笑いする／神経が参る	0.612
ilv1	1402	under repair	修理中で	修理中で	0.612
ilv1	1403	a sheet of ～	1枚の～	1枚の～	0.611
ilv1	1404	all of a sudden	突然に／不意に	突然に／不意に	0.794
ilv1	1405	back and forth	行ったり来たり／前後に	行ったり来たり／前後に	0.978
ilv1	1406	be convinced that ～	であると確信している	であると確信している	0.611
ilv1	1407	for the sake of ～	～のために	～のために	0.794
ilv1	1408	put forth ～	示す／～を発揮する	示す／～を発揮する	0.611
ilv1	1409	smooth over ～	～を丸く収める	～を丸く収める／～を処理しやすくする	0.611
ilv1	1410	Serves you right.	ざまあみろ／当然の報いだ	ざまあみろ／当然の報いだ	0.610
ilv1	1411	associate A with B	ＡをＢと結びつけて考える	ＡをＢと結びつけて考える	0.610
ilv1	1412	bother to do	わざわざ…する	わざわざ…する	0.610
ilv1	1413	narrow down ～	～を絞る／～を制限する	～を絞る／～を制限する	0.610
ilv1	1414	reflect on/upon ～	～を熟考する	～を熟考する	0.610
ilv1	1415	reflect upon ～	～についてよく考える	～についてよく考える／～を振り返る	0.610
ilv1	1416	be suitable for/to ～	～に適した／～に適している	～に適した／～に適している	0.608
ilv1	1417	keep pace with ～	～に遅れをとらないようにする	～に遅れをとらないようにする／～についていく	0.792
ilv1	1418	on occasion(s)	～ときどき／時々	～ときどき／時々	0.792
ilv1	1419	regret to do	残念ながら...する	残念ながら...する	0.607
ilv1	1420	remind A of/about B	AにBを思い出させる	AにBを思い出させる	0.607
ilv1	1421	resort to ～	～に訴える／～に頼る	～に訴える／～に頼る	0.790
ilv1	1422	settle down	落ち着く／定住する	落ち着く／定住する	0.974
ilv1	1423	settle for ～	～で我慢する	～で我慢する	0.607
ilv1	1424	be all ears	一心に耳を傾けている	一心に耳を傾けている／一心を耳に傾けている	0.789
ilv1	1425	consent to ～	～に同意する	～に同意する	0.606
ilv1	1426	engage in ～	～に従事する／～に関与する	～に従事する／～に関与する	0.606
ilv1	1427	give one's regard to ～	～によろしくと伝える	～によろしくと伝える	0.606
ilv1	1428	regard A as B	AをBとみなす	AをBとみなす	0.789
ilv1	1429	roughly speaking	大ざっぱに言って	大ざっぱに言って	0.606
ilv1	1430	with regard to ～	～に関して	～に関して	0.606
ilv1	1431	be grateful (to A) for B	Bについて感謝している	Bについて感謝している／Bのことで感謝している	0.788
ilv1	1432	knock down ～	～を取り壊す／解体する	～を取り壊す／解体する	0.605
ilv1	1433	rob A of B	AからBを奪う	AからBを奪う／AからBを強奪する	0.788
ilv1	1434	take a risk/risks	危険を冒す／賭ける	危険を冒す／賭ける	0.605
ilv1	1435	tear down ～	～を取り壊す／～を解体する	～を取り壊す／～を解体する	0.605
ilv1	1436	at (one's) ease	気楽に／安心して	気楽に／安心して	0.787
ilv1	1437	contribute to ～	～の一因となる／～に貢献する	～の一因となる／～に貢献する	0.970
ilv1	1438	ease into ～	～に徐々に慣れる	～に徐々に慣れる	0.603
ilv1	1439	ill at ease	居心地が悪い／落ち着かない	居心地が悪い／落ち着かない	0.787
ilv1	1440	in principle	理論的に／原則的に	理論的に／原則的に	0.787
ilv1	1441	it occurs (to 人) that ～	～が思い浮かぶ	～が思い浮かぶ	0.603
ilv1	1442	make a contribution to ～	～に貢献する	～に貢献する	0.603
ilv1	1443	sum up ～	要約する／～を要約する	要約する／～を要約する	0.970
ilv1	1444	with ease	容易に／楽々と	容易に／楽々と	0.787
ilv1	1445	commit an error	過ちを犯す／間違える	過ちを犯す／間違える	0.602
ilv1	1446	shake hands (with ～)	握手する	握手する	0.602
ilv1	1447	shake up ～	～を動揺させる／～を刷新する	～を動揺させる／～を刷新する	0.602
ilv1	1448	blast off	発信する／打ち上げられる	発信する／打ち上げられる	0.601
ilv1	1449	cure A of B	AのBを治す／AのBを取り除く	AのBを治す／AのBを取り除く	0.784
ilv1	1450	in preparation	～の準備中で	～の準備中で	0.601
ilv1	1451	in preparation for ～	～に備えて／～の準備で	～に備えて／～の準備で	0.601
ilv1	1452	succeed in ～	～に成功する	～に成功する	0.780
ilv1	1453	be equipped with ～	～を備えている／～を装備している	～を備えている／～を装備している	0.779
ilv1	1454	be satisfied with ～	～に満足している	～に満足している	0.779
ilv1	1455	submit to ～	～に従う／～に屈服する	～に従う／～に屈服する	0.779
ilv1	1456	be composed of ～	～から成り立っている	～から成り立っている／～から構成されている	0.778
ilv1	1457	dawn on ～	～にわかり始める	～にわかり始める／～にとって次第にわかるようになる	0.778
ilv1	1458	at the mercy of ～	～のなすがままに	～のなすがままに／～のなすがままになって	0.775
ilv1	1459	forgive A for B	Bに関してAを許す／大目に見る	Bに関してAを許す／大目に見る	0.775
ilv1	1460	no sooner ～ than ～	～するとすぐ...する	～するとすぐ...する／～するやいなや…する	0.775
ilv1	1461	at the expense of ～	～を犠牲にして	～を犠牲にして	0.772
ilv1	1462	brush up (on) ～	～をやり直して磨きをかける	～をやり直して磨きをかける／～をやり直す	0.772
ilv1	1463	on the contrary	それどころか／それに反して	それどころか／それに反して	0.948
ilv1	1464	substitute A for B	Bの代わりにAを使う	Bの代わりにAを使う	0.765
ilv1	1465	yield to ～	～に屈服する／～に敗れる	～に屈服する／～に敗れる	0.763
ilv1	1466	at stake	危機に瀕して／危うくなった	危機に瀕して／危うくなった	0.762
ilv1	1467	in a hurry	急いで／あせって	急いで／あせって	0.761
ilv1	1468	dozens of ～	数十もの～／何ダースもの～	数十もの～／何ダースもの～	0.760
ilv1	1469	in accordance with ～	～に従って／～通りに	～に従って／～通りに	0.760
ilv1	1470	owe A to B	AをBに負っている	AをBに負っている／AをBに借りている	0.760
ilv1	1471	a handful of ～	一握りの～／少数の～	一握りの～／少数の～	0.757
ilv1	1472	in proportion (to ～)	比例して／～に比例して	比例して／～に比例して	0.940
ilv1	1473	be anxious about ～	～を心配している	～を心配している	0.754
ilv1	1474	be anxious to do	することを切望する／したがる	することを切望する／したがる	0.754
ilv1	1475	approve of ～	～に賛成する／～をよいと認める	～に賛成する／～をよいと認める	0.753
ilv1	1476	be lacking in ～	～が欠けている／～に欠けている	～が欠けている／～に欠けている	0.753
ilv1	1477	cheer up ～	～を元気づける／元気づく	～を元気づける／元気づく	0.751
ilv1	1478	be ignorant of ～	～を知らない	～を知らない	0.749
ilv1	1479	comply with ～	～に従う／応じる	～に従う／応じる	0.931
ilv1	1480	cope with ～	～に対処する／～をうまく処理する	～に対処する／～をうまく処理する	1.115
ilv1	1481	in spite of ～	～にもかかわらず	～にもかかわらず	0.931
ilv1	1482	differ from ～	～と異なる	～と異なる	0.747
ilv1	1483	upside down	逆さまに／ひっくり返って	逆さまに／ひっくり返って	0.744
ilv1	1484	wipe out	～を消し去る／絶滅させる	～を消し去る／絶滅させる	0.744
ilv1	1485	turn a deaf ear to ～	～に耳を貸さない	～に耳を貸さない／～を聞こうとしない	0.742
ilv1	1486	adapt to ～	～に順応する／～に適応する	～に順応する／～に適応する	0.740
ilv1	1487	be absent from ～	～を欠席している／～を欠席する	～を欠席している／～を欠席する	0.740
ilv1	1488	bump into	～にばったりと出会う	～にばったりと出会う／～にばったり出会う	0.740
ilv1	1489	be characteristic of ～	～に特有である／いかにも～らしい	～に特有である／いかにも～らしい	0.739
ilv1	1490	come in handy	役に立つ／便利である	役に立つ／便利である	0.739
ilv1	1491	punish A for B	Bを理由にAを罰する	Bを理由にAを罰する／BのことでAを罰する	0.736
ilv1	1492	consist in ～	～にある／～に存在する	～にある／～に存在する	0.735
ilv1	1493	consist of ～	～から成り立っている／～から成る	～から成り立っている／～から成る	0.735
ilv1	1494	be absorbed in ～	～に熱中している／～に没頭する	～に熱中している／～に没頭する	0.733
ilv1	1495	interfere with ～	～を妨げる／～の邪魔をする	～を妨げる／～の邪魔をする	0.727
ilv1	1496	distinguish A from B	AとBを区別する	AとBを区別する／AをBと区別する	0.726
ilv1	1497	per capita	一人当たりの	一人当たりの	0.720
ilv1	1498	compensate for ～	～を補償する／～を埋め合わせる	～を補償する／～を埋め合わせる	0.715
ilv1	1499	attribute A to B	AをBのせいと考える	AをBのせいと考える／AがBに起因すると考える AをBのせいにする	0.897
ilv1	1500	attach A to B	AをBに取り付ける	AをBに取り付ける／AをBに取りつける	0.711
ilv1	1501	in vain	無駄に／効果なく	無駄に／効果なく	0.709
ilv1	1502	owing to ～	～のために／～が原因で	～のために／～が原因で	0.708
ilv1	1503	accuse A of B	AをBの罪で告訴する	AをBの罪で告訴する／BのことでAを非難する	0.889
ilv1	1504	at intervals	時折／間隔をおいて	時折／間隔をおいて	0.703
ilv1	1505	be apt to do	しがちだ ...する傾向にある	しがちだ ...する傾向にある／～しがちである	0.703
ilv1	1506	be peculiar to ～	～に固有である	～に固有である／～に特有のものである	0.700
ilv1	1507	on the verge of ～	～の間際で／～をしそうで	～の間際で／～をしそうで	0.700
ilv1	1508	needless to say	言うまでもなく	言うまでもなく	0.699
ilv1	1509	be accustomed to ～	～に慣れている	～に慣れている	0.697
ilv1	1510	refrain from ～	～を控える／～をやめる	～を控える／～をやめる	0.695
ilv1	1511	abide by ～	～に従う／～を守る	～に従う／～を守る	0.690
ilv1	1512	adhere to ～	～を忠実に守る／～を固守する	～を忠実に守る／～を固守する	0.871
ilv1	1513	indulge in ～	～にふける／思う存分～をする	～にふける／思う存分～をする	0.684
ilv1	1514	dispose of ～	～を処分する／～を処理する	～を処分する／～を処理する	1.049
ilv1	1515	be acquainted with ～	～と知り合いである	～と知り合いである／～に精通している	0.680
ilv1	1516	correspond with ～	～と文通する	～と文通する／～とやりとりを交わす	0.679
ilv1	1517	cling to ～	～に固執する／～にくっつく	～に固執する／～にくっつく	0.677
ilv1	1518	coincide with ～	～と一致する／～と同時に起こる	～と一致する／～と同時に起こる	0.677
ilv1	1519	be preferable to ～	～より好ましい／～より望ましい	～より好ましい／～より望ましい	0.671
ilv1	1520	deprive A of B	AからBを奪う	AからBを奪う	0.822
ilv1	1521	dispense with ～	～なしで済ませる／～を省く	～なしで済ませる／～を省く	0.628
ilv1	1522	sympathize with ～	～に同情する	～に同情する	0.622
ilv1	1523	yearn for ～	～を熱望する／～を恋しがる	～を熱望する／～を恋しがる	0.610
ilv1	1524	confine A to B	AをB内にとどめる AをBに限定する	AをB内にとどめる AをBに限定する／AをBに限定する	0.604
ilv2	1	independent of ～	～に頼らない／～から独立した	～に頼らない／～から独立した	0.592
ilv2	2	for lack/want of ～	～がないために	～がないために	0.588
ilv2	3	speaking/talking of ～	～と言えば	～と言えば	0.584
ilv2	4	touch on	～に触れる／言及する	～に触れる／言及する	0.584
ilv2	5	sit back	何もしないでいる／くつろぐ	何もしないでいる／くつろぐ	0.580
ilv2	6	sit in	参加する／見学する	参加する／見学する	0.580
ilv2	7	sit in on	～を傍聴する	～を傍聴する	0.580
ilv2	8	trip up (A)	Aをつまずかせる／つまずく	Aをつまずかせる／つまずく	0.580
ilv2	9	be associated with ～	～と関係がある	～と関係がある	0.576
ilv2	10	carry over	持ち越される／残存する	持ち越される／残存する	0.576
ilv2	11	think highly of ～	～を高く評価する／～を重視する	～を高く評価する／～を重視する	0.576
ilv2	12	think much/highly of ～	～を高く評価する／～を尊敬する	～を高く評価する／～を尊敬する	0.576
ilv2	13	catch on	人気が出る／理解する	人気が出る／理解する	0.568
ilv2	14	in exchange for ～	～と交換に	～と交換に	0.560
ilv2	15	bottom out	底をつく	底をつく	0.556
ilv2	16	count on/upon ～	～に頼る／～を当てする	～に頼る／～を当てする	0.552
ilv2	17	scale down	～を縮小する	～を縮小する	0.552
ilv2	18	pull over	車を端に寄せて止める	車を端に寄せて止める	0.548
ilv2	19	push through ～	～を通す／～を突き進む	～を通す／～を突き進む	0.548
ilv2	20	rise above	～を克服する／～を気に留めない	～を克服する／～を気に留めない	0.544
ilv2	21	bet on	～に賭ける	～に賭ける	0.536
ilv2	22	decide on/upon ～	～を決める／～に決める	～を決める／～に決める	0.532
ilv2	23	make progress	進歩する	進歩する	0.532
ilv2	24	shut out	～を遮る／～を締め出す	～を遮る／～を締め出す	0.532
ilv2	25	make an effort/efforts	努力する	努力する	0.528
ilv2	26	map out	～を立てる／～を綿密に計画する	～を立てる／～を綿密に計画する	0.524
ilv2	27	stick around	そこらで待つ／帰らずにいる	そこらで待つ／帰らずにいる	0.524
ilv2	28	stick by	支援し続ける／～を実行する	支援し続ける／～を実行する	0.524
ilv2	29	as far as ～ be concerned	～に関する限り	～に関する限り	0.520
ilv2	30	as/so far as ～ be concerned	～に関する限り	～に関する限り	0.520
ilv2	31	be busy with ～	～で忙しい	～で忙しい	0.520
ilv2	32	be concerned about/for ～	～を心配している	～を心配している	0.520
ilv2	33	be concerned with/in ～	～に関係している	～に関係している	0.520
ilv2	34	make ends meet	やりくりする／帳尻を合わせる	やりくりする／帳尻を合わせる	0.520
ilv2	35	dry up	尽きる／枯渇する	尽きる／枯渇する	0.516
ilv2	36	kick A out (of B)	Aを追い出す	Aを追い出す	0.508
ilv2	37	kick back	リラックスする／休憩する	リラックスする／休憩する	0.508
ilv2	38	kick off	～を始める／始まる	～を始める／始まる	0.508
ilv2	39	kick off A (with B)	Aを開始する	Aを開始する	0.508
ilv2	40	put toward ～	～を提案する	～を提案する	0.508
ilv2	41	shape up	きちんと振る舞う／頑張る	きちんと振る舞う／頑張る	0.508
ilv2	42	to make matters worse	さらに悪いことには	さらに悪いことには	0.508
ilv2	43	bear with	～に我慢して付き合う	～に我慢して付き合う	0.504
ilv2	44	keep one's promise/word	約束を守る	約束を守る	0.504
ilv2	45	keep/bear ～ in mind	～を心に留めておく	～を心に留めておく	0.504
ilv2	46	feed off	～を食料にする／糧にする	～を食料にする／糧にする	0.488
ilv2	47	measure up to	～に達する	～に達する	0.480
ilv2	48	fill in for	～の代理を務める	～の代理を務める	0.476
ilv2	49	lay down	～を設定する／定める	～を設定する／定める	0.476
ilv2	50	wave off	～を拒む／逃げる	～を拒む／逃げる	0.468
ilv2	51	hang around ～	ぶらつく／うろつく	ぶらつく／うろつく	0.460
ilv2	52	hang on (to ～)	手放さない／しがみつく	手放さない／しがみつく	0.460
ilv2	53	hang onto/on (to ～)	手放さない／しがみつく	手放さない／しがみつく	0.460
ilv2	54	blow out	解消される／収まる	解消される／収まる	0.452
ilv2	55	for example/instance	例えば	例えば	0.452
ilv2	56	ask a favor of ～	～にお願いする	～にお願いする	0.451
ilv2	57	ask a favor of ～/ask ～ a favor	～にお願いする	～にお願いする	0.451
ilv2	58	ask ～ a favor	～にお願いをする	～にお願いをする	0.451
ilv2	59	flag down	～を手を挙げて止める	～を手を挙げて止める	0.451
ilv2	60	mess with	～をいじくる／～に手を出す	～をいじくる／～に手を出す	0.449
ilv2	61	the former A, the latter B	前者はA／後者はB	前者はA／後者はB	0.448
ilv2	62	the former ～, the latter ～	前者は～／後者は	前者は～／後者は	0.448
ilv2	63	come into being/existence	出現する／生まれ出る	出現する／生まれ出る	0.447
ilv2	64	be drawn into	～に巻き込まれる	～に巻き込まれる	0.444
ilv2	65	burn off	～を燃やす／消費する	～を燃やす／消費する	0.444
ilv2	66	hardly ～ when/before ～	～するかしないかのうちに…する	～するかしないかのうちに…する	0.444
ilv2	67	A is exposed to B	AがBにさらされている	AがBにさらされている	0.442
ilv2	68	lock A in B	AをBに閉じ込める	AをBに閉じ込める	0.442
ilv2	69	lock in ～	～を固定する／～を閉じ込める	～を固定する／～を閉じ込める	0.442
ilv2	70	take a chance/chances	思い切ってやってみる／賭ける	思い切ってやってみる／賭ける	0.442
ilv2	71	keep one's fingers	祈る	祈る	0.440
ilv2	72	do ～ harm ／do harm to ～	～に害を与える	～に害を与える	0.437
ilv2	73	do ～ harm/do harm to ～	～に害を与える	～に害を与える	0.437
ilv2	74	in contrast (to ～)	対照的に	対照的に	0.435
ilv2	75	acid rain	酸性雨	酸性雨	0.434
ilv2	76	compare A with/to B	AとBを比較する	AとBを比較する／AをBにたとえる	0.434
ilv2	77	pitch in	協力する／援助する	協力する／援助する	0.431
ilv2	78	on behalf of A	Aを代表して／Aに代わって	Aを代表して／Aに代わって	0.430
ilv2	79	on one's behalf	～に代わって／～のために	～に代わって／～のために	0.430
ilv2	80	be convinced of ～	～を確信している	～を確信している	0.428
ilv2	81	～ and so on/forth	～など	～など	0.428
ilv2	82	(un)suitable for ～	～に適した	～に適した	0.425
ilv2	83	be suitable for ～	～に適した	～に適した	0.425
ilv2	84	remind A of B	AにBを思い出させる	AにBを思い出させる	0.424
ilv2	85	settle in	落ち着く／慣れる	落ち着く／慣れる	0.424
ilv2	86	settle up (with ～)	精算する／勘定を支払う	精算する／勘定を支払う	0.424
ilv2	87	spell out	～をはっきりと説明する	～をはっきりと説明する	0.424
ilv2	88	with/in regard to ～	～に関して	～に関して	0.422
ilv2	89	keep one's fingers crossed	祈る	祈る	0.421
ilv2	90	have difficulty (in) doing	～するのが困難である	～するのが困難である／苦労しながら～する	0.419
ilv2	91	shake hands	握手する	握手する	0.419
ilv2	92	chip in ～	出し合う／金を出し合う	出し合う／金を出し合う	0.599
ilv2	93	dare to do	思い切って…する	思い切って…する	0.599
ilv2	94	define A as B	AをBと定義する	AをBと定義する	0.599
ilv2	95	in relation to ～	～と比べて／～に関連して	～と比べて／～に関連して	0.599
ilv2	96	clear one's throat	咳払いする	咳払いする	0.598
ilv2	97	enable O to do	Ｏが...できるようにする	Ｏが...できるようにする	0.598
ilv2	98	stem from	～に由来する	～に由来する	0.415
ilv2	99	be derived from ～	～に由来する	～に由来する	0.413
ilv2	100	be eligible for ～	～の資格がある	～の資格がある	0.597
ilv2	101	be worthy of ～	～に値する	～に値する	0.597
ilv2	102	be worthy to do	するに値する	するに値する	0.597
ilv2	103	drag on	長引く／だらだら続く	長引く／だらだら続く	0.597
ilv2	104	drag out ～	～を長引かせる	～を長引かせる／～をだらだらと長引かせる	0.597
ilv2	105	recover from ～	～から立ち直る	～から立ち直る	0.597
ilv2	106	rely on ～ (for ～)	～に頼る	～に頼る	0.597
ilv2	107	rely on/upon ～	～に頼る	～に頼る	0.413
ilv2	108	tale on ～	～を引き受ける	～を引き受ける	0.413
ilv2	109	at odds with ～	～と争って／食い違っている	～と争って／食い違っている	0.596
ilv2	110	be at odds (with ～)	食い違っている／反目し合っている	食い違っている／反目し合っている	0.412
ilv2	111	be dependent on/upon ～	～に依存している／～に頼っている	～に依存している／～に頼っている	0.596
ilv2	112	be intent on ～	～に没頭している	～に没頭している／～をたくらんでいる	0.412
ilv2	113	be intent on/upon ～	～に懸命である	～に懸命である	0.596
ilv2	114	dependent on ～	～に依存している／～に頼っている	～に依存している／～に頼っている	0.412
ilv2	115	pin down ～	～を突き止める／～を押さえつける	～を突き止める／～を押さえつける	0.596
ilv2	116	slip by	いつの間にか過ぎる	いつの間にか過ぎる	0.596
ilv2	117	slip on	～をざっと着る／～をざっと履く	～をざっと着る／～をざっと履く	0.412
ilv2	118	tune in	ダイヤルを合わせる	ダイヤルを合わせる	0.411
ilv2	119	tune in (to ～)	テレビのチャンネルを合わせる	テレビのチャンネルを合わせる	0.411
ilv2	120	tune up ～	～を調律する／～を整備する	～を調律する／～を整備する	0.594
ilv2	121	rip off	～をはぎ取る／からぼったくる	～をはぎ取る／からぼったくる	0.410
ilv2	122	sooner or later	遅かれ早かれ	遅かれ早かれ	0.592
ilv2	123	relate to	～に共感する／～の気持ちがわかる	～に共感する／～の気持ちがわかる	0.407
ilv2	124	be blessed with ～	～に恵まれている	～に恵まれている	0.589
ilv2	125	brush off	～を拒絶する／はねつける	～を拒絶する／はねつける	0.406
ilv2	126	complain (to A) about B	Bについて不平を言う	Bについて不平を言う	0.589
ilv2	127	complain about/of ～	～を訴える／～について不平を言う	～を訴える／～について不平を言う	0.406
ilv2	128	Beats me.	分からない	分からない	0.588
ilv2	129	be identical to/with ～	～と同じである	～と同じである	0.587
ilv2	130	be vulnerable to ～	～に弱い／～を受けやすい	～に弱い／～を受けやすい	0.587
ilv2	131	dish out	～を配る／与える	～を配る／与える	0.403
ilv2	132	sink in	十分理解される／十分に理解される	十分理解される／十分に理解される	0.587
ilv2	133	You're kidding (me).	冗談でしょうまさか	冗談でしょうまさか	0.585
ilv2	134	be bored with ～	～に退屈している	～に退屈している／～にうんざりしている	0.585
ilv2	135	depend on ～	～次第である／～を頼りにする	～次第である／～を頼りにする	0.402
ilv2	136	depend on/upon ～	～に頼る／～次第である	～に頼る／～次第である	0.585
ilv2	137	wrap up ～	～を終える／～を滞りなく終える	～を終える／～を滞りなく終える	0.585
ilv2	138	be beside oneself (with ～)	我を忘れる／夢中である	我を忘れる／夢中である	0.584
ilv2	139	put (an) emphasis on ～	～に重点を置く	～に重点を置く	0.584
ilv2	140	put emphasis/stress on/upon ～	～を強調する	～を強調する	0.584
ilv2	141	be conscious of ～	～を意識している	～を意識している／～に気づいている	0.583
ilv2	142	be contrary to ～	～に反している	～に反している	0.581
ilv2	143	to the contrary	それと反対の	それと反対の	0.581
ilv2	144	from scratch	最初から	最初から	0.580
ilv2	145	leave nothing to be desired	申し分ない	申し分ない	0.580
ilv2	146	scratch out ～	～を削除する／～を線を引いて消す	～を削除する／～を線を引いて消す	0.580
ilv2	147	shy away (from ～)	避ける	避ける	0.580
ilv2	148	strictly speaking	厳密に言うと	厳密に言うと	0.580
ilv2	149	burst into ～	急に～をしだす／突然～に入る	急に～をしだす／突然～に入る	0.579
ilv2	150	inform A of B	AにBを知らせる	AにBを知らせる	0.579
ilv2	151	pile up	積もる／どんどんたまる	積もる／どんどんたまる	0.578
ilv2	152	be keen on ～	～に熱中している	～に熱中している	0.576
ilv2	153	in pursuit of ～	～を探し求めて／～を得ようとして	～を探し求めて／～を得ようとして	0.575
ilv2	154	be (all) the rage	流行している	流行している	0.574
ilv2	155	in harmony with ～	～と調和して	～と調和して	0.574
ilv2	156	go to the polls	投票に行く	投票に行く	0.572
ilv2	157	be anxious for ～	～を切望している	～を切望している	0.571
ilv2	158	surrender to ～	～に屈する	～に屈する	0.571
ilv2	159	a white elephant	無用の長物	無用の長物	0.570
ilv2	160	the elephant in the room	誰も触れたがらない話題	誰も触れたがらない話題	0.570
ilv2	161	adjust (A) to B	Bに合わせて調節する	Bに合わせて調節する	0.569
ilv2	162	concentrate (A) on B	Bに集中する	Bに集中する	0.569
ilv2	163	assure A of B	AにBを請け合う	AにBを請け合う	0.567
ilv2	164	interact with ～	～と交流する／～と相互作用する	～と交流する／～と相互作用する	0.566
ilv2	165	judging from ～	～から判断すると	～から判断すると	0.566
ilv2	166	on the dot	時間ちょうどに／きっかりに	時間ちょうどに／きっかりに	0.566
ilv2	167	in the meantime	その間に／～とかくするうちに	その間に／～とかくするうちに	0.565
ilv2	168	in the meantime/meanwhile	その間／一方で	その間／一方で	0.565
ilv2	169	joking/kidding aside	冗談はさておき	冗談はさておき	0.565
ilv2	170	transform A into/to B	AをBに変える	AをBに変える	0.565
ilv2	171	be suited to ～	～に適した	～に適した	0.563
ilv2	172	insist on ～	～を主張する／～を言い張る	～を主張する／～を言い張る	0.563
ilv2	173	insist that ～	だと言い張る	だと言い張る	0.563
ilv2	174	at ～'s convenience	～の都合の良いときに	～の都合の良いときに	0.562
ilv2	175	bounce back	回復する／立ち直る	回復する／立ち直る	0.562
ilv2	176	get on one's nerves	～のかんに障る	～のかんに障る	0.562
ilv2	177	look up ～ (in the dictionary)	～を調べる	～を調べる	0.562
ilv2	178	at one's disposal	～の思うままに	～の思うままに	0.560
ilv2	179	have a liking for ～	～を好む	～を好む	0.558
ilv2	180	weigh on ～	～を圧迫する／～にのしかかる	～を圧迫する／～にのしかかる	0.558
ilv2	181	adapt A to B	AをBに適応させる AをBに適合させる	AをBに適応させる AをBに適合させる	0.557
ilv2	182	expose A to B	AをBにさらす	AをBにさらす	0.557
ilv2	183	take pity on ～	～をかわいそうに思って手を貸す	～をかわいそうに思って手を貸す／～に情けをかける	0.557
ilv2	184	in succession	連続して／次々と	連続して／次々と	0.556
ilv2	185	stir up ～	～を引き起こす／～をかき立てる	～を引き起こす／～をかき立てる	0.554
ilv2	186	What do you say to ～ing?	するのはどうか	するのはどうか	0.553
ilv2	187	be busy ～ing	するのに忙しい／忙しい	するのに忙しい／忙しい	0.553
ilv2	188	be in the habit of ～ing	する習慣になっている	する習慣になっている	0.553
ilv2	189	be worth ～ing	する価値がある	する価値がある	0.553
ilv2	190	cannot help ～ing	せずにはいられない	せずにはいられない	0.553
ilv2	191	feel like ～ing	したい気がする	したい気がする	0.553
ilv2	192	forget ～ing	したことを忘れる	したことを忘れる	0.553
ilv2	193	go on ～ing	し続ける	し続ける	0.553
ilv2	194	have a good time (～ing)	楽しい時を過ごす	楽しい時を過ごす	0.553
ilv2	195	have difficulty (in) ～ing	するのに苦労する	するのに苦労する	0.553
ilv2	196	have trouble (in) ～ing	～するのに苦労する	～するのに苦労する	0.553
ilv2	197	in ～ing	する時に	する時に	0.553
ilv2	198	it is no use ～ing	しても無駄だ	しても無駄だ	0.553
ilv2	199	keep on ～ing	し続ける	し続ける	0.553
ilv2	200	keep ～ing	し続ける	し続ける	0.553
ilv2	201	make a point of ～ing	必ず...することにしている	必ず...することにしている	0.553
ilv2	202	make a reservation	予約する	予約する	0.553
ilv2	203	need ～ing	される必要がある	される必要がある	0.553
ilv2	204	never ～ without ～ing	～すれば必ず...する	～すれば必ず...する	0.553
ilv2	205	not ～ing	しないので	しないので	0.553
ilv2	206	of one's own ～ing	～自身で...した	～自身で...した	0.553
ilv2	207	on ～ing	するとすぐに	するとすぐに	0.553
ilv2	208	prevent ～ from ～ing	～が...するのを妨げる	～が...するのを妨げる／～は...できない	0.553
ilv2	209	regret ～ing	したことを後悔する	したことを後悔する	0.553
ilv2	210	see O ～ing	Ｏが...しているのを見る	Ｏが...しているのを見る	0.553
ilv2	211	spend ～ (in) ～ing	～を...して過ごす	～を...して過ごす	0.553
ilv2	212	there is no ～ing	することができない	することができない	0.553
ilv2	213	try ～ing	試しに...してみる	試しに...してみる	0.553
ilv2	214	will be ～ing	しているだろう	しているだろう	0.553
ilv2	215	with a view to ～ing	するために ...する目的で	するために ...する目的で	0.553
ilv2	216	by/in virtue of ～	～のおかげで／～によって	～のおかげで／～によって	0.552
ilv2	217	be prone to ～	～になりやすい	～になりやすい	0.551
ilv2	218	translate A into B	AをBに翻訳する	AをBに翻訳する	0.551
ilv2	219	come to one's senses	正気を取り戻す／意識を取り戻す	正気を取り戻す／意識を取り戻す	0.549
ilv2	220	impose A on/upon B	AをBに課す	AをBに課す	0.549
ilv2	221	at first glance	一見したところ／一目見ただけで	一見したところ／一目見ただけで	0.548
ilv2	222	in all likelihood	十中八九／おおかた	十中八九／おおかた	0.548
ilv2	223	be inclined to do	～する傾向がある	～する傾向がある／～したい気がする	0.543
ilv2	224	be confronted with/by ～	～に直面している	～に直面している	0.539
ilv2	225	see/do the sights (of～)	観光をする	観光をする	0.539
ilv2	226	take pains	骨を折る／努力する	骨を折る／努力する	0.539
ilv2	227	be addicted to ～	～に依存している／～の中毒で	～に依存している／～の中毒で	0.536
ilv2	228	be inferior to ～	～より劣る	～より劣る	0.535
ilv2	229	be reluctant to do	したがらない	したがらない	0.535
ilv2	230	keep/hold one's temper	冷静さを保つ	冷静さを保つ	0.535
ilv2	231	lose one's temper	腹を立てる／カッとなる	腹を立てる／カッとなる	0.535
ilv2	232	of one's own accord	自発的に／自らの自由意思で	自発的に／自らの自由意思で	0.535
ilv2	233	be abundant in ～	～が豊富である	～が豊富である	0.530
ilv2	234	feel obliged to do	せざるを得ないと感じる	せざるを得ないと感じる	0.530
ilv2	235	relieve A of B	AからBを取り除く	AからBを取り除く	0.530
ilv2	236	the pros and cons	賛否両論	賛否両論	0.529
ilv2	237	for a rainy day	まさかの時に備えて	まさかの時に備えて	0.526
ilv2	238	go bankrupt	破産する	破産する	0.525
ilv2	239	owing/due to ～	～のために	～のために	0.525
ilv2	240	be compelled to do	せざるを得ない	せざるを得ない	0.524
ilv2	241	be incapable of ～ing	することができない	することができない	0.524
ilv2	242	vice versa	その逆／逆もまた同様	その逆／逆もまた同様	0.524
ilv2	243	upward(s) of ～	～以上	～以上	0.522
ilv2	244	be unwilling to do	～することに気が進まない	～することに気が進まない／することに気が進まない ...したがらない	0.521
ilv2	245	scoop up ～	～を抱き上げる／～をすくい取る	～を抱き上げる／～をすくい取る	0.520
ilv2	246	be on the verge of ～ing	今にも...しそうである	今にも...しそうである	0.517
ilv2	247	be susceptible to ～	～の影響を受けやすい	～の影響を受けやすい／～に感染しやすい	0.517
ilv2	248	part and parcel	不可分の要素／最重要部分	不可分の要素／最重要部分	0.517
ilv2	249	forbid A from B	AにBを禁止する	AにBを禁止する	0.516
ilv2	250	in earnest	本格的に／熱心に	本格的に／熱心に	0.516
ilv2	251	avail oneself of ～	～を利用する	～を利用する	0.507
ilv2	252	congratulate A on/for B	BのことでAを祝う	BのことでAを祝う	0.507
ilv2	253	be tolerant of ～	～に対して寛大である	～に対して寛大である	0.506
ilv2	254	discourage A from B	AにBを思いとどまらせる	AにBを思いとどまらせる	0.504
ilv2	255	dwell on/upon ～	～を詳しく述べる	～を詳しく述べる／～をくよくよ考える	0.504
ilv2	256	for oneself	独力で	独力で	0.502
ilv2	257	in oneself	それ自体	それ自体	0.502
ilv2	258	to oneself	自分だけに／自分自身に	自分だけに／自分自身に	0.502
ilv2	259	lest S (should) ～	しないように	しないように	0.500
ilv2	260	lest ～ (should) ～	～が…しないように	～が…しないように／～が…するといけないから	0.500
ilv2	261	conform to/with ～	～と一致する／～に従う	～と一致する／～に従う	0.499
ilv2	262	persist in ～	～に固執する／～をやり直す	～に固執する／～をやり直す	0.499
ilv2	263	boast of/about ～	～を自慢する／～を誇らしげに話す	～を自慢する／～を誇らしげに話す	0.497
ilv2	264	derive from ～	～に由来する／～から出ている	～に由来する／～から出ている	0.497
ilv2	265	discriminate against ～	～を差別する	～を差別する	0.497
ilv2	266	on the brink of	今にも～しそうである	今にも～しそうである	0.497
ilv2	267	prohibit A from B	AにBを禁止する	AにBを禁止する	0.497
ilv2	268	put on airs	気取る	気取る	0.497
ilv2	269	correspond to ～	～に一致する／～に相当する	～に一致する／～に相当する	0.495
ilv2	270	in the way of A/in A's way	Aの邪魔になって	Aの邪魔になって	0.494
ilv2	271	to the fullest	十分に／思う存分	十分に／思う存分	0.493
ilv2	272	aspire to ～	～を熱望する	～を熱望する	0.491
ilv2	273	Suffice (it) to say that ～	～と言えば十分である	～と言えば十分である	0.490
ilv2	274	from ～ on/onward(s)	～から以後は	～から以後は	0.490
ilv2	275	weather permitting	天気が許せば	天気が許せば	0.490
ilv2	276	be indifferent to/toward(s) ～	～に無関心である	～に無関心である	0.488
ilv2	277	be devoid of ～	～がない／～を欠いている	～がない／～を欠いている	0.485
ilv2	278	diagnose A as B	AをBと診断する	AをBと診断する	0.484
ilv2	279	embark on/upon ～	～に乗り出す／～を始める	～に乗り出す／～を始める	0.482
ilv2	280	inquire into ～	～を調べる	～を調べる	0.480
ilv2	281	in haste	急いで	急いで	0.479
ilv2	282	make haste	慌てる／急ぐ	慌てる／急ぐ	0.479
ilv2	283	make allowances for ～	～を考慮して大目にみる	～を考慮して大目にみる／～を見込む	0.477
ilv2	284	be indispensable to ～	～にとって不可欠である	～にとって不可欠である	0.475
ilv2	285	make amends for ～	～の償いをする	～の償いをする／～の埋め合わせをする	0.472
ilv2	286	be considerate of/to ～	～に対して思いやりのある	～に対して思いやりのある	0.470
ilv2	287	in retrospect	振り返って	振り返って	0.468
ilv2	288	objectively speaking	客観的に言えば	客観的に言えば	0.467
ilv2	289	specialize in ～	～を専門に扱う／～を専攻する	～を専門に扱う／～を専攻する	0.467
ilv2	290	abound in/with ～	～に富む	～に富む	0.466
ilv2	291	frown at	～に向かってまゆをひそめる	～に向かってまゆをひそめる／～にしかめ面をする	0.464
ilv2	292	be versed in ～	～に精通している	～に精通している	0.459
ilv2	293	pave the way for/to ～	～への準備をする	～への準備をする	0.458
ilv2	294	How come SV?	どうして…か	どうして…か	0.455
ilv2	295	skim over ～	～をざっと見る	～をざっと見る／～にざっと目を通す	0.453
ilv2	296	furnish A with B	AにBを与える／供給する	AにBを与える／供給する	0.449
ilv2	297	go astray	道に迷う／なくなる	道に迷う／なくなる	0.448
ilv2	298	keep abreast of/with ～	～に遅れずついて行く	～に遅れずついて行く	0.425
ilv2	299	inasmuch/in as much as ～	だから	だから	0.414
ilv2	300	ascribe A to B	Aの原因はBだと考える	Aの原因はBだと考える／AをBのせいにする	0.582
ilv2	301	物 of a ～	ちょっとした～／ある程度の～	ちょっとした～／ある程度の～	0.550
ilv3	1	tropical rain forest	熱帯雨林	熱帯雨林	0.399
ilv3	2	contrary to ～	～に反して	～に反して	0.398
ilv3	3	hammer out	～を考え出す	～を考え出す	0.397
ilv3	4	inform A of/about B	AにBを知らせる	AにBを知らせる	0.395
ilv3	5	pile in	どやどやと中に入る	どやどやと中に入る	0.394
ilv3	6	be obsessed with ～	～に取りつかれている	～に取りつかれている	0.386
ilv3	7	concentrate on ～	～に集中する	～に集中する	0.385
ilv3	8	global warming	地球温暖化	地球温暖化	0.383
ilv3	9	judging from/by ～	～から判断すると	～から判断すると	0.383
ilv3	10	stack up	渋滞する／増え続ける	渋滞する／増え続ける	0.383
ilv3	11	transform A into B	AをBへと変化させる／変形させる	AをBへと変化させる／変形させる	0.381
ilv3	12	insist on/upon ～	～を主張する	～を主張する	0.380
ilv3	13	get on ～'s nerves	～の神経にさわる	～の神経にさわる	0.379
ilv3	14	whip up	～をかき立てる／～を舞い上げる	～をかき立てる／～を舞い上げる	0.377
ilv3	15	at ～'s disposal	～の自由になって	～の自由になって	0.376
ilv3	16	take/have pity on ～	～に同情する	～に同情する	0.374
ilv3	17	rub in	～を繰り返し言う／～をすり込む	～を繰り返し言う／～をすり込む	0.372
ilv3	18	stir in ～	～を入れてかき混ぜる	～を入れてかき混ぜる	0.371
ilv3	19	come close to ～ing	しそうになる	しそうになる／もう少しで...するところだ	0.370
ilv3	20	cough up	～をしぶしぶ出す	～をしぶしぶ出す	0.370
ilv3	21	impose A on B	AをBに課す／押し付ける	AをBに課す／押し付ける	0.366
ilv3	22	opt for	～を選択する	～を選択する	0.363
ilv3	23	rack up	～を得る／積み重ねる	～を得る／積み重ねる	0.363
ilv3	24	be liable to do	しやすい傾向にある ...する義務がある	しやすい傾向にある ...する義務がある	0.362
ilv3	25	be liable to do/to ～	しがちである／～にかかりやすい	しがちである／～にかかりやすい	0.362
ilv3	26	be confronted with ～	～に直面している	～に直面している	0.356
ilv3	27	carbon dioxide	二酸化炭素	二酸化炭素	0.352
ilv3	28	of one's own accord/free will	自分の意志で／自発的に	自分の意志で／自発的に	0.352
ilv3	29	be destined to do ～	～する運命である	～する運命である	0.349
ilv3	30	greenhouse effect	温室効果	温室効果	0.348
ilv3	31	nod off	うとうとする／居眠りする	うとうとする／居眠りする	0.343
ilv3	32	wander off	はぐれる／外れる	はぐれる／外れる	0.334
ilv3	33	shove aside	～を脇に押しやる／無視する	～を脇に押しやる／無視する	0.332
ilv3	34	shove off	離れる／出ていく	離れる／出ていく	0.332
ilv3	35	refrain from doing ～	～するのを控える	～するのを控える／～するのをやめる	0.329
ilv3	36	be wary of ～	～に用心深い	～に用心深い	0.321
ilv3	37	dwell on ～	～のことをくよくよ考える／話す	～のことをくよくよ考える／話す	0.321
ilv3	38	contend with	～に取り組む／～に対処する	～に取り組む／～に対処する	0.320
ilv3	39	tuck away	～をしまい込む／隠れている	～をしまい込む／隠れている	0.318
ilv3	40	tuck in	～を心地よくくるむ	～を心地よくくるむ	0.318
ilv3	41	tidy up ～	～を片付ける／～を整理する	～を片付ける／～を整理する	0.316
ilv3	42	boast about ～	～を自慢する／～を誇る	～を自慢する／～を誇る	0.313
ilv3	43	tighten up	～を強化する／厳しくする	～を強化する／厳しくする	0.313
ilv3	44	to the full/fullest	心ゆくまで／十分に	心ゆくまで／十分に	0.309
ilv3	45	wrestle with	～に取り組む	～に取り組む	0.309
ilv3	46	aspire to do ～	～することを熱望する	～することを熱望する	0.308
ilv3	47	be indifferent toward ～	～に無関心である	～に無関心である	0.304
ilv3	48	ozone layer	オゾン層	オゾン層	0.302
ilv3	49	stumble on	～に偶然出くわす	～に偶然出くわす	0.302
ilv3	50	embark on ～	～に乗り出す／～に着手する	～に乗り出す／～に着手する	0.299
ilv3	51	vending machine	自動販売機	自動販売機	0.295
ilv3	52	over the hump	難局を脱して／峠を越して	難局を脱して／峠を越して	0.294
ilv3	53	be indispensable to/for ～	～にとって不可欠である	～にとって不可欠である	0.291
ilv3	54	straighten out	～を収拾する／解決する	～を収拾する／解決する	0.282
ilv3	55	frown on ～	～に難色を示す	～に難色を示す／～に不賛成の意を表す	0.281
ilv3	56	be content/contented with ～	～に満足している	～に満足している	0.242
ilv3	57	doze off	うたた寝する	うたた寝する	0.201
ilv3	58	liken A to B	AをBにたとえる	AをBにたとえる	0.376
ilv3	59	endear A to B	AをBに慕わせる	AをBに慕わせる／AをBに好かれるようにする	0.367
ilv3	60	at one's wit's end	途方に暮れて／ほとほと困っている	途方に暮れて／ほとほと困っている	0.367
